代號,名稱,月份,預估營收（百萬）,mom,yoy,new_industry_name
1101,台泥,2023/02,7306.07,-0.0026,0.3391,M1100 水泥工業
1102,亞泥,2023/02,6241.24,0.2963,0.522,M1100 水泥工業
1103,嘉泥,2023/02,211.05,0.1037,0.5743,M1100 水泥工業
1104,環泥,2023/02,591.52,0.1728,0.6981,M1100 水泥工業
1108,幸福,2023/02,361.75,0.2267,0.7174,M1100 水泥工業
1109,信大,2023/02,410.95,0.379,1.2624,M1100 水泥工業
1110,東泥,2023/02,174.12,0.2629,0.7879,M1100 水泥工業
1201,味全,2023/02,1489.92,-0.0601,0.1533,M1200 食品工業
1203,味王,2023/02,515.62,0.0,0.1365,M1200 食品工業
1210,大成,2023/02,8240.33,-0.1034,0.0963,M1200 食品工業
1213,大飲,2023/02,30.74,-0.1012,0.2537,M1200 食品工業
1215,卜蜂,2023/02,2263.47,-0.0448,0.1047,M1200 食品工業
1216,統一,2023/02,40664.83,-0.1144,0.1921,M1200 食品工業
1217,愛之味,2023/02,308.66,-0.3109,-0.0135,M1200 食品工業
1218,泰山,2023/02,834.86,-0.1426,0.1214,M1200 食品工業
1219,福壽,2023/02,1293.81,-0.0306,0.1443,M1200 食品工業
1220,台榮,2023/02,178.57,-0.4037,-0.1406,M1200 食品工業
1225,福懋油,2023/02,1326.12,-0.0833,0.4189,M1200 食品工業
1227,佳格,2023/02,1413.14,-0.4315,0.0776,M1200 食品工業
1229,聯華,2023/02,812.32,-0.0018,0.2622,M1200 食品工業
1231,聯華食,2023/02,740.03,-0.419,0.0727,M1200 食品工業
1232,大統益,2023/02,2067.5,-0.1832,0.4093,M1200 食品工業
1233,天仁,2023/02,153.52,-0.2068,0.1648,M1200 食品工業
1234,黑松,2023/02,795.91,-0.0703,0.7093,M1200 食品工業
1235,興泰,2023/02,1.71,-0.3049,1.5147,M1200 食品工業
1236,宏亞,2023/02,110.19,-0.6557,0.1361,M1200 食品工業
1240,茂生農經,2023/02,239.18,-0.0303,0.1299,M3300 農業科技
1256,鮮活果汁-KY,2023/02,274.91,0.5429,0.5801,M1200 食品工業
1258,其祥-KY,2023/02,229.87,-0.148,0.3527,M1200 食品工業
1259,安心,2023/02,436.18,-0.0778,0.0527,M2700 觀光事業
1264,德麥,2023/02,383.64,-0.0902,0.4279,M1200 食品工業
1268,漢來美食,2023/02,364.64,-0.3733,0.168,M2700 觀光事業
1301,台塑,2023/02,17688.19,0.2277,-0.141,M1300 塑膠工業
1303,南亞,2023/02,21842.84,0.0765,-0.2676,M1300 塑膠工業
1304,台聚,2023/02,4507.16,0.1464,-0.1448,M1300 塑膠工業
1305,華夏,2023/02,1338.69,0.0477,-0.1483,M1300 塑膠工業
1307,三芳,2023/02,959.54,0.2146,0.2639,M1300 塑膠工業
1308,亞聚,2023/02,566.12,0.247,-0.1533,M1300 塑膠工業
1309,台達化,2023/02,1201.3,0.2189,-0.1513,M1300 塑膠工業
1310,台苯,2023/02,569.24,-0.4087,-0.4923,M1300 塑膠工業
1312,國喬,2023/02,1320.96,0.0475,0.1117,M1300 塑膠工業
1313,聯成,2023/02,5836.56,0.6205,0.1922,M1300 塑膠工業
1314,中石化,2023/02,1671.64,0.4643,-0.2513,M1300 塑膠工業
1315,達新,2023/02,117.99,-0.5114,-0.1222,M1300 塑膠工業
1316,上曜,2023/02,205.68,3.3356,1.2699,M2500 建材營造
1319,東陽,2023/02,1931.21,0.289,0.3894,M2200 汽車工業
1321,大洋,2023/02,441.56,-0.0558,-0.1179,M1300 塑膠工業
1323,永裕,2023/02,244.56,0.0064,-0.0452,M1300 塑膠工業
1324,地球,2023/02,76.81,-0.0596,0.122,M1300 塑膠工業
1325,恒大,2023/02,33.3,-0.0507,-0.17,M1300 塑膠工業
1326,台化,2023/02,28017.46,0.0954,-0.0244,M1300 塑膠工業
1336,台翰,2023/02,197.33,0.1355,0.3486,M2328 電子零組件
1337,再生-KY,2023/02,51.36,-0.3052,0.0788,M1300 塑膠工業
1338,廣華-KY,2023/02,483.3,0.0394,-0.1557,M2200 汽車工業
1339,昭輝,2023/02,172.41,0.1176,0.4144,M2200 汽車工業
1340,勝悅-KY,2023/02,44.01,-0.155,-0.0403,M1300 塑膠工業
1341,富林-KY,2023/02,206.28,-0.1858,0.1284,M1300 塑膠工業
1342,八貫,2023/02,148.75,-0.3966,-0.2062,M9900 其他
1402,遠東新,2023/02,19701.85,0.0405,0.0135,M1400 紡織纖維
1409,新纖,2023/02,3143.43,0.0486,-0.1442,M1400 紡織纖維
1410,南染,2023/02,20.35,0.2289,-0.2057,M1400 紡織纖維
1413,宏洲,2023/02,159.37,-0.251,-0.3939,M1400 紡織纖維
1414,東和,2023/02,48.82,0.3873,-0.2637,M1400 紡織纖維
1416,廣豐,2023/02,19.23,0.0502,0.0537,M9900 其他
1417,嘉裕,2023/02,159.98,0.4202,0.3071,M1400 紡織纖維
1418,東華,2023/02,3.37,-0.0639,13.0417,M1400 紡織纖維
1419,新紡,2023/02,256.96,-0.0281,0.32,M1400 紡織纖維
1423,利華,2023/02,8.36,-0.3812,-0.3247,M1400 紡織纖維
1432,大魯閣,2023/02,94.61,-0.0919,-0.0045,M2900 貿易百貨
1434,福懋,2023/02,2460.97,-0.0019,-0.0781,M1400 紡織纖維
1435,中福,2023/02,0.73,-0.0135,-0.3967,M9900 其他
1436,華友聯,2023/02,2.88,1.0571,-0.3175,M2500 建材營造
1437,勤益控,2023/02,60.98,0.1816,0.0221,M9900 其他
1438,三地開發,2023/02,150.18,0.4234,3753.5,M2500 建材營造
1440,南紡,2023/02,2006.31,0.1036,0.0312,M1400 紡織纖維
1441,大東,2023/02,106.81,-0.2247,0.1102,M1400 紡織纖維
1442,名軒,2023/02,158.47,-0.8852,3.6188,M2500 建材營造
1444,力麗,2023/02,691.15,-0.0303,-0.1497,M1400 紡織纖維
1445,大宇,2023/02,120.81,0.0532,0.3444,M1400 紡織纖維
1446,宏和,2023/02,9.17,0.194,0.4509,M1400 紡織纖維
1447,力鵬,2023/02,2132.59,-0.343,0.176,M1400 紡織纖維
1449,佳和,2023/02,208.01,0.4673,0.4273,M1400 紡織纖維
1451,年興,2023/02,399.57,-0.0652,-0.3776,M1400 紡織纖維
1452,宏益,2023/02,84.18,0.2318,-0.4273,M1400 紡織纖維
1453,大將,2023/02,0.06,0.0,-0.9992,M2500 建材營造
1454,台富,2023/02,112.57,0.1319,-0.0656,M1400 紡織纖維
1455,集盛,2023/02,581.92,0.3293,-0.2431,M1400 紡織纖維
1456,怡華,2023/02,32.68,0.3188,0.0368,M2500 建材營造
1457,宜進,2023/02,258.24,-0.1374,-0.3022,M1400 紡織纖維
1459,聯發,2023/02,107.22,-0.1912,-0.3954,M1400 紡織纖維
1460,宏遠,2023/02,644.7,0.05,-0.2024,M1400 紡織纖維
1463,強盛,2023/02,32.33,0.3432,-0.1241,M1400 紡織纖維
1464,得力,2023/02,913.44,0.2395,0.0629,M1400 紡織纖維
1465,偉全,2023/02,51.75,-0.1381,0.6917,M1400 紡織纖維
1466,聚隆,2023/02,165.73,0.2525,-0.2158,M1400 紡織纖維
1467,南緯,2023/02,362.47,-0.0082,-0.2646,M1400 紡織纖維
1468,昶和,2023/02,74.18,-0.375,-0.1106,M1400 紡織纖維
1470,大統新創,2023/02,87.01,0.5007,0.1224,M1400 紡織纖維
1471,首利,2023/02,15.69,0.1904,0.2766,M2328 電子零組件
1473,台南,2023/02,509.24,-0.0667,-0.3277,M1400 紡織纖維
1474,弘裕,2023/02,237.08,0.6329,0.0053,M1400 紡織纖維
1475,業旺,2023/02,111.25,0.0838,0.4665,M1400 紡織纖維
1476,儒鴻,2023/02,2000.86,-0.049,-0.2782,M1400 紡織纖維
1477,聚陽,2023/02,2653.73,0.1115,0.0376,M1400 紡織纖維
1503,士電,2023/02,2629.4,-0.1675,0.3036,M1500 電機機械
1504,東元,2023/02,4601.35,0.0173,0.1419,M1500 電機機械
1506,正道,2023/02,86.58,-0.0666,0.0217,M1500 電機機械
1512,瑞利,2023/02,98.89,-0.2687,1.5833,M2200 汽車工業
1513,中興電,2023/02,1982.4,0.1163,0.3814,M1500 電機機械
1514,亞力,2023/02,595.19,0.1295,0.2533,M1500 電機機械
1515,力山,2023/02,146.64,-0.587,-0.6292,M1500 電機機械
1516,川飛,2023/02,184.44,-0.1616,0.2319,M9900 其他
1517,利奇,2023/02,216.17,0.3336,-0.2794,M1500 電機機械
1519,華城,2023/02,306.96,0.6681,-0.4154,M1500 電機機械
1521,大億,2023/02,381.3,-0.0078,0.088,M2200 汽車工業
1522,堤維西,2023/02,1498.87,-0.0553,0.094,M2200 汽車工業
1524,耿鼎,2023/02,201.28,0.3768,0.7373,M2200 汽車工業
1525,江申,2023/02,141.81,0.0844,0.4676,M2200 汽車工業
1526,日馳,2023/02,118.06,0.0572,-0.1288,M1500 電機機械
1527,鑽全,2023/02,220.87,-0.1918,-0.1614,M1500 電機機械
1528,恩德,2023/02,242.84,-0.1418,0.2184,M1500 電機機械
1530,亞崴,2023/02,148.1,-0.3319,-0.207,M1500 電機機械
1531,高林股,2023/02,126.97,-0.2387,-0.2947,M1500 電機機械
1532,勤美,2023/02,957.22,0.1792,-0.2106,M1500 電機機械
1533,車王電,2023/02,248.63,-0.0915,0.1796,M2200 汽車工業
1535,中宇,2023/02,627.49,-0.0103,0.0315,M1500 電機機械
1536,和大,2023/02,578.13,-0.0598,0.329,M2200 汽車工業
1537,廣隆,2023/02,362.04,-0.261,-0.0864,M1500 電機機械
1538,正峰,2023/02,17.26,0.105,0.2987,M1500 電機機械
1539,巨庭,2023/02,51.68,-0.3263,-0.7648,M1500 電機機械
1540,喬福,2023/02,20.81,-0.6888,0.2893,M1500 電機機械
1541,錩泰,2023/02,152.0,-0.2305,-0.6028,M1500 電機機械
1558,伸興,2023/02,490.38,-0.1142,0.1334,M1500 電機機械
1560,中砂,2023/02,516.4,0.0978,-0.0269,M1500 電機機械
1565,精華,2023/02,397.18,0.1902,0.0788,M1722 生技醫療
1568,倉佑,2023/02,101.47,-0.1752,-0.2747,M2200 汽車工業
1569,濱川,2023/02,249.7,-0.299,-0.3929,M2325 電腦及週邊
1570,力肯,2023/02,48.44,0.8981,0.5456,M1500 電機機械
1580,新麥,2023/02,261.66,-0.2788,0.2104,M1500 電機機械
1582,信錦,2023/02,584.0,0.1039,-0.2069,M2328 電子零組件
1583,程泰,2023/02,323.5,-0.3766,-0.1403,M1500 電機機械
1584,精剛,2023/02,253.22,0.7075,2.1637,M9900 其他
1586,和勤,2023/02,153.69,-0.2546,-0.1898,M1500 電機機械
1587,吉茂,2023/02,179.27,-0.0117,0.0557,M2200 汽車工業
1589,永冠-KY,2023/02,699.23,-0.2667,0.5176,M1500 電機機械
1590,亞德客-KY,2023/02,2368.56,0.6248,0.3784,M1500 電機機械
1591,駿吉-KY,2023/02,5.74,0.007,-0.9117,M1500 電機機械
1593,祺驊,2023/02,67.76,-0.4531,0.2172,M1722 生技醫療
1595,川寶,2023/02,122.08,0.1081,-0.2319,M2328 電子零組件
1597,直得,2023/02,99.78,-0.0406,-0.1537,M1500 電機機械
1598,岱宇,2023/02,773.51,0.0406,0.0865,M1722 生技醫療
1599,宏佳騰,2023/02,166.21,1.4867,-0.1482,M1500 電機機械
1603,華電,2023/02,307.45,0.2183,1.1034,M1600 電器電纜
1604,聲寶,2023/02,635.16,-0.021,0.0035,M1600 電器電纜
1605,華新,2023/02,17872.16,0.1787,0.3718,M1600 電器電纜
1608,華榮,2023/02,730.69,-0.0767,-0.186,M1600 電器電纜
1609,大亞,2023/02,2036.45,0.1831,0.1314,M1600 電器電纜
1611,中電,2023/02,99.4,-0.0534,-0.0208,M1600 電器電纜
1612,宏泰,2023/02,415.69,-0.043,-0.1234,M1600 電器電纜
1614,三洋電,2023/02,447.14,-0.099,-0.0299,M1600 電器電纜
1615,大山,2023/02,294.22,0.419,0.3488,M1600 電器電纜
1616,億泰,2023/02,280.61,0.0672,0.1167,M1600 電器電纜
1617,榮星,2023/02,261.3,0.7218,0.0288,M1600 電器電纜
1618,合機,2023/02,220.22,0.45,0.5833,M1600 電器電纜
1626,艾美特-KY,2023/02,493.93,0.1502,0.5651,M1600 電器電纜
1701,中化,2023/02,645.12,-0.1239,0.215,M1722 生技醫療
1702,南僑,2023/02,1643.89,-0.0008,0.2987,M1200 食品工業
1707,葡萄王,2023/02,610.07,-0.4504,0.2613,M1722 生技醫療
1708,東鹼,2023/02,525.02,0.2064,-0.2293,M1721 化學工業
1709,和益,2023/02,695.86,-0.0588,-0.1045,M1721 化學工業
1710,東聯,2023/02,1900.47,0.2306,-0.1865,M1721 化學工業
1711,永光,2023/02,661.75,0.1979,0.0282,M1721 化學工業
1712,興農,2023/02,1526.68,-0.1875,-0.0153,M1721 化學工業
1713,國化,2023/02,54.36,1.0669,0.0726,M1721 化學工業
1714,和桐,2023/02,1589.42,0.0046,0.0659,M1721 化學工業
1717,長興,2023/02,3292.78,-0.082,0.0054,M1721 化學工業
1718,中纖,2023/02,3131.99,0.1507,0.3643,M1721 化學工業
1720,生達,2023/02,454.88,-0.1295,0.4094,M1722 生技醫療
1721,三晃,2023/02,182.93,0.0983,0.0395,M1721 化學工業
1722,台肥,2023/02,1078.96,-0.0702,-0.0255,M1721 化學工業
1723,中碳,2023/02,839.79,0.1496,0.2791,M1721 化學工業
1725,元禎,2023/02,613.63,0.1423,-0.0987,M1721 化學工業
1726,永記,2023/02,818.07,-0.1273,0.3451,M1721 化學工業
1727,中華化,2023/02,147.73,0.1032,-0.224,M1721 化學工業
1730,花仙子,2023/02,183.95,-0.4009,0.1399,M1721 化學工業
1731,美吾華,2023/02,90.68,-0.241,0.0498,M1722 生技醫療
1732,毛寶,2023/02,43.24,-0.0478,0.0714,M1721 化學工業
1733,五鼎,2023/02,135.34,-0.1521,-0.271,M1722 生技醫療
1734,杏輝,2023/02,212.31,-0.0715,0.2733,M1722 生技醫療
1735,日勝化,2023/02,188.06,0.4667,-0.1734,M1721 化學工業
1736,喬山,2023/02,2087.74,-0.557,-0.1212,M1722 生技醫療
1737,臺鹽,2023/02,250.51,-0.2179,0.1789,M1200 食品工業
1742,台蠟,2023/02,31.79,0.5328,0.18,M1721 化學工業
1752,南光,2023/02,166.39,0.0083,0.8008,M1722 生技醫療
1760,寶齡富錦,2023/02,198.13,0.5191,0.0177,M1722 生技醫療
1762,中化生,2023/02,285.65,0.9282,1.4415,M1722 生技醫療
1773,勝一,2023/02,851.28,0.1525,-0.0441,M1721 化學工業
1776,展宇,2023/02,101.5,-0.0419,-0.1592,M1721 化學工業
1777,生泰,2023/02,82.32,-0.1735,0.2923,M1722 生技醫療
1781,合世,2023/02,32.23,-0.4856,0.0235,M1722 生技醫療
1783,和康生,2023/02,42.16,-0.0252,0.0346,M1722 生技醫療
1784,訊聯,2023/02,76.06,0.1068,0.1849,M1722 生技醫療
1785,光洋科,2023/02,1487.52,-0.044,-0.1974,M2331 其他電子業
1786,科妍,2023/02,24.27,-0.6246,0.0398,M1722 生技醫療
1788,杏昌,2023/02,284.63,-0.1704,0.2013,M1722 生技醫療
1789,神隆,2023/02,184.67,-0.6122,-0.0402,M1722 生技醫療
1795,美時,2023/02,1085.92,-0.4591,0.0554,M1722 生技醫療
1796,金穎生技,2023/02,63.55,0.1519,0.5975,M1200 食品工業
1799,易威,2023/02,10.48,-0.1851,0.3699,M1722 生技醫療
1802,台玻,2023/02,3073.74,-0.2104,-0.2182,M1800 玻璃陶瓷
1805,寶徠,2023/02,0.44,-0.3714,-0.9908,M2500 建材營造
1806,冠軍,2023/02,196.73,0.2549,0.2467,M1800 玻璃陶瓷
1808,潤隆,2023/02,514.57,0.5013,4.5865,M2500 建材營造
1809,中釉,2023/02,178.12,-0.0793,0.3517,M1800 玻璃陶瓷
1810,和成,2023/02,405.55,0.4411,-0.051,M1800 玻璃陶瓷
1813,寶利徠,2023/02,31.89,0.3841,0.207,M1722 生技醫療
1815,富喬,2023/02,303.24,-0.0225,-0.1527,M2328 電子零組件
1817,凱撒衛,2023/02,130.74,-0.5041,0.409,M1800 玻璃陶瓷
1903,士紙,2023/02,13.02,-0.0211,-0.064,M1900 造紙工業
1904,正隆,2023/02,3532.12,-0.0076,0.0752,M1900 造紙工業
1905,華紙,2023/02,1904.78,0.3317,0.2251,M1900 造紙工業
1906,寶隆,2023/02,312.57,0.8518,0.0212,M1900 造紙工業
1907,永豐餘,2023/02,5860.47,0.2256,0.0924,M1900 造紙工業
1909,榮成,2023/02,3720.61,0.2871,0.0717,M1900 造紙工業
2002,中鋼,2023/02,31254.51,0.0091,-0.0676,M2000 鋼鐵工業
2006,東和鋼鐵,2023/02,4508.31,0.2712,0.1063,M2000 鋼鐵工業
2007,燁興,2023/02,457.38,0.0684,-0.1567,M2000 鋼鐵工業
2008,高興昌,2023/02,162.43,0.1187,-0.0519,M2000 鋼鐵工業
2009,第一銅,2023/02,199.42,0.2136,-0.0872,M2000 鋼鐵工業
2010,春源,2023/02,1606.58,0.3081,-0.1173,M2000 鋼鐵工業
2012,春雨,2023/02,674.58,0.1407,-0.1586,M2000 鋼鐵工業
2013,中鋼構,2023/02,1218.23,-0.366,-0.0094,M2000 鋼鐵工業
2014,中鴻,2023/02,3212.57,0.3142,-0.147,M2000 鋼鐵工業
2015,豐興,2023/02,2874.78,0.3634,0.0831,M2000 鋼鐵工業
2017,官田鋼,2023/02,194.96,-0.093,-0.239,M2000 鋼鐵工業
2020,美亞,2023/02,660.57,0.5421,0.5174,M2000 鋼鐵工業
2022,聚亨,2023/02,664.81,0.4566,-0.1253,M2000 鋼鐵工業
2023,燁輝,2023/02,5370.44,0.017,-0.2955,M2000 鋼鐵工業
2024,志聯,2023/02,83.74,0.5124,-0.1179,M2000 鋼鐵工業
2025,千興,2023/02,102.53,3.6478,-0.2323,M2000 鋼鐵工業
2027,大成鋼,2023/02,8925.02,0.2328,-0.0078,M2000 鋼鐵工業
2028,威致,2023/02,999.2,-0.3091,0.0834,M2000 鋼鐵工業
2029,盛餘,2023/02,947.38,0.2265,-0.2101,M2000 鋼鐵工業
2030,彰源,2023/02,1150.09,0.3636,0.0185,M2000 鋼鐵工業
2031,新光鋼,2023/02,1179.5,0.4453,-0.0717,M2000 鋼鐵工業
2032,新鋼,2023/02,254.85,0.2105,-0.1237,M2000 鋼鐵工業
2033,佳大,2023/02,53.26,-0.1748,0.071,M2000 鋼鐵工業
2034,允強,2023/02,1237.27,0.1077,0.0209,M2000 鋼鐵工業
2035,唐榮,2023/02,1215.68,0.2779,0.0231,M2000 鋼鐵工業
2038,海光,2023/02,818.34,0.5596,0.1024,M2000 鋼鐵工業
2049,上銀,2023/02,2006.2,0.3861,-0.1824,M1500 電機機械
2059,川湖,2023/02,301.53,-0.2441,-0.3417,M2328 電子零組件
2061,風青,2023/02,71.62,-0.2354,0.1977,M1600 電器電纜
2062,橋椿,2023/02,541.93,0.6355,-0.0419,M9900 其他
2063,世鎧,2023/02,95.29,-0.0678,0.2393,M2000 鋼鐵工業
2064,晉椿,2023/02,116.41,0.1087,-0.2397,M2000 鋼鐵工業
2065,世豐,2023/02,222.39,0.1155,0.2302,M2000 鋼鐵工業
2066,世德,2023/02,230.97,0.005,0.1119,M1500 電機機械
2067,嘉鋼,2023/02,101.41,0.4165,0.4421,M1500 電機機械
2069,運錩,2023/02,947.46,-0.0049,-0.1969,M2000 鋼鐵工業
2070,精湛,2023/02,33.98,-0.3054,0.1464,M1500 電機機械
2101,南港,2023/02,582.16,0.2314,0.1111,M2100 橡膠工業
2102,泰豐,2023/02,89.97,-0.0593,-0.1214,M2100 橡膠工業
2103,台橡,2023/02,2656.54,0.035,0.019,M2100 橡膠工業
2104,國際中橡,2023/02,1597.09,0.0506,0.0336,M2100 橡膠工業
2105,正新,2023/02,8050.52,0.0845,0.1574,M2100 橡膠工業
2106,建大,2023/02,2649.26,0.1345,-0.023,M2100 橡膠工業
2107,厚生,2023/02,102.8,-0.2839,-0.634,M2100 橡膠工業
2108,南帝,2023/02,856.1,0.4263,-0.1498,M2100 橡膠工業
2109,華豐,2023/02,338.7,0.0678,-0.2537,M2100 橡膠工業
2114,鑫永銓,2023/02,121.94,-0.1292,0.0761,M2100 橡膠工業
2115,六暉-KY,2023/02,228.09,0.5664,0.168,M2200 汽車工業
2201,裕隆,2023/02,5674.96,-0.1404,0.1297,M2200 汽車工業
2204,中華,2023/02,2852.44,-0.0063,0.4885,M2200 汽車工業
2206,三陽工業,2023/02,4948.1,0.0992,0.7539,M2200 汽車工業
2207,和泰車,2023/02,21754.36,0.1859,0.3073,M2200 汽車工業
2208,台船,2023/02,1543.37,-0.3392,-0.0385,M2600 航運業
2211,長榮鋼,2023/02,853.55,0.677,-0.0752,M2000 鋼鐵工業
2221,大甲,2023/02,106.95,0.0876,-0.0105,M9900 其他
2227,裕日車,2023/02,2159.21,-0.1226,0.2302,M2200 汽車工業
2228,劍麟,2023/02,341.81,-0.0378,0.1958,M2200 汽車工業
2230,泰茂,2023/02,46.76,-0.0359,0.167,M1500 電機機械
2231,為升,2023/02,430.5,0.3374,0.5628,M2200 汽車工業
2233,宇隆,2023/02,236.44,0.0338,-0.0969,M2200 汽車工業
2235,謚源,2023/02,31.64,-0.3769,-0.2139,M1500 電機機械
2236,百達-KY,2023/02,116.93,-0.0789,0.1554,M2200 汽車工業
2239,英利-KY,2023/02,1223.16,-0.3655,-0.1149,M2200 汽車工業
2241,艾姆勒,2023/02,57.86,0.1379,-0.2538,M2200 汽車工業
2243,宏旭-KY,2023/02,16.37,-0.92,3.2519,M2200 汽車工業
2247,汎德永業,2023/02,3014.14,-0.3176,0.9132,M2200 汽車工業
2250,IKKA-KY,2023/02,238.95,0.0578,0.015,M2200 汽車工業
2301,光寶科,2023/02,10811.25,0.0124,-0.0672,M2325 電腦及週邊
2302,麗正,2023/02,55.71,0.1402,0.3127,M2324 半導體
2303,聯電,2023/02,16931.08,-0.1357,-0.1864,M2324 半導體
2305,全友,2023/02,41.33,0.8752,0.3079,M2325 電腦及週邊
2308,台達電,2023/02,29116.66,-0.1541,0.1365,M2328 電子零組件
2312,金寶,2023/02,13203.29,-0.1425,-0.04,M2331 其他電子業
2313,華通,2023/02,4001.68,-0.1847,-0.2092,M2328 電子零組件
2314,台揚,2023/02,433.73,-0.0325,0.5488,M2327 通信網路業
2316,楠梓電,2023/02,260.15,0.0025,-0.3047,M2328 電子零組件
2317,鴻海,2023/02,402035.37,-0.3912,-0.1165,M2331 其他電子業
2321,東訊,2023/02,59.21,0.0278,-0.2502,M2327 通信網路業
2323,中環,2023/02,534.61,-0.0552,-0.1512,M2326 光電業
2324,仁寶,2023/02,66983.4,-0.1765,-0.1875,M2325 電腦及週邊
2327,國巨,2023/02,8588.05,-0.0458,-0.0713,M2328 電子零組件
2328,廣宇,2023/02,2066.89,0.0705,0.2849,M2328 電子零組件
2329,華泰,2023/02,1031.83,0.0569,-0.071,M2324 半導體
2330,台積電,2023/02,163174.1,-0.1843,0.1105,M2324 半導體
2331,精英,2023/02,1294.68,-0.1609,-0.3155,M2325 電腦及週邊
2332,友訊,2023/02,1319.9,-0.0802,0.0302,M2327 通信網路業
2337,旺宏,2023/02,2068.62,-0.0647,-0.4291,M2324 半導體
2338,光罩,2023/02,545.0,0.1613,0.0006,M2324 半導體
2342,茂矽,2023/02,126.55,-0.0601,-0.2681,M2324 半導體
2344,華邦電,2023/02,5746.02,-0.113,-0.3323,M2324 半導體
2345,智邦,2023/02,6111.79,-0.0252,0.6425,M2327 通信網路業
2347,聯強,2023/02,26084.15,-0.0713,-0.021,M2329 電子通路業
2348,海悅,2023/02,201.71,0.4845,-0.401,M9900 其他
2349,錸德,2023/02,590.4,0.056,0.2987,M2326 光電業
2351,順德,2023/02,862.25,-0.0741,0.0371,M2324 半導體
2352,佳世達,2023/02,15735.89,-0.0036,-0.1194,M2325 電腦及週邊
2353,宏碁,2023/02,14678.09,0.0767,-0.3592,M2325 電腦及週邊
2354,鴻準,2023/02,6354.81,-0.3107,0.1129,M2331 其他電子業
2355,敬鵬,2023/02,1212.2,-0.1129,-0.0392,M2328 電子零組件
2356,英業達,2023/02,35837.6,-0.1113,0.0071,M2325 電腦及週邊
2357,華碩,2023/02,34853.83,-0.1502,-0.1337,M2325 電腦及週邊
2358,廷鑫,2023/02,83.89,-0.0181,-0.24,M9900 其他
2359,所羅門,2023/02,250.56,-0.0265,-0.4755,M2331 其他電子業
2360,致茂,2023/02,1394.48,0.0484,0.2869,M2331 其他電子業
2362,藍天,2023/02,1701.24,0.0205,-0.1998,M2325 電腦及週邊
2363,矽統,2023/02,9.5,-0.5391,0.2616,M2324 半導體
2364,倫飛,2023/02,79.59,-0.0035,0.2296,M2325 電腦及週邊
2365,昆盈,2023/02,52.37,0.0151,0.0529,M2325 電腦及週邊
2367,燿華,2023/02,1028.38,-0.0338,0.0694,M2328 電子零組件
2368,金像電,2023/02,1886.09,-0.064,-0.1263,M2328 電子零組件
2369,菱生,2023/02,412.62,-0.106,-0.2071,M2324 半導體
2371,大同,2023/02,3556.03,0.0049,0.7362,M1500 電機機械
2373,震旦行,2023/02,994.97,0.0496,0.1146,M2331 其他電子業
2374,佳能,2023/02,245.76,-0.1858,-0.0133,M2326 光電業
2375,凱美,2023/02,411.43,0.4949,-0.0078,M2328 電子零組件
2376,技嘉,2023/02,10088.98,0.2274,0.1341,M2325 電腦及週邊
2377,微星,2023/02,14111.27,0.1482,-0.051,M2325 電腦及週邊
2379,瑞昱,2023/02,6196.61,0.1285,-0.3194,M2324 半導體
2380,虹光,2023/02,131.65,0.0565,-0.2271,M2325 電腦及週邊
2382,廣達,2023/02,83351.19,-0.2161,-0.0809,M2325 電腦及週邊
2383,台光電,2023/02,2365.26,0.0764,-0.1894,M2328 電子零組件
2385,群光,2023/02,6863.31,-0.0318,-0.1744,M2328 電子零組件
2387,精元,2023/02,1331.02,0.0963,-0.2202,M2325 電腦及週邊
2388,威盛,2023/02,726.95,0.3259,0.4026,M2324 半導體
2390,云辰,2023/02,54.66,-0.2315,0.3086,M2331 其他電子業
2392,正崴,2023/02,5459.34,-0.2966,0.0503,M2328 電子零組件
2393,億光,2023/02,1403.78,-0.0054,-0.1257,M2326 光電業
2395,研華,2023/02,5229.84,-0.0728,0.1191,M2325 電腦及週邊
2397,友通,2023/02,1148.72,-0.0512,0.0061,M2325 電腦及週邊
2399,映泰,2023/02,236.68,0.0284,0.1846,M2325 電腦及週邊
2401,凌陽,2023/02,396.4,0.2243,-0.4129,M2324 半導體
2402,毅嘉,2023/02,593.45,-0.0179,0.1421,M2328 電子零組件
2404,漢唐,2023/02,4731.65,0.0504,1.713,M2331 其他電子業
2406,國碩,2023/02,356.87,0.0393,-0.3848,M2326 光電業
2408,南亞科,2023/02,2026.43,-0.0999,-0.685,M2324 半導體
2409,友達,2023/02,16052.41,-0.108,-0.3745,M2326 光電業
2412,中華電,2023/02,17933.48,0.0095,0.0833,M2327 通信網路業
2413,環科,2023/02,439.28,-0.0999,1.2846,M2328 電子零組件
2414,精技,2023/02,1680.02,0.0026,0.1131,M2329 電子通路業
2415,錩新,2023/02,143.05,-0.1523,-0.2901,M2328 電子零組件
2417,圓剛,2023/02,226.5,0.2202,-0.2324,M2325 電腦及週邊
2419,仲琦,2023/02,851.26,-0.1199,0.0179,M2327 通信網路業
2420,新巨,2023/02,152.5,-0.1952,-0.0636,M2328 電子零組件
2421,建準,2023/02,1027.4,0.2298,0.2272,M2328 電子零組件
2423,固緯,2023/02,230.7,0.0778,0.1108,M2331 其他電子業
2424,隴華,2023/02,4.48,-0.7091,2.584,M2325 電腦及週邊
2425,承啟,2023/02,345.16,0.1104,-0.1529,M2325 電腦及週邊
2426,鼎元,2023/02,169.14,0.1189,-0.2128,M2326 光電業
2427,三商電,2023/02,391.95,-0.1901,0.6224,M2330 資訊服務業
2428,興勤,2023/02,557.14,0.0389,0.0177,M2328 電子零組件
2429,銘旺科,2023/02,43.29,0.1975,0.118,M2326 光電業
2430,燦坤,2023/02,1528.68,-0.1447,-0.0847,M2329 電子通路業
2431,聯昌,2023/02,67.99,0.7845,-0.1048,M2328 電子零組件
2433,互盛電,2023/02,227.72,-0.0746,-0.1287,M2331 其他電子業
2434,統懋,2023/02,3.21,-0.4398,-0.4268,M2324 半導體
2436,偉詮電,2023/02,177.97,0.1088,-0.3724,M2324 半導體
2438,翔耀,2023/02,10.23,1.4474,-0.3808,M2326 光電業
2439,美律,2023/02,1935.37,-0.2817,0.3308,M2327 通信網路業
2440,太空梭,2023/02,264.91,0.1278,0.0851,M2328 電子零組件
2441,超豐,2023/02,1000.64,0.1956,-0.2615,M2324 半導體
2442,新美齊,2023/02,9.2,0.011,-0.1837,M2325 電腦及週邊
2444,兆勁,2023/02,152.32,-0.2117,0.3472,M2327 通信網路業
2449,京元電子,2023/02,2497.8,-0.0259,-0.0415,M2324 半導體
2450,神腦,2023/02,2703.34,-0.033,0.2078,M2327 通信網路業
2451,創見,2023/02,804.02,0.0502,-0.2324,M2324 半導體
2453,凌群,2023/02,380.07,-0.4692,0.0083,M2330 資訊服務業
2454,聯發科,2023/02,30309.64,0.3541,-0.2428,M2324 半導體
2455,全新,2023/02,98.24,-0.1229,-0.6258,M2327 通信網路業
2457,飛宏,2023/02,796.68,-0.2627,0.1002,M2328 電子零組件
2458,義隆,2023/02,789.46,-0.0309,-0.2932,M2324 半導體
2459,敦吉,2023/02,515.83,-0.2317,0.1816,M2331 其他電子業
2460,建通,2023/02,185.16,0.4887,-0.1242,M2328 電子零組件
2461,光群雷,2023/02,412.43,-0.1708,-0.0655,M2331 其他電子業
2462,良得電,2023/02,316.06,0.3778,0.0917,M2328 電子零組件
2464,盟立,2023/02,749.46,0.0245,-0.0899,M2331 其他電子業
2465,麗臺,2023/02,209.88,0.0579,-0.4761,M2325 電腦及週邊
2466,冠西電,2023/02,47.28,0.2136,-0.2258,M2326 光電業
2467,志聖,2023/02,315.13,-0.2612,-0.1361,M2328 電子零組件
2468,華經,2023/02,123.54,-0.1498,-0.0647,M2330 資訊服務業
2471,資通,2023/02,61.11,-0.1929,0.1696,M2330 資訊服務業
2472,立隆電,2023/02,690.0,0.1468,-0.0138,M2328 電子零組件
2474,可成,2023/02,1077.56,-0.0874,-0.367,M2331 其他電子業
2476,鉅祥,2023/02,457.52,0.0864,-0.0512,M2328 電子零組件
2477,美隆電,2023/02,57.26,-0.6345,-0.726,M2331 其他電子業
2478,大毅,2023/02,369.32,-0.0012,-0.1451,M2328 電子零組件
2480,敦陽科,2023/02,574.33,-0.0042,0.2193,M2330 資訊服務業
2481,強茂,2023/02,921.96,0.0863,-0.1641,M2324 半導體
2482,連宇,2023/02,159.43,0.0376,6.443,M2331 其他電子業
2483,百容,2023/02,135.61,-0.0209,-0.2197,M2328 電子零組件
2484,希華,2023/02,163.97,-0.2749,-0.3274,M2328 電子零組件
2485,兆赫,2023/02,502.45,-0.1711,0.375,M2327 通信網路業
2486,一詮,2023/02,377.81,0.1798,-0.0098,M2326 光電業
2488,漢平,2023/02,75.04,-0.4557,-0.4122,M2331 其他電子業
2489,瑞軒,2023/02,1113.17,-0.0424,-0.0064,M2326 光電業
2491,吉祥全,2023/02,12.47,0.0289,-0.9455,M2326 光電業
2492,華新科,2023/02,2581.86,0.0886,-0.0871,M2328 電子零組件
2493,揚博,2023/02,273.97,-0.1252,-0.0132,M2328 電子零組件
2495,普安,2023/02,121.85,0.1003,0.9231,M2331 其他電子業
2496,卓越,2023/02,56.97,0.171,0.1456,M9900 其他
2497,怡利電,2023/02,219.76,-0.2069,-0.1988,M2200 汽車工業
2498,宏達電,2023/02,251.29,0.1702,-0.2137,M2327 通信網路業
2501,國建,2023/02,995.3,0.0238,1.7043,M2500 建材營造
2504,國產,2023/02,1534.53,0.0785,0.6004,M2500 建材營造
2505,國揚,2023/02,66.29,-0.3085,-0.7995,M2500 建材營造
2506,太設,2023/02,51.68,-0.2746,0.0078,M2500 建材營造
2509,全坤建,2023/02,17.78,0.0558,0.0901,M2500 建材營造
2511,太子,2023/02,980.36,0.5262,-0.2377,M2500 建材營造
2514,龍邦,2023/02,622.21,0.715,-0.1664,M9900 其他
2515,中工,2023/02,1538.36,-0.0779,0.2888,M2500 建材營造
2516,新建,2023/02,499.5,-0.1811,0.0347,M2500 建材營造
2520,冠德,2023/02,2214.16,1.3456,0.6889,M2500 建材營造
2524,京城,2023/02,55.97,-0.4966,-0.8567,M2500 建材營造
2527,宏璟,2023/02,24.77,-0.1357,0.1937,M2500 建材營造
2528,皇普,2023/02,1147.46,0.708,5.7749,M2500 建材營造
2530,華建,2023/02,1.78,0.7451,1.3421,M2500 建材營造
2534,宏盛,2023/02,321.08,-0.5264,0.1121,M2500 建材營造
2535,達欣工,2023/02,1155.91,-0.2536,-0.2077,M2500 建材營造
2536,宏普,2023/02,14.64,0.0,0.0288,M2500 建材營造
2537,聯上發,2023/02,0.17,-0.9101,-0.9976,M2500 建材營造
2538,基泰,2023/02,30.78,0.2688,0.3698,M2500 建材營造
2539,櫻花建,2023/02,496.27,inf,208.3966,M2500 建材營造
2540,愛山林,2023/02,349.96,0.5429,0.1219,M2500 建材營造
2542,興富發,2023/02,2799.66,0.2546,1.7011,M2500 建材營造
2543,皇昌,2023/02,727.18,0.4759,0.6921,M2500 建材營造
2545,皇翔,2023/02,208.4,-0.1889,-0.592,M2500 建材營造
2546,根基,2023/02,1222.46,0.512,0.8252,M2500 建材營造
2547,日勝生,2023/02,387.89,-0.4935,-0.1043,M2500 建材營造
2548,華固,2023/02,784.83,0.1114,-0.0601,M2500 建材營造
2596,綠意,2023/02,9.29,-0.0901,1.7324,M2500 建材營造
2597,潤弘,2023/02,1545.6,0.169,0.1468,M2500 建材營造
2601,益航,2023/02,437.22,-0.2684,-0.1543,M2900 貿易百貨
2603,長榮,2023/02,18680.18,-0.2882,-0.6622,M2600 航運業
2605,新興,2023/02,314.06,-0.2514,0.3938,M2600 航運業
2606,裕民,2023/02,878.94,0.0085,0.0947,M2600 航運業
2607,榮運,2023/02,990.27,-0.0077,-0.2416,M2600 航運業
2608,嘉里大榮,2023/02,888.91,-0.0092,0.0758,M2600 航運業
2609,陽明,2023/02,11308.55,-0.3088,-0.6599,M2600 航運業
2610,華航,2023/02,12671.12,-0.154,0.1864,M2600 航運業
2611,志信,2023/02,43.91,0.349,-0.2948,M2600 航運業
2612,中航,2023/02,281.29,-0.1859,-0.0666,M2600 航運業
2613,中櫃,2023/02,219.17,-0.139,-0.0341,M2600 航運業
2614,東森,2023/02,409.5,-0.1943,0.0707,M9900 其他
2615,萬海,2023/02,7311.64,-0.23,-0.6912,M2600 航運業
2616,山隆,2023/02,1335.3,-0.1118,0.0034,M9700 油電燃氣業
2617,台航,2023/02,281.05,-0.1145,0.153,M2600 航運業
2618,長榮航,2023/02,12883.12,-0.1513,0.4826,M2600 航運業
2630,亞航,2023/02,331.26,0.056,0.5775,M2600 航運業
2633,台灣高鐵,2023/02,3729.5,-0.1416,0.3238,M2600 航運業
2634,漢翔,2023/02,3191.65,0.1886,0.9498,M2600 航運業
2636,台驊投控,2023/02,977.71,-0.1797,-0.6558,M2600 航運業
2637,慧洋-KY,2023/02,924.1,-0.3069,-0.4309,M2600 航運業
2640,大車隊,2023/02,189.9,-0.1823,0.1073,M9900 其他
2641,正德,2023/02,75.64,-0.0988,-0.3189,M2600 航運業
2642,宅配通,2023/02,307.58,-0.1938,0.002,M2600 航運業
2643,捷迅,2023/02,329.97,0.0407,-0.0606,M2600 航運業
2701,萬企,2023/02,26.65,0.3365,0.3646,M2700 觀光事業
2702,華園,2023/02,100.01,-0.0224,0.3444,M2700 觀光事業
2704,國賓,2023/02,92.28,-0.535,-0.2827,M2700 觀光事業
2705,六福,2023/02,149.57,-0.1925,0.5061,M2700 觀光事業
2706,第一店,2023/02,32.88,0.0837,0.416,M2700 觀光事業
2707,晶華,2023/02,494.39,-0.2357,0.1277,M2700 觀光事業
2712,遠雄來,2023/02,45.01,-0.3972,0.0676,M2700 觀光事業
2718,晶悅,2023/02,7.03,-0.0461,0.8847,M2700 觀光事業
2719,燦星旅,2023/02,41.54,0.4969,12.9396,M2700 觀光事業
2722,夏都,2023/02,57.48,-0.0483,-0.0234,M2700 觀光事業
2723,美食-KY,2023/02,1629.38,-0.0859,0.0448,M2700 觀光事業
2724,富驛-KY,2023/02,2.14,-0.0696,-0.4856,M2700 觀光事業
2726,雅茗-KY,2023/02,53.44,-0.1406,-0.2447,M2700 觀光事業
2727,王品,2023/02,1824.44,0.048,0.1186,M2700 觀光事業
2729,瓦城,2023/02,435.08,-0.0146,-0.0415,M2700 觀光事業
2731,雄獅,2023/02,998.34,-0.103,3.7749,M2700 觀光事業
2732,六角,2023/02,330.45,-0.1068,0.0778,M2700 觀光事業
2734,易飛網,2023/02,104.93,-0.1259,8.9743,M2700 觀光事業
2739,寒舍,2023/02,357.8,-0.2184,0.6103,M2700 觀光事業
2740,天蔥,2023/02,12.08,-0.1766,0.3837,M2700 觀光事業
2743,山富,2023/02,215.41,0.3998,6.3771,M2700 觀光事業
2745,五福,2023/02,212.06,0.0715,28.7837,M2700 觀光事業
2748,雲品,2023/02,200.34,-0.2728,0.2244,M2700 觀光事業
2752,豆府,2023/02,238.88,-0.1857,0.1863,M2700 觀光事業
2754,亞洲藏壽司,2023/02,380.13,-0.1689,0.1875,M2700 觀光事業
2755,揚秦,2023/02,150.97,-0.1373,0.2499,M2700 觀光事業
2801,彰銀,2023/02,2984.1,-0.0718,0.379,M2800 金融業
2809,京城銀,2023/02,1059.41,0.2643,0.8954,M2800 金融業
2812,台中銀,2023/02,1326.7,-0.0047,0.2191,M2800 金融業
2816,旺旺保,2023/02,767.53,-0.0235,0.16,M2800 金融業
2820,華票,2023/02,319.42,0.749,0.2845,M2800 金融業
2832,台產,2023/02,544.24,0.053,0.1192,M2800 金融業
2834,臺企銀,2023/02,2469.6,-0.126,0.1919,M2800 金融業
2836,高雄銀,2023/02,281.01,-0.0814,-0.0115,M2800 金融業
2838,聯邦銀,2023/02,1390.47,-0.0022,0.0695,M2800 金融業
2845,遠東銀,2023/02,953.83,-0.198,0.3606,M2800 金融業
2849,安泰銀,2023/02,543.22,0.2107,0.2181,M2800 金融業
2850,新產,2023/02,1592.19,-0.0349,0.0426,M2800 金融業
2851,中再保,2023/02,1720.58,-0.1099,-0.0762,M2800 金融業
2852,第一保,2023/02,568.93,-0.0039,0.0384,M2800 金融業
2855,統一證,2023/02,503.9,-0.1175,0.1481,M2800 金融業
2867,三商壽,2023/02,6746.74,-0.4203,-0.1676,M2800 金融業
2880,華南金,2023/02,4543.53,0.2015,0.3517,M2800 金融業
2881,富邦金,2023/02,7432.35,-0.5396,-0.8232,M2800 金融業
2882,國泰金,2023/02,13276.7,-0.5027,-0.6271,M2800 金融業
2883,開發金,2023/02,2284.05,-18.4876,-0.8129,M2800 金融業
2884,玉山金,2023/02,3613.65,-0.4239,-0.0579,M2800 金融業
2885,元大金,2023/02,7365.97,0.1537,-0.0392,M2800 金融業
2886,兆豐金,2023/02,5728.42,0.0438,0.2067,M2800 金融業
2887,台新金,2023/02,6316.04,0.2836,0.2292,M2800 金融業
2888,新光金,2023/02,3309.31,-1.8227,-0.6903,M2800 金融業
2889,國票金,2023/02,618.98,0.1233,0.1633,M2800 金融業
2890,永豐金,2023/02,3979.49,-0.0658,0.1487,M2800 金融業
2891,中信金,2023/02,7601.96,3.6761,-0.5559,M2800 金融業
2892,第一金,2023/02,5802.27,0.1259,0.2705,M2800 金融業
2897,王道銀行,2023/02,839.73,-0.0475,0.1001,M2800 金融業
2901,欣欣,2023/02,9.52,0.1724,-0.049,M2900 貿易百貨
2903,遠百,2023/02,2487.25,-0.3275,-0.039,M2900 貿易百貨
2904,匯僑,2023/02,42.79,0.0111,0.2432,M9900 其他
2905,三商,2023/02,866.67,-0.9722,-0.9433,M2900 貿易百貨
2906,高林,2023/02,572.01,-0.1338,0.0696,M2900 貿易百貨
2908,特力,2023/02,2220.72,-0.3459,-0.2175,M2900 貿易百貨
2910,統領,2023/02,37.5,-0.6807,-0.6912,M2900 貿易百貨
2911,麗嬰房,2023/02,242.03,-0.2992,-0.0069,M2900 貿易百貨
2912,統一超,2023/02,23131.93,-0.1308,0.1104,M2900 貿易百貨
2913,農林,2023/02,30.41,-0.1422,-0.003,M2900 貿易百貨
2915,潤泰全,2023/02,197.26,-0.2312,0.1913,M2900 貿易百貨
2916,滿心,2023/02,110.77,-0.533,-0.0287,M2900 貿易百貨
2923,鼎固-KY,2023/02,202.22,-0.9376,-0.9307,M2500 建材營造
2926,誠品生活,2023/02,425.76,-0.2052,0.0711,M3200 文化創意業
2929,淘帝-KY,2023/02,99.58,-0.6284,-0.1627,M2900 貿易百貨
2937,集雅社,2023/02,288.7,-0.1507,0.2924,M2900 貿易百貨
2939,凱羿-KY,2023/02,18.56,-0.0303,-0.0848,M2900 貿易百貨
3002,歐格,2023/02,28.63,-0.4099,-0.4324,M2325 電腦及週邊
3003,健和興,2023/02,335.64,0.014,-0.049,M2328 電子零組件
3004,豐達科,2023/02,225.89,0.0892,0.6728,M2000 鋼鐵工業
3005,神基,2023/02,2593.01,0.0158,0.1344,M2325 電腦及週邊
3006,晶豪科,2023/02,889.85,0.1297,-0.4311,M2324 半導體
3008,大立光,2023/02,2565.34,-0.2137,-0.0166,M2326 光電業
3010,華立,2023/02,4720.8,0.0015,-0.0928,M2329 電子通路業
3011,今皓,2023/02,70.4,-0.1545,-0.4873,M2328 電子零組件
3013,晟銘電,2023/02,531.65,-0.3456,0.8166,M2325 電腦及週邊
3014,聯陽,2023/02,375.67,-0.1451,-0.22,M2324 半導體
3015,全漢,2023/02,1096.08,-0.0039,0.119,M2328 電子零組件
3016,嘉晶,2023/02,345.07,-0.2285,-0.2897,M2324 半導體
3017,奇鋐,2023/02,4257.92,0.5149,0.0518,M2325 電腦及週邊
3019,亞光,2023/02,1212.09,0.124,0.0913,M2326 光電業
3021,鴻名,2023/02,253.89,0.0885,-0.1142,M2328 電子零組件
3022,威強電,2023/02,722.84,0.084,0.5333,M2325 電腦及週邊
3023,信邦,2023/02,2858.52,0.037,0.3388,M2328 電子零組件
3024,憶聲,2023/02,143.59,0.1703,0.5659,M2326 光電業
3025,星通,2023/02,30.66,0.1483,0.837,M2327 通信網路業
3026,禾伸堂,2023/02,1283.88,0.2499,0.0494,M2328 電子零組件
3027,盛達,2023/02,137.5,1.3797,1.2035,M2327 通信網路業
3028,增你強,2023/02,2480.65,0.2643,-0.2643,M2329 電子通路業
3029,零壹,2023/02,1335.29,0.0794,0.2597,M2330 資訊服務業
3030,德律,2023/02,285.69,0.1197,-0.4319,M2331 其他電子業
3031,佰鴻,2023/02,111.03,0.8428,0.4755,M2326 光電業
3032,偉訓,2023/02,540.8,0.0512,0.269,M2328 電子零組件
3033,威健,2023/02,5912.82,0.0453,0.2404,M2329 電子通路業
3034,聯詠,2023/02,7641.45,0.0579,-0.3483,M2324 半導體
3035,智原,2023/02,1077.25,0.0021,0.0253,M2324 半導體
3036,文曄,2023/02,32119.08,-0.4342,-0.0118,M2329 電子通路業
3037,欣興,2023/02,8071.85,-0.2421,-0.1551,M2328 電子零組件
3038,全台,2023/02,367.5,0.016,0.2789,M2326 光電業
3040,遠見,2023/02,11.88,-0.1379,-0.0092,M9900 其他
3041,揚智,2023/02,165.54,1.0212,-0.3488,M2324 半導體
3042,晶技,2023/02,812.13,0.1111,-0.1389,M2328 電子零組件
3043,科風,2023/02,92.95,-0.2925,0.8183,M2331 其他電子業
3044,健鼎,2023/02,4643.87,-0.0038,-0.1207,M2328 電子零組件
3045,台灣大,2023/02,13735.48,-0.0729,0.1185,M2327 通信網路業
3046,建碁,2023/02,471.1,1.206,1.0262,M2325 電腦及週邊
3047,訊舟,2023/02,358.6,-0.0625,-0.0338,M2327 通信網路業
3048,益登,2023/02,7541.94,-0.069,0.0276,M2329 電子通路業
3049,和鑫,2023/02,106.99,0.24,-0.4176,M2326 光電業
3050,鈺德,2023/02,90.0,0.0777,0.1346,M2326 光電業
3051,力特,2023/02,152.64,0.0797,-0.3267,M2326 光電業
3052,夆典,2023/02,186.65,-0.3609,0.1457,M2500 建材營造
3054,立萬利,2023/02,3.69,0.0027,1.9758,M2324 半導體
3055,蔚華科,2023/02,116.98,0.1835,0.1318,M2329 電子通路業
3056,總太,2023/02,92.93,3.9091,20.7126,M2500 建材營造
3057,喬鼎,2023/02,38.35,-0.0078,-0.468,M2325 電腦及週邊
3058,立德,2023/02,275.12,-0.0648,0.0451,M2328 電子零組件
3059,華晶科,2023/02,723.74,-0.0777,-0.3129,M2326 光電業
3060,銘異,2023/02,180.01,0.011,-0.3611,M2325 電腦及週邊
3062,建漢,2023/02,328.98,0.3061,0.4936,M2327 通信網路業
3064,泰偉,2023/02,6.39,-0.0832,-0.1829,M3200 文化創意業
3066,李洲,2023/02,12.3,-0.0097,-0.1517,M2326 光電業
3067,全域,2023/02,3.35,-0.7839,0.5802,M2331 其他電子業
3071,協禧,2023/02,200.5,0.0605,0.0252,M2325 電腦及週邊
3073,天方能源,2023/02,2.54,-0.1056,-0.1753,M2324 半導體
3078,僑威,2023/02,730.16,0.429,0.9011,M2328 電子零組件
3081,聯亞,2023/02,94.93,-0.0709,-0.3677,M2327 通信網路業
3083,網龍,2023/02,24.51,-0.4117,-0.0817,M3200 文化創意業
3085,新零售,2023/02,6.76,0.0713,-0.43,M3400 電子商務
3086,華義,2023/02,9.07,-0.0735,-0.3969,M3200 文化創意業
3088,艾訊,2023/02,515.81,0.2605,0.4714,M2325 電腦及週邊
3089,億杰,2023/02,2.01,0.6341,-0.8365,M2328 電子零組件
3090,日電貿,2023/02,821.9,-0.0454,-0.0285,M2328 電子零組件
3092,鴻碩,2023/02,157.07,-0.054,-0.4104,M2328 電子零組件
3094,聯傑,2023/02,24.67,0.1878,0.1598,M2324 半導體
3095,及成,2023/02,33.08,0.3029,0.1302,M2327 通信網路業
3105,穩懋,2023/02,857.65,-0.017,-0.5208,M2324 半導體
3114,好德,2023/02,182.4,-0.1974,-0.1635,M2328 電子零組件
3118,進階,2023/02,46.78,-0.4541,0.8697,M1722 生技醫療
3122,笙泉,2023/02,23.97,-0.2883,-0.4054,M2324 半導體
3128,昇銳,2023/02,60.86,-0.4391,-0.1231,M2326 光電業
3130,一零四,2023/02,179.15,0.2326,0.1534,M2330 資訊服務業
3131,弘塑,2023/02,250.08,-0.071,-0.1648,M2331 其他電子業
3138,耀登,2023/02,113.11,-0.3283,0.0599,M2327 通信網路業
3141,晶宏,2023/02,179.85,-0.0605,-0.1939,M2324 半導體
3147,大綜,2023/02,227.24,-0.1563,-0.0305,M2330 資訊服務業
3149,正達,2023/02,111.03,-0.0332,-0.079,M2326 光電業
3152,璟德,2023/02,105.06,0.043,-0.1101,M2327 通信網路業
3162,精確,2023/02,399.47,0.9388,4.2417,M1500 電機機械
3163,波若威,2023/02,189.66,-0.0183,-0.0207,M2327 通信網路業
3164,景岳,2023/02,18.16,-0.2518,0.054,M1722 生技醫療
3167,大量,2023/02,68.82,-0.3866,-0.6766,M1500 電機機械
3169,亞信,2023/02,61.02,-0.0015,-0.4112,M2324 半導體
3171,新洲,2023/02,117.12,0.0871,-0.0174,M2900 貿易百貨
3176,基亞,2023/02,51.46,-0.1372,0.0993,M1722 生技醫療
3178,公準,2023/02,145.45,-0.0053,0.8019,M1500 電機機械
3188,鑫龍騰,2023/02,7.69,-0.9253,-0.5398,M2324 半導體
3189,景碩,2023/02,2109.8,-0.006,-0.275,M2324 半導體
3191,和進,2023/02,18.58,-0.1858,0.6649,M2328 電子零組件
3202,樺晟,2023/02,325.24,-0.0291,0.291,M2328 電子零組件
3205,佰研,2023/02,33.63,-0.028,-0.1955,M1722 生技醫療
3206,志豐,2023/02,183.0,-0.2933,-0.0886,M2328 電子零組件
3207,耀勝,2023/02,120.92,0.0863,0.7111,M2328 電子零組件
3209,全科,2023/02,2554.73,-0.5036,-0.3396,M2329 電子通路業
3211,順達,2023/02,1092.14,-0.0929,-0.218,M2325 電腦及週邊
3213,茂訊,2023/02,254.27,0.4124,0.3779,M2325 電腦及週邊
3217,優群,2023/02,177.99,-0.1022,-0.2286,M2328 電子零組件
3218,大學光,2023/02,327.71,-0.0154,0.3194,M1722 生技醫療
3221,台嘉碩,2023/02,156.11,-0.2622,-0.2969,M2327 通信網路業
3224,三顧,2023/02,120.34,-0.1211,-0.1804,M2329 電子通路業
3226,至寶電,2023/02,132.9,0.166,-0.301,M1500 電機機械
3227,原相,2023/02,357.36,0.1604,-0.1322,M2324 半導體
3228,金麗科,2023/02,29.5,0.5349,-0.6056,M2324 半導體
3229,晟鈦,2023/02,85.57,0.3667,2.3916,M2328 電子零組件
3230,錦明,2023/02,52.75,0.4548,-0.3603,M2326 光電業
3231,緯創,2023/02,62066.82,0.1292,-0.0397,M2325 電腦及週邊
3232,昱捷,2023/02,111.35,0.1321,0.084,M2329 電子通路業
3234,光環,2023/02,37.38,-0.2004,-0.5884,M2327 通信網路業
3236,千如,2023/02,191.53,-0.0925,0.0582,M2328 電子零組件
3252,海灣,2023/02,47.59,0.1224,-0.0871,M2700 觀光事業
3257,虹冠電,2023/02,50.49,0.1029,-0.0249,M2324 半導體
3259,鑫創,2023/02,23.8,-0.3823,-0.3169,M2324 半導體
3260,威剛,2023/02,2493.04,0.145,-0.2174,M2324 半導體
3264,欣銓,2023/02,1055.43,-0.0831,0.0978,M2324 半導體
3265,台星科,2023/02,273.15,-0.0138,-0.1096,M2324 半導體
3266,昇陽,2023/02,226.4,-0.4343,6.4035,M2500 建材營造
3268,海德威,2023/02,39.59,-0.4992,-0.4621,M2324 半導體
3272,東碩,2023/02,278.68,-0.3097,0.392,M2325 電腦及週邊
3276,宇環,2023/02,89.92,0.4902,-0.3581,M2328 電子零組件
3284,太普高,2023/02,52.17,0.3558,0.5761,M9900 其他
3285,微端,2023/02,82.27,0.5221,0.8904,M2331 其他電子業
3287,廣寰科,2023/02,25.79,-0.445,-0.2578,M2325 電腦及週邊
3288,點晶,2023/02,9.17,2.668,0.7771,M2328 電子零組件
3289,宜特,2023/02,332.31,-0.0077,0.1685,M2331 其他電子業
3290,東浦,2023/02,115.84,0.2083,0.604,M2328 電子零組件
3293,鈊象,2023/02,1058.81,-0.0786,0.119,M3200 文化創意業
3294,英濟,2023/02,291.52,0.3223,-0.0618,M2328 電子零組件
3296,勝德,2023/02,100.54,-0.2119,-0.0777,M2328 電子零組件
3297,杭特,2023/02,10.27,0.1873,-0.2696,M2326 光電業
3303,岱稜,2023/02,190.97,0.1921,0.0191,M2331 其他電子業
3305,昇貿,2023/02,483.32,0.0566,-0.4477,M2331 其他電子業
3306,鼎天,2023/02,82.92,0.3587,0.1163,M2327 通信網路業
3308,聯德,2023/02,52.38,1.024,2.0017,M2328 電子零組件
3310,佳穎,2023/02,102.72,0.0004,-0.1151,M2328 電子零組件
3311,閎暉,2023/02,152.66,0.04,0.1081,M2327 通信網路業
3312,弘憶股,2023/02,1187.87,0.2102,-0.2022,M2329 電子通路業
3313,斐成,2023/02,0.0,-1.0,-1.0,M9900 其他
3317,尼克森,2023/02,180.01,-0.0935,-0.214,M2324 半導體
3321,同泰,2023/02,108.26,0.3266,-0.2338,M2328 電子零組件
3322,建舜電,2023/02,172.61,0.1281,-0.1078,M2328 電子零組件
3323,加百裕,2023/02,525.27,0.1763,-0.3085,M2325 電腦及週邊
3324,雙鴻,2023/02,989.23,0.071,0.0242,M2331 其他電子業
3325,旭品,2023/02,100.62,0.1345,-0.0669,M2325 電腦及週邊
3332,幸康,2023/02,103.61,-0.1872,0.106,M2328 電子零組件
3338,泰碩,2023/02,280.51,0.1596,-0.0152,M2328 電子零組件
3339,泰谷,2023/02,42.6,0.1166,-0.2989,M2326 光電業
3346,麗清,2023/02,400.82,-0.4666,0.1099,M2200 汽車工業
3354,律勝,2023/02,6.65,-0.1625,-0.4722,M2328 電子零組件
3356,奇偶,2023/02,90.57,-0.093,0.1387,M2326 光電業
3357,臺慶科,2023/02,385.08,0.004,-0.0899,M2328 電子零組件
3360,尚立,2023/02,642.37,-0.2651,-0.3359,M2329 電子通路業
3362,先進光,2023/02,271.92,0.1938,0.0099,M2326 光電業
3363,上詮,2023/02,80.11,-0.2951,-0.2924,M2327 通信網路業
3372,典範,2023/02,54.11,0.0898,-0.5354,M2324 半導體
3373,熱映,2023/02,36.65,-0.3464,-0.116,M2331 其他電子業
3374,精材,2023/02,411.91,-0.0822,-0.1733,M2324 半導體
3376,新日興,2023/02,522.65,-0.3158,-0.2192,M2328 電子零組件
3379,彬台,2023/02,20.95,-0.754,-0.3959,M1500 電機機械
3380,明泰,2023/02,2389.23,0.1256,0.148,M2327 通信網路業
3388,崇越電,2023/02,580.17,0.1938,-0.0702,M2328 電子零組件
3390,旭軟,2023/02,59.82,-0.0275,-0.0455,M2328 電子零組件
3402,漢科,2023/02,359.71,0.3847,0.0843,M2331 其他電子業
3406,玉晶光,2023/02,927.37,-0.3119,0.1029,M2326 光電業
3413,京鼎,2023/02,1075.52,-0.085,-0.0366,M2324 半導體
3416,融程電,2023/02,174.29,-0.0733,0.3747,M2325 電腦及週邊
3419,譁裕,2023/02,110.99,-0.2142,0.2836,M2327 通信網路業
3426,台興,2023/02,53.28,-0.0909,0.2385,M1500 電機機械
3432,台端,2023/02,1.56,1.5161,2.12,M2328 電子零組件
3434,哲固,2023/02,43.46,0.5048,-0.098,M2326 光電業
3437,榮創,2023/02,112.58,-0.0032,-0.5818,M2326 光電業
3438,類比科,2023/02,58.22,0.0732,-0.4604,M2324 半導體
3443,創意,2023/02,2248.82,0.0775,0.6519,M2324 半導體
3444,利機,2023/02,68.5,0.1689,-0.1851,M2329 電子通路業
3450,聯鈞,2023/02,424.0,0.037,-0.1619,M2324 半導體
3454,晶睿,2023/02,867.12,-0.2193,0.3912,M2326 光電業
3455,由田,2023/02,127.52,-0.1114,-0.1026,M2326 光電業
3465,進泰電子,2023/02,36.36,0.0344,-0.6076,M2328 電子零組件
3466,致振,2023/02,97.91,-0.0873,9.5054,M2327 通信網路業
3479,安勤,2023/02,622.85,-0.0543,0.753,M2325 電腦及週邊
3481,群創,2023/02,15493.6,-0.0385,-0.2941,M2326 光電業
3483,力致,2023/02,463.24,-0.1839,-0.0681,M2325 電腦及週邊
3484,崧騰,2023/02,263.09,0.0068,-0.4582,M2328 電子零組件
3489,森寶,2023/02,27.08,-0.6917,-0.561,M2500 建材營造
3490,單井,2023/02,30.81,-0.3852,-0.4098,M2326 光電業
3491,昇達科,2023/02,128.15,-0.095,0.1383,M2327 通信網路業
3492,長盛,2023/02,54.93,-0.1147,0.8189,M2328 電子零組件
3494,誠研,2023/02,59.79,0.7142,0.5648,M2325 電腦及週邊
3498,陽程,2023/02,116.53,0.3476,0.37,M2331 其他電子業
3499,環天科,2023/02,32.22,1.2819,0.5,M2327 通信網路業
3501,維熹,2023/02,393.97,-0.1203,0.0625,M2328 電子零組件
3504,揚明光,2023/02,208.02,-0.3092,-0.3839,M2326 光電業
3508,位速,2023/02,57.25,-0.1414,-0.3218,M2331 其他電子業
3511,矽瑪,2023/02,269.7,0.0865,0.1046,M2328 電子零組件
3512,皇龍,2023/02,259.3,13.7665,0.7555,M2328 電子零組件
3515,華擎,2023/02,1325.35,-0.0745,0.0532,M2325 電腦及週邊
3516,亞帝歐,2023/02,84.35,0.6085,0.1552,M2326 光電業
3518,柏騰,2023/02,33.4,0.4153,-0.1969,M2331 其他電子業
3521,鴻翊,2023/02,16.97,0.2378,-0.2441,M2325 電腦及週邊
3522,御頂,2023/02,54.99,-0.4729,0.6371,M2700 觀光事業
3523,迎輝,2023/02,9.65,-0.3449,-0.3697,M2326 光電業
3526,凡甲,2023/02,139.18,0.0815,-0.1962,M2328 電子零組件
3527,聚積,2023/02,159.28,0.1063,-0.2075,M2324 半導體
3528,安馳,2023/02,527.08,-0.1962,0.2586,M2329 電子通路業
3529,力旺,2023/02,213.44,-0.4586,-0.0972,M2324 半導體
3530,晶相光,2023/02,122.62,-0.1245,-0.3237,M2324 半導體
3531,先益,2023/02,137.16,-0.1506,0.0506,M2326 光電業
3532,台勝科,2023/02,1278.64,0.1367,0.0693,M2324 半導體
3533,嘉澤,2023/02,1841.22,0.1266,0.3276,M2328 電子零組件
3535,晶彩科,2023/02,30.44,-0.7591,0.4305,M2326 光電業
3536,誠創,2023/02,21.66,-0.5395,-0.193,M2324 半導體
3537,堡達,2023/02,190.93,-0.2256,-0.0316,M2328 電子零組件
3540,曜越,2023/02,323.28,-0.102,0.721,M2325 電腦及週邊
3541,西柏,2023/02,128.14,0.2702,-0.0478,M2331 其他電子業
3543,州巧,2023/02,195.48,-0.1223,-0.1207,M2326 光電業
3545,敦泰,2023/02,1053.04,-0.0689,-0.1599,M2324 半導體
3546,宇峻,2023/02,120.23,-0.0238,-0.0625,M3200 文化創意業
3548,兆利,2023/02,387.81,0.0508,-0.4129,M2328 電子零組件
3550,聯穎,2023/02,363.28,1.3528,0.2202,M2328 電子零組件
3551,世禾,2023/02,193.24,0.0409,0.0242,M2331 其他電子業
3552,同致,2023/02,681.13,0.4773,0.1404,M2331 其他電子業
3555,重鵬,2023/02,1.7,-0.1667,0.1565,M2324 半導體
3556,禾瑞亞,2023/02,97.08,-0.0183,-0.1915,M2324 半導體
3557,嘉威,2023/02,413.14,-0.3015,-0.2189,M9900 其他
3558,神準,2023/02,1469.03,-0.2081,0.9654,M2327 通信網路業
3563,牧德,2023/02,182.99,0.1217,-0.1062,M2326 光電業
3564,其陽,2023/02,144.0,-0.2794,0.5615,M2327 通信網路業
3567,逸昌,2023/02,24.05,-0.0021,-0.2929,M2324 半導體
3570,大塚,2023/02,140.88,0.1941,0.8045,M2330 資訊服務業
3576,聯合再生,2023/02,1600.4,0.0509,0.0364,M2326 光電業
3577,泓格,2023/02,91.64,0.414,0.0013,M2325 電腦及週邊
3580,友威科,2023/02,60.02,2.8327,0.604,M2331 其他電子業
3581,博磊,2023/02,118.58,0.0135,0.0599,M2324 半導體
3583,辛耘,2023/02,566.37,0.0618,0.29,M2324 半導體
3587,閎康,2023/02,369.79,0.0225,0.4097,M2331 其他電子業
3588,通嘉,2023/02,70.19,0.0792,-0.5794,M2324 半導體
3591,艾笛森,2023/02,141.66,-0.0705,0.0503,M2326 光電業
3593,力銘,2023/02,61.55,0.0079,0.3248,M2328 電子零組件
3594,磐儀,2023/02,121.31,0.0557,0.3015,M2325 電腦及週邊
3596,智易,2023/02,3523.31,-0.0538,0.0729,M2327 通信網路業
3597,映興,2023/02,57.72,0.2686,-0.1914,M2328 電子零組件
3605,宏致,2023/02,623.05,-0.0621,-0.1382,M2328 電子零組件
3607,谷崧,2023/02,192.67,0.2695,-0.0219,M2328 電子零組件
3611,鼎翰,2023/02,589.26,-0.1697,0.1446,M2325 電腦及週邊
3615,安可,2023/02,82.37,0.0958,0.186,M2326 光電業
3617,碩天,2023/02,646.81,-0.2634,-0.1369,M2331 其他電子業
3622,洋華,2023/02,118.51,0.9971,0.1695,M2326 光電業
3623,富晶通,2023/02,28.39,-0.2123,-0.0176,M2326 光電業
3624,光頡,2023/02,213.94,0.0735,-0.1601,M2328 電子零組件
3625,西勝,2023/02,73.76,0.2529,-0.4638,M2325 電腦及週邊
3628,盈正,2023/02,216.86,-0.378,0.1331,M2331 其他電子業
3629,地心引力,2023/02,3.38,-0.2854,-0.6949,M3200 文化創意業
3630,新鉅科,2023/02,109.4,0.2313,-0.1814,M2326 光電業
3631,晟楠,2023/02,4.51,-0.3299,-0.3971,M2328 電子零組件
3632,研勤,2023/02,24.37,-0.0825,0.1215,M2327 通信網路業
3642,駿熠電,2023/02,11.49,0.1145,-0.3852,M2331 其他電子業
3645,達邁,2023/02,85.67,0.0748,-0.5879,M2328 電子零組件
3646,艾恩特,2023/02,58.77,-0.0535,0.0555,M2328 電子零組件
3652,精聯,2023/02,155.26,-0.0048,0.0488,M2325 電腦及週邊
3653,健策,2023/02,911.93,-0.0086,0.3276,M2328 電子零組件
3661,世芯-KY,2023/02,1538.32,-0.0576,0.7348,M2324 半導體
3663,鑫科,2023/02,190.52,0.1937,-0.0478,M2331 其他電子業
3664,安瑞-KY,2023/02,21.85,-0.0525,0.1573,M2327 通信網路業
3665,貿聯-KY,2023/02,4008.44,-0.0167,-0.0147,M2331 其他電子業
3666,光耀,2023/02,52.7,0.0065,-0.5486,M2326 光電業
3669,圓展,2023/02,173.53,0.3258,-0.205,M2327 通信網路業
3672,康聯訊,2023/02,42.08,0.188,0.1291,M2327 通信網路業
3673,TPK-KY,2023/02,5365.46,-0.0226,-0.2129,M2326 光電業
3675,德微,2023/02,143.6,0.0195,-0.0839,M2324 半導體
3679,新至陞,2023/02,214.22,-0.2598,-0.0747,M2328 電子零組件
3680,家登,2023/02,426.53,0.3605,0.5393,M2324 半導體
3682,亞太電,2023/02,978.97,-0.0523,-0.0251,M2327 通信網路業
3684,榮昌,2023/02,81.0,-0.0353,-0.0114,M2327 通信網路業
3685,元創精密,2023/02,111.94,0.217,0.0685,M1500 電機機械
3686,達能,2023/02,2.91,-0.7404,-0.5359,M2324 半導體
3687,歐買尬,2023/02,116.17,-0.2067,0.0137,M3400 電子商務
3689,湧德,2023/02,465.5,0.2677,0.1831,M2328 電子零組件
3691,碩禾,2023/02,228.5,-0.2399,-0.5379,M2326 光電業
3693,營邦,2023/02,419.87,0.0814,0.976,M2325 電腦及週邊
3694,海華,2023/02,617.79,-0.0683,-0.0167,M2327 通信網路業
3701,大眾控,2023/02,903.79,0.2123,0.1033,M2325 電腦及週邊
3702,大聯大,2023/02,45293.69,0.0279,-0.259,M2329 電子通路業
3703,欣陸,2023/02,2136.27,0.0212,-0.3384,M2500 建材營造
3704,合勤控,2023/02,2920.63,-0.0182,0.4325,M2327 通信網路業
3705,永信,2023/02,473.12,-0.0147,0.0257,M1722 生技醫療
3706,神達,2023/02,2314.45,-0.1307,-0.2048,M2325 電腦及週邊
3707,漢磊,2023/02,560.26,-0.1742,-0.1755,M2324 半導體
3708,上緯投控,2023/02,528.2,-0.2575,-0.2138,M1721 化學工業
3709,鑫聯大投控,2023/02,1628.76,0.094,0.0849,M2325 電腦及週邊
3710,連展投控,2023/02,394.26,0.1427,-0.0498,M2328 電子零組件
3711,日月光投控,2023/02,39984.57,-0.2486,-0.0877,M2324 半導體
3712,永崴投控,2023/02,979.39,-0.0547,0.1939,M2325 電腦及週邊
3713,新晶投控,2023/02,51.53,1.2259,0.7961,M2326 光電業
3714,富采,2023/02,1464.44,0.1442,-0.4232,M2326 光電業
4102,永日,2023/02,35.75,0.0185,0.185,M1722 生技醫療
4104,佳醫,2023/02,604.74,-0.1047,0.2048,M1722 生技醫療
4105,東洋,2023/02,339.87,-0.1506,0.2955,M1722 生技醫療
4106,雃博,2023/02,191.69,-0.1831,-0.0063,M1722 生技醫療
4107,邦特,2023/02,153.55,0.0402,0.0514,M1722 生技醫療
4108,懷特,2023/02,8.71,-0.0034,-0.0918,M1722 生技醫療
4109,加捷生醫,2023/02,21.34,-0.1367,-0.0224,M1722 生技醫療
4111,濟生,2023/02,82.4,-0.1064,0.0627,M1722 生技醫療
4113,聯上,2023/02,0.06,-0.9959,-0.9971,M2500 建材營造
4114,健喬,2023/02,346.78,-0.179,0.3954,M1722 生技醫療
4116,明基醫,2023/02,224.01,0.0561,0.1627,M1722 生技醫療
4119,旭富,2023/02,107.64,0.2152,2.9926,M1722 生技醫療
4120,友華,2023/02,345.56,-0.2237,0.2129,M1722 生技醫療
4121,優盛,2023/02,274.68,-0.1616,-0.0021,M1722 生技醫療
4123,晟德,2023/02,122.6,0.7432,3.1757,M1722 生技醫療
4126,太醫,2023/02,225.41,0.1864,0.6136,M1722 生技醫療
4127,天良,2023/02,34.08,-0.1932,-0.2448,M1722 生技醫療
4128,中天,2023/02,105.52,-0.2429,-0.0379,M1722 生技醫療
4129,聯合,2023/02,288.29,0.0978,0.3065,M1722 生技醫療
4130,健亞,2023/02,35.85,0.2668,0.3483,M1722 生技醫療
4131,晶宇,2023/02,3.42,-0.587,-0.4052,M1722 生技醫療
4133,亞諾法,2023/02,32.34,0.2405,0.1747,M1722 生技醫療
4137,麗豐-KY,2023/02,360.11,1.1783,0.3521,M1722 生技醫療
4138,曜亞,2023/02,119.64,-0.142,0.1944,M1722 生技醫療
4139,馬光-KY,2023/02,89.53,-0.2597,0.6934,M1722 生技醫療
4142,國光生,2023/02,40.83,0.0413,0.3656,M1722 生技醫療
4147,中裕,2023/02,24.15,-0.0321,0.6818,M1722 生技醫療
4148,全宇生技-KY,2023/02,217.22,-0.2427,0.0163,M1722 生技醫療
4153,鈺緯,2023/02,92.88,0.2518,0.8226,M1722 生技醫療
4155,訊映,2023/02,54.76,-0.159,-0.4586,M1722 生技醫療
4157,太景*-KY,2023/02,1.17,-0.1397,-0.8352,M1722 生技醫療
4160,創源,2023/02,38.71,0.0412,0.0179,M1722 生技醫療
4161,聿新科,2023/02,52.8,0.5327,0.6799,M1722 生技醫療
4162,智擎,2023/02,20.14,-0.2127,0.2675,M1722 生技醫療
4163,鐿鈦,2023/02,191.69,-0.178,0.2381,M1722 生技醫療
4164,承業醫,2023/02,198.43,-0.0772,0.2329,M1722 生技醫療
4167,松瑞藥,2023/02,62.3,-0.1932,-0.1268,M1722 生技醫療
4168,醣聯,2023/02,0.0,-1.0,,M1722 生技醫療
4171,瑞基,2023/02,13.26,-0.427,-0.621,M3300 農業科技
4173,久裕,2023/02,90.37,-0.0742,0.2908,M1722 生技醫療
4174,浩鼎,2023/02,0.07,-0.8627,-0.9014,M1722 生技醫療
4175,杏一,2023/02,540.04,-0.0484,0.1688,M1722 生技醫療
4183,福永生技,2023/02,29.62,-0.211,0.0007,M1722 生技醫療
4188,安克,2023/02,3.09,0.0842,-0.4069,M1722 生技醫療
4190,佐登-KY,2023/02,251.84,0.0887,0.3836,M1722 生技醫療
4192,杏國,2023/02,1.02,-0.3964,0.3421,M1722 生技醫療
4198,欣大健康,2023/02,17.25,0.0721,0.1172,M1722 生技醫療
4205,中華食,2023/02,138.37,-0.197,0.1531,M1200 食品工業
4207,環泰,2023/02,388.26,-0.0443,0.1531,M1200 食品工業
4303,信立,2023/02,22.68,0.2128,-0.0769,M1300 塑膠工業
4304,勝昱,2023/02,51.85,0.521,1.9244,M1300 塑膠工業
4305,世坤,2023/02,76.68,0.5797,0.0481,M1300 塑膠工業
4306,炎洲,2023/02,1023.02,0.3732,0.035,M1300 塑膠工業
4401,東隆興,2023/02,196.3,0.3701,-0.4239,M1400 紡織纖維
4402,福大,2023/02,4.65,-0.6871,-0.6151,M1400 紡織纖維
4406,新昕纖,2023/02,38.53,0.8348,0.0055,M1400 紡織纖維
4413,飛寶企業,2023/02,7.33,-0.9075,-0.8945,M1400 紡織纖維
4414,如興,2023/02,1412.25,0.518,0.0444,M1400 紡織纖維
4416,三圓,2023/02,8.03,-0.0278,0.0216,M2500 建材營造
4417,金洲,2023/02,197.36,-0.0869,-0.0255,M1400 紡織纖維
4419,元勝,2023/02,26.93,-0.4861,0.2781,M1400 紡織纖維
4420,光明,2023/02,54.7,0.1521,-0.2085,M1400 紡織纖維
4426,利勤,2023/02,147.23,0.6436,1.3831,M1400 紡織纖維
4430,耀億,2023/02,158.21,0.0653,-0.0686,M9900 其他
4432,銘旺實,2023/02,72.1,-0.2758,-0.4759,M1400 紡織纖維
4433,興采,2023/02,221.04,0.0952,0.0655,M1400 紡織纖維
4438,廣越,2023/02,785.08,-0.1882,-0.1852,M1400 紡織纖維
4439,冠星-KY,2023/02,416.6,0.0621,-0.1624,M1400 紡織纖維
4502,健信,2023/02,119.42,0.8218,0.4461,M1500 電機機械
4503,金雨,2023/02,13.51,-0.134,0.7015,M1500 電機機械
4506,崇友,2023/02,356.53,-0.0551,0.2129,M1500 電機機械
4510,高鋒,2023/02,117.17,-0.2002,-0.2569,M1500 電機機械
4513,福裕,2023/02,77.76,-0.1256,-0.3074,M1500 電機機械
4523,永彰,2023/02,43.73,0.577,0.1358,M1500 電機機械
4526,東台,2023/02,682.43,0.5717,0.4912,M1500 電機機械
4528,江興鍛,2023/02,150.4,0.009,-0.3077,M1500 電機機械
4529,淳紳,2023/02,0.27,-0.5424,0.125,M9900 其他
4530,宏易,2023/02,13.64,0.042,0.0715,M1500 電機機械
4532,瑞智,2023/02,1316.56,0.1617,-0.1392,M1500 電機機械
4533,協易機,2023/02,258.9,-0.2177,0.3782,M1500 電機機械
4534,慶騰,2023/02,53.52,0.3179,-0.0273,M1500 電機機械
4535,至興,2023/02,235.58,0.1798,0.0491,M1500 電機機械
4536,拓凱,2023/02,810.2,-0.2221,0.3797,M9900 其他
4538,大詠城,2023/02,47.59,0.1237,0.4034,M1500 電機機械
4540,全球傳動,2023/02,243.25,0.1962,0.3785,M1500 電機機械
4541,晟田,2023/02,108.55,0.0864,0.5725,M9900 其他
4542,科嶠,2023/02,73.81,0.0977,1.5046,M2328 電子零組件
4543,萬在,2023/02,67.77,0.1842,0.1749,M1500 電機機械
4545,銘鈺,2023/02,212.03,0.181,0.0293,M2328 電子零組件
4549,桓達,2023/02,99.74,-0.0657,0.0651,M1500 電機機械
4550,長佳,2023/02,166.94,0.2778,1.6154,M1500 電機機械
4551,智伸科,2023/02,622.17,0.0716,-0.0071,M2200 汽車工業
4552,力達-KY,2023/02,312.09,1.829,0.0855,M1500 電機機械
4554,橙的,2023/02,24.38,0.4875,-0.2692,M2331 其他電子業
4555,氣立,2023/02,124.41,0.6659,-0.1097,M1500 電機機械
4556,旭然,2023/02,40.02,-0.2355,-0.0597,M9900 其他
4557,永新-KY,2023/02,217.48,0.0148,0.4199,M2200 汽車工業
4560,強信-KY,2023/02,90.7,-0.1912,-0.4013,M1500 電機機械
4561,健椿,2023/02,96.39,1.0246,-0.1118,M1500 電機機械
4562,穎漢,2023/02,71.39,-0.0883,0.5212,M1500 電機機械
4563,百德,2023/02,199.19,0.3707,0.0864,M1500 電機機械
4564,元翎,2023/02,85.68,-0.4489,-0.5421,M1500 電機機械
4566,時碩工業,2023/02,362.28,0.0685,-0.0647,M1500 電機機械
4568,科際精密,2023/02,55.31,-0.2697,-0.3728,M1500 電機機械
4571,鈞興-KY,2023/02,183.44,-0.0034,0.1424,M1500 電機機械
4572,駐龍,2023/02,58.57,-0.0521,0.7406,M1500 電機機械
4576,大銀微系統,2023/02,171.82,0.0853,-0.2328,M1500 電機機械
4580,捷流閥業,2023/02,226.98,0.1691,0.2597,M1500 電機機械
4581,光隆精密-KY,2023/02,98.88,0.1608,0.4322,M2200 汽車工業
4609,唐鋒,2023/02,2.81,-0.8339,0.102,M1600 電器電纜
4702,中美實,2023/02,48.1,-0.264,-0.7541,M1721 化學工業
4706,大恭,2023/02,81.87,0.3663,-0.0603,M1721 化學工業
4707,磐亞,2023/02,95.59,0.0228,-0.2556,M1721 化學工業
4711,永純,2023/02,85.19,0.5776,-0.0907,M1721 化學工業
4712,南璋,2023/02,0.0,,-1.0,M1200 食品工業
4714,永捷,2023/02,69.68,0.4927,-0.0446,M1721 化學工業
4716,大立,2023/02,49.12,1.0858,0.1151,M1721 化學工業
4720,德淵,2023/02,239.5,-0.1631,0.2014,M1721 化學工業
4721,美琪瑪,2023/02,201.31,-0.354,-0.4509,M1721 化學工業
4722,國精化,2023/02,251.11,0.5428,-0.2609,M1721 化學工業
4726,永昕,2023/02,73.18,-0.2837,0.3467,M1722 生技醫療
4728,雙美,2023/02,149.94,1.9493,0.3379,M1722 生技醫療
4729,熒茂,2023/02,95.27,-0.0624,-0.1956,M2326 光電業
4735,豪展,2023/02,60.03,-0.3498,-0.2797,M1722 生技醫療
4736,泰博,2023/02,439.98,-0.3564,-0.0869,M1722 生技醫療
4737,華廣,2023/02,150.25,0.2189,0.3032,M1722 生技醫療
4739,康普,2023/02,528.7,0.0948,-0.2637,M1721 化學工業
4741,泓瀚,2023/02,59.55,0.0532,0.0136,M1721 化學工業
4743,合一,2023/02,5.58,0.1388,0.0751,M1722 生技醫療
4744,皇將,2023/02,32.64,0.2564,-0.2352,M1722 生技醫療
4745,合富-KY,2023/02,283.5,-0.2398,0.0989,M1722 生技醫療
4746,台耀,2023/02,276.98,0.0284,0.3408,M1722 生技醫療
4747,強生,2023/02,38.01,-0.2763,0.0995,M1722 生技醫療
4754,國碳科,2023/02,57.42,0.1626,0.8229,M1721 化學工業
4755,三福化,2023/02,369.25,0.0321,-0.2519,M1721 化學工業
4760,勤凱,2023/02,70.77,0.2703,-0.1239,M2331 其他電子業
4763,材料-KY,2023/02,458.93,0.0629,1.3566,M1721 化學工業
4764,雙鍵,2023/02,162.19,0.0708,-0.119,M1721 化學工業
4766,南寶,2023/02,1532.2,0.2872,0.1455,M1721 化學工業
4767,誠泰科技,2023/02,76.99,-0.4257,-0.1728,M1721 化學工業
4804,大略-KY,2023/02,17.45,-0.0268,-0.1446,M2700 觀光事業
4806,昇華,2023/02,0.0,,,M3200 文化創意業
4807,日成-KY,2023/02,59.41,-0.244,-0.4314,M2900 貿易百貨
4903,聯光通,2023/02,40.31,-0.3457,0.12,M2327 通信網路業
4904,遠傳,2023/02,7161.96,-0.0829,0.0603,M2327 通信網路業
4905,台聯電,2023/02,3.02,-0.4055,-0.3377,M2327 通信網路業
4906,正文,2023/02,2333.66,-0.0859,0.4713,M2327 通信網路業
4907,富宇,2023/02,0.05,0.0,-0.7222,M2500 建材營造
4908,前鼎,2023/02,54.41,0.0675,-0.2656,M2327 通信網路業
4909,新復興,2023/02,43.64,-0.2459,0.4019,M2327 通信網路業
4911,德英,2023/02,13.44,0.0128,5.72,M1722 生技醫療
4912,聯德控股-KY,2023/02,254.86,-0.1671,-0.3791,M2328 電子零組件
4915,致伸,2023/02,4533.64,0.1212,-0.1057,M2328 電子零組件
4916,事欣科,2023/02,302.43,0.3375,0.9119,M2325 電腦及週邊
4919,新唐,2023/02,2975.67,-0.0084,-0.1489,M2324 半導體
4924,欣厚-KY,2023/02,39.9,0.0781,0.3322,M2325 電腦及週邊
4927,泰鼎-KY,2023/02,1072.84,-0.0583,-0.1639,M2328 電子零組件
4930,燦星網,2023/02,422.88,0.1206,-0.105,M1600 電器電纜
4931,新盛力,2023/02,197.34,-0.147,0.2597,M2325 電腦及週邊
4933,友輝,2023/02,145.96,-0.1581,-0.2587,M2326 光電業
4934,太極,2023/02,226.55,0.5283,1.3181,M2326 光電業
4935,茂林-KY,2023/02,294.49,-0.1406,-0.5483,M2326 光電業
4938,和碩,2023/02,92255.34,-0.2596,0.0838,M2325 電腦及週邊
4939,亞電,2023/02,110.24,0.4722,-0.0255,M2328 電子零組件
4942,嘉彰,2023/02,482.14,-0.0227,-0.3392,M2326 光電業
4943,康控-KY,2023/02,158.92,0.5369,0.6213,M2328 電子零組件
4944,兆遠,2023/02,9.04,0.0623,-0.7559,M2326 光電業
4945,陞達科技,2023/02,20.79,-0.001,-0.548,M2324 半導體
4946,辣椒,2023/02,3.0,-0.2021,-0.4801,M3200 文化創意業
4950,牧東,2023/02,1.53,-0.8073,-0.7353,M9900 其他
4952,凌通,2023/02,130.32,0.1307,-0.5891,M2324 半導體
4953,緯軟,2023/02,684.24,0.0435,0.1899,M2330 資訊服務業
4956,光鋐,2023/02,94.45,0.0354,-0.0004,M2326 光電業
4958,臻鼎-KY,2023/02,9943.89,-0.2035,0.0004,M2328 電子零組件
4960,誠美材,2023/02,581.43,0.013,-0.3077,M2326 光電業
4961,天鈺,2023/02,1309.54,0.1429,-0.2225,M2324 半導體
4966,譜瑞-KY,2023/02,841.53,-0.1068,-0.5645,M2324 半導體
4967,十銓,2023/02,557.53,0.2615,0.1995,M2324 半導體
4968,立積,2023/02,180.4,-0.1813,-0.2844,M2324 半導體
4971,IET-KY,2023/02,53.27,-0.2999,-0.2298,M2324 半導體
4972,湯石照明,2023/02,43.01,0.1011,-0.2866,M2326 光電業
4973,廣穎,2023/02,350.82,-0.1202,0.0749,M2324 半導體
4974,亞泰,2023/02,284.95,0.2554,0.0723,M2328 電子零組件
4976,佳凌,2023/02,80.91,0.0198,0.2383,M2326 光電業
4977,眾達-KY,2023/02,257.0,-0.1148,0.3967,M2327 通信網路業
4979,華星光,2023/02,160.8,-0.1964,1.572,M2327 通信網路業
4987,科誠,2023/02,97.5,-0.0846,-0.0876,M2325 電腦及週邊
4989,榮科,2023/02,389.92,0.3638,0.3888,M2328 電子零組件
4991,環宇-KY,2023/02,78.73,0.7558,-0.1197,M2324 半導體
4994,傳奇,2023/02,128.36,0.0079,-0.2639,M2330 資訊服務業
4995,晶達,2023/02,86.08,-0.2682,0.1123,M2326 光電業
4999,鑫禾,2023/02,135.89,-0.2752,-0.3385,M2328 電子零組件
5007,三星,2023/02,521.81,0.0819,0.023,M2000 鋼鐵工業
5009,榮剛,2023/02,1059.82,-0.0377,0.4329,M2000 鋼鐵工業
5011,久陽,2023/02,329.56,-0.2306,0.1492,M2000 鋼鐵工業
5013,強新,2023/02,569.16,0.4805,-0.1121,M2000 鋼鐵工業
5014,建錩,2023/02,1343.37,0.1635,0.1683,M2000 鋼鐵工業
5015,華祺,2023/02,141.07,0.4335,-0.3018,M2000 鋼鐵工業
5016,松和,2023/02,165.24,0.0988,-0.1246,M2000 鋼鐵工業
5201,凱衛,2023/02,16.14,0.2135,0.2492,M2330 資訊服務業
5202,力新,2023/02,5.87,-0.393,-0.4171,M2330 資訊服務業
5203,訊連,2023/02,144.29,-0.0136,0.1503,M2330 資訊服務業
5205,中茂,2023/02,0.92,1.4211,0.2267,M2331 其他電子業
5206,坤悅,2023/02,587.06,inf,20.2088,M2500 建材營造
5209,新鼎,2023/02,358.17,0.1942,0.611,M2330 資訊服務業
5210,寶碩,2023/02,16.96,-0.16,-0.3561,M2330 資訊服務業
5211,蒙恬,2023/02,11.87,0.1706,0.2902,M2330 資訊服務業
5212,凌網,2023/02,49.4,0.0857,0.0333,M2330 資訊服務業
5213,亞昕,2023/02,27.92,-0.1159,0.6037,M2500 建材營造
5215,科嘉-KY,2023/02,124.4,0.0782,-0.3049,M2325 電腦及週邊
5220,萬達光電,2023/02,72.46,0.0351,0.0033,M2326 光電業
5223,安力-KY,2023/02,99.13,-0.1899,-0.2254,M2325 電腦及週邊
5225,東科-KY,2023/02,605.95,0.1036,-0.2568,M2331 其他電子業
5227,立凱-KY,2023/02,45.96,0.2085,3.6755,M2328 電子零組件
5230,雷笛克光學,2023/02,88.33,0.0708,0.2183,M2326 光電業
5234,達興材料,2023/02,282.82,-0.0975,-0.2507,M2326 光電業
5236,凌陽創新,2023/02,113.51,0.124,-0.2741,M2324 半導體
5243,乙盛-KY,2023/02,1001.62,-0.1208,0.1268,M2326 光電業
5245,智晶,2023/02,91.12,0.178,-0.1571,M2326 光電業
5251,天鉞電,2023/02,11.28,-0.3438,1.1445,M2326 光電業
5258,虹堡,2023/02,551.25,-0.0022,0.3791,M2325 電腦及週邊
5263,智崴,2023/02,62.29,0.1145,0.3861,M3200 文化創意業
5269,祥碩,2023/02,385.52,0.1039,-0.0405,M2324 半導體
5272,笙科,2023/02,28.93,0.9815,-0.5079,M2324 半導體
5274,信驊,2023/02,223.11,0.0121,-0.332,M2324 半導體
5276,達輝-KY,2023/02,71.86,0.0561,0.7012,M9900 其他
5278,尚凡,2023/02,145.66,-0.046,0.0655,M3400 電子商務
5281,大峽谷-KY,2023/02,39.35,2.3067,0.6029,M2326 光電業
5283,禾聯碩,2023/02,307.5,0.0416,-0.1609,M1600 電器電纜
5284,jpp-KY,2023/02,185.1,0.0142,0.4606,M9900 其他
5285,界霖,2023/02,426.22,-0.0899,-0.157,M2324 半導體
5287,數字,2023/02,154.31,-0.0353,0.1419,M3400 電子商務
5288,豐祥-KY,2023/02,600.2,0.07,0.2295,M1500 電機機械
5289,宜鼎,2023/02,679.72,-0.0616,-0.107,M2325 電腦及週邊
5291,邑昇,2023/02,87.82,0.116,-0.2219,M2328 電子零組件
5299,杰力,2023/02,102.15,-0.1431,-0.5775,M2324 半導體
5301,寶得利,2023/02,8.5,-0.1474,0.6008,M2700 觀光事業
5302,太欣,2023/02,0.34,-0.4603,-0.5952,M2324 半導體
5306,桂盟,2023/02,425.0,0.0937,-0.1905,M9900 其他
5309,系統電,2023/02,294.15,-0.0025,0.2659,M2328 電子零組件
5310,天剛,2023/02,0.57,3.3846,2.3529,M2330 資訊服務業
5312,寶島科,2023/02,342.11,0.1215,0.3801,M1722 生技醫療
5314,世紀,2023/02,4.24,41.4,41.4,M2324 半導體
5315,光聯,2023/02,153.36,0.0636,0.0882,M2326 光電業
5324,士開,2023/02,40.8,-0.0775,0.3761,M2500 建材營造
5328,華容,2023/02,86.23,0.1935,0.1352,M2328 電子零組件
5340,建榮,2023/02,98.96,-0.2074,-0.1249,M2328 電子零組件
5344,立衛,2023/02,15.56,-0.0858,-0.2705,M2324 半導體
5345,天揚,2023/02,0.31,-0.4833,-0.3261,M9900 其他
5347,世界,2023/02,2484.15,-0.1181,-0.4148,M2324 半導體
5348,系通,2023/02,7.41,-0.3164,-0.1531,M2327 通信網路業
5351,鈺創,2023/02,188.32,-0.1322,-0.6403,M2324 半導體
5353,台林,2023/02,138.93,-0.0103,0.2333,M2327 通信網路業
5355,佳總,2023/02,39.96,-0.242,0.1705,M2328 電子零組件
5356,協益,2023/02,254.66,0.0525,0.1628,M2325 電腦及週邊
5364,力麗店,2023/02,35.04,-0.1645,-0.1262,M2700 觀光事業
5371,中光電,2023/02,3130.47,-0.0896,-0.2199,M2326 光電業
5381,合正,2023/02,19.9,-0.0842,-0.0363,M2328 電子零組件
5383,金利,2023/02,111.23,0.1418,0.2488,M2331 其他電子業
5386,青雲,2023/02,133.4,0.1892,-0.5227,M2325 電腦及週邊
5388,中磊,2023/02,5395.12,0.0948,0.4356,M2327 通信網路業
5398,慕康生醫,2023/02,13.7,-0.0768,0.1013,M9900 其他
5403,中菲,2023/02,426.29,0.7306,0.6687,M2330 資訊服務業
5410,國眾,2023/02,232.14,-0.249,-0.0818,M2330 資訊服務業
5425,台半,2023/02,1124.94,-0.1326,0.0434,M2324 半導體
5426,振發,2023/02,120.01,-0.2033,0.1402,M2325 電腦及週邊
5434,崇越,2023/02,3813.64,-0.1024,0.0624,M2329 電子通路業
5438,東友,2023/02,73.71,-0.0572,-0.2479,M2325 電腦及週邊
5439,高技,2023/02,353.08,0.1677,0.3353,M2328 電子零組件
5443,均豪,2023/02,175.27,-0.3147,-0.4097,M2326 光電業
5450,南良,2023/02,187.8,0.2086,-0.0725,M9900 其他
5452,佶優,2023/02,455.48,0.1407,-0.1319,M2331 其他電子業
5455,昇益,2023/02,0.18,-0.0526,-0.9996,M2500 建材營造
5457,宣德,2023/02,1073.98,0.0984,0.2287,M2328 電子零組件
5460,同協,2023/02,24.68,-0.0434,-0.1525,M2328 電子零組件
5464,霖宏,2023/02,89.03,0.1833,0.3418,M2328 電子零組件
5465,富驊,2023/02,346.06,-0.0632,0.1396,M2325 電腦及週邊
5468,凱鈺,2023/02,7.69,-0.1614,-0.5061,M2324 半導體
5469,瀚宇博,2023/02,3219.24,0.0075,-0.1289,M2328 電子零組件
5471,松翰,2023/02,175.61,0.0864,-0.4235,M2324 半導體
5474,聰泰,2023/02,87.11,0.0985,-0.0013,M2325 電腦及週邊
5475,德宏,2023/02,53.72,0.0606,0.1668,M2328 電子零組件
5478,智冠,2023/02,495.66,-0.2629,-0.0027,M3200 文化創意業
5481,新華,2023/02,8.13,0.1516,0.1198,M9900 其他
5483,中美晶,2023/02,6731.97,0.0112,0.097,M2324 半導體
5484,慧友,2023/02,36.46,0.3842,0.8717,M2326 光電業
5487,通泰,2023/02,14.48,0.0212,-0.454,M2324 半導體
5488,松普,2023/02,89.31,-0.2167,0.5385,M2328 電子零組件
5489,彩富,2023/02,120.77,-0.2159,-0.2901,M2331 其他電子業
5490,同亨,2023/02,60.94,1.6893,-0.4049,M2325 電腦及週邊
5493,三聯,2023/02,268.04,0.1317,-0.0275,M2331 其他電子業
5498,凱崴,2023/02,82.72,0.1443,-0.1967,M2328 電子零組件
5508,永信建,2023/02,177.27,1.2422,-0.4683,M2500 建材營造
5511,德昌,2023/02,889.76,0.7172,0.1307,M2500 建材營造
5512,力麒,2023/02,379.15,-0.0603,-0.2283,M2500 建材營造
5514,三豐,2023/02,0.55,0.0,0.1957,M2500 建材營造
5515,建國,2023/02,335.0,-0.0469,-0.026,M2500 建材營造
5516,雙喜,2023/02,158.53,0.0156,0.2516,M2500 建材營造
5519,隆大,2023/02,106.56,-0.2168,-0.3011,M2500 建材營造
5520,力泰,2023/02,260.49,-0.2416,0.4833,M2500 建材營造
5521,工信,2023/02,343.16,0.1948,0.2826,M2500 建材營造
5522,遠雄,2023/02,1694.69,-0.2293,-0.1787,M2500 建材營造
5523,豐謙,2023/02,96.36,75.4762,274.3143,M2500 建材營造
5525,順天,2023/02,98.49,-0.1059,-0.6689,M2500 建材營造
5529,鉅陞,2023/02,7.3,-0.2242,0.1793,M2500 建材營造
5530,龍巖,2023/02,280.61,0.0067,0.2154,M9900 其他
5531,鄉林,2023/02,114.63,2.1099,0.842,M2500 建材營造
5533,皇鼎,2023/02,722.97,18.944,18.8891,M2500 建材營造
5534,長虹,2023/02,80.59,-0.4243,-0.4607,M2500 建材營造
5538,東明-KY,2023/02,1184.54,0.5064,0.1306,M2000 鋼鐵工業
5543,桓鼎-KY,2023/02,204.67,-0.3882,-0.1815,M2500 建材營造
5546,永固-KY,2023/02,246.22,0.3101,0.4619,M2500 建材營造
5601,台聯櫃,2023/02,6.96,0.0146,-0.0071,M2600 航運業
5603,陸海,2023/02,159.81,-0.0139,0.0513,M2600 航運業
5607,遠雄港,2023/02,227.62,0.0753,-0.0153,M2600 航運業
5608,四維航,2023/02,249.73,-0.2335,-0.4774,M2600 航運業
5609,中菲行,2023/02,1593.36,-0.1622,-0.4829,M2600 航運業
5701,劍湖山,2023/02,39.07,-0.3346,0.3084,M2700 觀光事業
5703,亞都,2023/02,30.53,-0.3346,0.6619,M2700 觀光事業
5704,老爺知,2023/02,44.45,-0.2349,-0.049,M2700 觀光事業
5706,鳳凰,2023/02,87.62,-0.3825,8.2038,M2700 觀光事業
5864,致和證,2023/02,236.5,0.9599,0.681,M2800 金融業
5871,中租-KY,2023/02,7281.7,-0.0645,0.194,M9900 其他
5876,上海商銀,2023/02,3706.71,-0.0279,0.2197,M2800 金融業
5878,台名,2023/02,54.12,-0.0084,0.1973,M2800 金融業
5880,合庫金,2023/02,4263.81,-0.1462,0.2343,M2800 金融業
5902,德記,2023/02,204.49,0.1963,0.5352,M2900 貿易百貨
5903,全家,2023/02,6935.64,-0.1133,0.1105,M2900 貿易百貨
5904,寶雅,2023/02,1600.03,-0.2291,0.0401,M2900 貿易百貨
5905,南仁湖,2023/02,80.77,-0.2895,-0.1415,M2900 貿易百貨
5906,台南-KY,2023/02,146.03,-0.5163,0.057,M2900 貿易百貨
5907,大洋-KY,2023/02,297.59,-0.2905,-0.1738,M2900 貿易百貨
6005,群益證,2023/02,912.22,0.0969,0.1656,M2800 金融業
6015,宏遠證,2023/02,126.94,2.6933,-0.1684,M2800 金融業
6016,康和證,2023/02,421.22,2.3295,0.8231,M2800 金融業
6020,大展證,2023/02,62.09,4.852,7.5641,M2800 金融業
6023,元大期,2023/02,272.18,-0.064,0.0325,M2800 金融業
6024,群益期,2023/02,164.44,0.2171,-0.2406,M2800 金融業
6026,福邦證,2023/02,117.09,2.984,0.4468,M2800 金融業
6101,寬魚國際,2023/02,26.52,12.6,-0.3437,M3200 文化創意業
6103,合邦,2023/02,4.99,-0.2092,3.3017,M2324 半導體
6104,創惟,2023/02,179.87,0.2956,-0.5355,M2324 半導體
6108,競國,2023/02,460.3,0.0636,-0.0466,M2328 電子零組件
6109,亞元,2023/02,98.15,0.0055,0.3276,M2327 通信網路業
6111,大宇資,2023/02,103.78,-0.0842,0.2833,M3200 文化創意業
6113,亞矽,2023/02,125.37,0.5409,-0.3177,M2329 電子通路業
6114,久威,2023/02,98.69,0.1281,-0.2832,M2328 電子零組件
6115,鎰勝,2023/02,500.03,-0.1013,0.0504,M2328 電子零組件
6116,彩晶,2023/02,766.58,-0.3285,-0.4824,M2326 光電業
6117,迎廣,2023/02,157.44,0.0669,-0.1386,M2325 電腦及週邊
6118,建達,2023/02,613.96,-0.0863,-0.1229,M2329 電子通路業
6120,達運,2023/02,1128.6,0.0917,-0.3447,M2326 光電業
6121,新普,2023/02,6364.46,0.0548,-0.12,M2325 電腦及週邊
6122,擎邦,2023/02,438.19,0.2686,1.4616,M1500 電機機械
6123,上奇,2023/02,395.74,0.0002,0.0849,M2325 電腦及週邊
6124,業強,2023/02,176.92,0.2471,0.1237,M2328 電子零組件
6125,廣運,2023/02,451.56,0.2494,0.1272,M2326 光電業
6126,信音,2023/02,263.31,0.0303,-0.023,M2328 電子零組件
6127,九豪,2023/02,60.61,-0.0531,-0.1939,M2328 電子零組件
6128,上福,2023/02,424.9,0.0373,-0.0606,M2325 電腦及週邊
6129,普誠,2023/02,160.25,0.1799,0.3803,M2324 半導體
6130,星寶國際,2023/02,19.39,2.5255,2.6723,M1722 生技醫療
6133,金橋,2023/02,58.02,-0.4004,0.0534,M2328 電子零組件
6134,萬旭,2023/02,94.59,-0.1719,0.1055,M2328 電子零組件
6136,富爾特,2023/02,38.64,-0.0203,0.1558,M2327 通信網路業
6138,茂達,2023/02,340.71,0.0287,-0.4282,M2324 半導體
6139,亞翔,2023/02,2988.5,0.2744,0.5903,M2331 其他電子業
6140,訊達,2023/02,154.64,0.4156,0.2016,M2330 資訊服務業
6141,柏承,2023/02,158.0,0.2485,-0.3306,M2328 電子零組件
6142,友勁,2023/02,339.68,-0.0418,0.8547,M2327 通信網路業
6143,振曜,2023/02,565.74,0.1071,0.6116,M2327 通信網路業
6144,得利影,2023/02,14.34,-0.3245,-0.341,M3200 文化創意業
6146,耕興,2023/02,410.08,-0.0354,0.0129,M2331 其他電子業
6147,頎邦,2023/02,1403.8,-0.0191,-0.3219,M2324 半導體
6148,驊宏資,2023/02,42.45,-0.6918,1.2425,M2330 資訊服務業
6150,撼訊,2023/02,380.1,-0.1843,-0.4642,M2325 電腦及週邊
6151,晉倫,2023/02,135.62,0.1771,-0.0098,M2331 其他電子業
6152,百一,2023/02,192.49,0.5002,0.0889,M2327 通信網路業
6153,嘉聯益,2023/02,550.83,-0.0046,-0.2149,M2328 電子零組件
6154,順發,2023/02,307.03,0.048,-0.2574,M2329 電子通路業
6155,鈞寶,2023/02,48.08,-0.1861,-0.0168,M2328 電子零組件
6156,松上,2023/02,272.67,0.3337,-0.0222,M2328 電子零組件
6158,禾昌,2023/02,115.71,0.0167,-0.1998,M2328 電子零組件
6160,欣技,2023/02,129.79,0.2065,0.5958,M2325 電腦及週邊
6161,捷波,2023/02,79.84,-0.3837,-0.4773,M2325 電腦及週邊
6163,華電網,2023/02,757.98,2.8564,1.256,M2327 通信網路業
6164,華興,2023/02,49.67,-0.0871,-0.0692,M2326 光電業
6165,浪凡,2023/02,201.1,-0.0989,-0.088,M9900 其他
6166,凌華,2023/02,783.45,-0.3822,0.1597,M2325 電腦及週邊
6167,久正,2023/02,150.07,-0.0371,-0.0287,M2326 光電業
6168,宏齊,2023/02,173.62,0.0687,-0.1545,M2326 光電業
6169,昱泉,2023/02,1.22,0.0,9.1667,M3200 文化創意業
6170,統振,2023/02,172.06,-0.111,-0.2837,M2327 通信網路業
6173,信昌電,2023/02,285.67,0.0411,-0.2731,M2328 電子零組件
6174,安碁,2023/02,34.92,-0.294,-0.2445,M2328 電子零組件
6175,立敦,2023/02,253.65,0.0283,-0.2795,M2328 電子零組件
6176,瑞儀,2023/02,2860.79,-0.2251,-0.2996,M2326 光電業
6177,達麗,2023/02,1666.84,62.6928,14.448,M2500 建材營造
6179,亞通,2023/02,249.47,0.0479,0.3045,M9900 其他
6180,橘子,2023/02,855.15,0.1772,-0.3578,M3200 文化創意業
6182,合晶,2023/02,893.99,-0.085,-0.0977,M2324 半導體
6183,關貿,2023/02,180.82,-0.0518,-0.1338,M2330 資訊服務業
6184,大豐電,2023/02,169.71,-0.043,0.0288,M9900 其他
6185,幃翔,2023/02,56.18,0.0041,0.3415,M2328 電子零組件
6186,新潤,2023/02,9.79,-0.9297,5.4834,M2500 建材營造
6187,萬潤,2023/02,72.46,0.1433,-0.6472,M2331 其他電子業
6188,廣明,2023/02,802.73,-0.051,-0.1126,M2325 電腦及週邊
6189,豐藝,2023/02,2476.05,0.2573,0.0499,M2329 電子通路業
6190,萬泰科,2023/02,538.27,0.1341,-0.1916,M2327 通信網路業
6191,精成科,2023/02,1685.99,-0.0852,-0.1383,M2328 電子零組件
6192,巨路,2023/02,488.46,0.0527,0.0846,M2331 其他電子業
6194,育富,2023/02,87.94,0.1761,0.2561,M2328 電子零組件
6195,詩肯,2023/02,149.94,-0.4289,0.1201,M2900 貿易百貨
6196,帆宣,2023/02,4729.0,0.0904,0.854,M2331 其他電子業
6197,佳必琪,2023/02,345.89,0.1294,0.2703,M2328 電子零組件
6199,天品,2023/02,13.7,-0.2234,0.8819,M9900 其他
6201,亞弘電,2023/02,213.42,-0.0663,0.3333,M2331 其他電子業
6202,盛群,2023/02,263.12,0.0498,-0.6295,M2324 半導體
6203,海韻電,2023/02,186.6,-0.0204,0.3757,M2328 電子零組件
6204,艾華,2023/02,19.26,-0.4149,-0.3397,M2328 電子零組件
6205,詮欣,2023/02,167.66,-0.1824,0.3886,M2328 電子零組件
6206,飛捷,2023/02,243.86,0.0411,-0.4447,M2325 電腦及週邊
6207,雷科,2023/02,59.7,-0.1743,-0.3496,M2328 電子零組件
6208,日揚,2023/02,368.33,0.3064,0.399,M2328 電子零組件
6209,今國光,2023/02,232.69,-0.241,0.1373,M2326 光電業
6210,慶生,2023/02,26.59,-0.039,-0.4531,M2328 電子零組件
6212,理銘,2023/02,9.87,-0.9718,1.2742,M2500 建材營造
6213,聯茂,2023/02,2063.3,0.0546,-0.1459,M2328 電子零組件
6214,精誠,2023/02,2566.02,-0.1441,0.0922,M2330 資訊服務業
6215,和椿,2023/02,94.9,0.3796,-0.4045,M2331 其他電子業
6216,居易,2023/02,66.86,0.9787,-0.0866,M2327 通信網路業
6217,中探針,2023/02,250.58,0.067,0.2426,M2328 電子零組件
6218,豪勉,2023/02,88.0,-0.5802,0.3891,M2327 通信網路業
6219,富旺,2023/02,0.45,0.0227,-0.9661,M2500 建材營造
6220,岳豐,2023/02,662.54,0.0221,-0.0902,M2328 電子零組件
6221,晉泰,2023/02,327.32,-0.4348,-0.072,M2330 資訊服務業
6222,上揚,2023/02,0.16,-0.4074,-0.8596,M2326 光電業
6223,旺矽,2023/02,584.92,-0.1504,0.1838,M2324 半導體
6224,聚鼎,2023/02,232.59,0.1781,-0.0308,M2328 電子零組件
6225,天瀚,2023/02,1.5,-0.6781,-0.5714,M2326 光電業
6226,光鼎,2023/02,44.48,0.101,-0.0954,M2326 光電業
6227,茂綸,2023/02,1122.42,0.1274,-0.046,M2329 電子通路業
6228,全譜,2023/02,2.92,0.187,0.2218,M2325 電腦及週邊
6229,研通,2023/02,74.94,0.2687,-0.4152,M2324 半導體
6230,尼得科超眾,2023/02,930.54,-0.0683,0.308,M2325 電腦及週邊
6231,系微,2023/02,89.3,-0.0451,-0.1408,M2330 資訊服務業
6233,旺玖,2023/02,26.81,0.0477,-0.1483,M2324 半導體
6234,高僑,2023/02,50.57,0.1374,0.0649,M2326 光電業
6235,華孚,2023/02,438.62,0.0875,0.5573,M2325 電腦及週邊
6236,康呈,2023/02,3.64,0.2862,0.802,M9900 其他
6237,驊訊,2023/02,26.73,-0.1528,-0.498,M2324 半導體
6239,力成,2023/02,5216.12,0.0431,-0.1952,M2324 半導體
6240,松崗,2023/02,3.13,-0.0063,1.9528,M9900 其他
6241,易通展,2023/02,51.0,0.3636,0.3138,M2327 通信網路業
6242,立康,2023/02,49.29,-0.2271,1.052,M1722 生技醫療
6243,迅杰,2023/02,66.0,0.0258,0.0461,M2324 半導體
6244,茂迪,2023/02,480.08,0.3222,0.7605,M2326 光電業
6245,立端,2023/02,708.22,-0.1353,0.4922,M2327 通信網路業
6246,臺龍,2023/02,128.91,0.1535,-0.1847,M2326 光電業
6248,沛波,2023/02,815.68,1.202,0.519,M2000 鋼鐵工業
6257,矽格,2023/02,1169.59,-0.0059,-0.1874,M2324 半導體
6259,百徽,2023/02,41.45,0.658,0.407,M2328 電子零組件
6261,久元,2023/02,255.97,-0.2348,-0.3946,M2324 半導體
6263,普萊德,2023/02,168.68,0.8661,0.5894,M2327 通信網路業
6264,富裔,2023/02,22.04,-0.6105,-0.2726,M2500 建材營造
6265,方土昶,2023/02,66.72,0.1065,-0.3269,M2329 電子通路業
6266,泰詠,2023/02,287.0,0.0163,0.4431,M2328 電子零組件
6269,台郡,2023/02,2508.4,-0.1901,-0.1095,M2328 電子零組件
6270,倍微,2023/02,323.58,-0.061,-0.036,M2329 電子通路業
6271,同欣電,2023/02,961.19,-0.1017,-0.1001,M2324 半導體
6274,台燿,2023/02,1255.32,0.1589,-0.1431,M2328 電子零組件
6275,元山,2023/02,268.98,0.2568,0.1453,M2328 電子零組件
6276,安鈦克,2023/02,86.99,0.1889,-0.0787,M2325 電腦及週邊
6277,宏正,2023/02,394.11,-0.1741,0.0968,M2325 電腦及週邊
6278,台表科,2023/02,2941.77,0.1646,-0.4936,M2326 光電業
6279,胡連,2023/02,504.21,-0.0078,0.3267,M2328 電子零組件
6281,全國電,2023/02,1376.03,-0.1576,-0.0232,M2329 電子通路業
6282,康舒,2023/02,1571.0,-0.1256,-0.0839,M2328 電子零組件
6283,淳安,2023/02,75.9,0.3952,-0.3192,M2331 其他電子業
6284,佳邦,2023/02,469.28,0.1629,0.1229,M2328 電子零組件
6285,啟碁,2023/02,8261.71,-0.1216,0.523,M2327 通信網路業
6287,元隆,2023/02,92.13,0.0652,-0.3995,M2324 半導體
6288,聯嘉,2023/02,302.75,-0.1298,0.1977,M2200 汽車工業
6290,良維,2023/02,460.85,-0.1153,-0.0768,M2328 電子零組件
6291,沛亨,2023/02,118.69,-0.2404,0.1794,M2324 半導體
6292,迅德,2023/02,93.36,-0.142,-0.144,M2328 電子零組件
6294,智基,2023/02,72.89,-0.0508,-0.0162,M3200 文化創意業
6404,通訊-KY,2023/02,0.5,0.0,-0.0566,M2330 資訊服務業
6405,悅城,2023/02,21.94,-0.1146,-0.451,M2326 光電業
6409,旭隼,2023/02,1279.3,-0.1013,0.2093,M2331 其他電子業
6411,晶焱,2023/02,203.62,0.0919,-0.2792,M2324 半導體
6412,群電,2023/02,2571.96,-0.0299,-0.1434,M2328 電子零組件
6414,樺漢,2023/02,9521.47,0.0764,0.4079,M2325 電腦及週邊
6416,瑞祺電通,2023/02,352.27,0.1732,0.0632,M2327 通信網路業
6417,韋僑,2023/02,96.57,0.0548,0.1993,M2327 通信網路業
6418,詠昇,2023/02,48.99,-0.1294,0.4233,M2328 電子零組件
6419,京晨科,2023/02,14.79,0.3861,0.3733,M2326 光電業
6425,易發,2023/02,35.53,0.4116,-0.5887,M1500 電機機械
6426,統新,2023/02,23.6,0.0146,-0.5814,M2327 通信網路業
6431,光麗-KY,2023/02,20.69,0.4299,0.383,M2326 光電業
6432,今展科,2023/02,77.32,0.0203,-0.206,M2328 電子零組件
6435,大中,2023/02,178.54,0.033,-0.3649,M2324 半導體
6438,迅得,2023/02,523.15,-0.017,0.5203,M2331 其他電子業
6441,廣錠,2023/02,54.04,0.2133,0.5551,M2325 電腦及週邊
6442,光聖,2023/02,210.55,0.0586,0.112,M2327 通信網路業
6443,元晶,2023/02,653.83,-0.0689,0.1051,M2326 光電業
6446,藥華藥,2023/02,307.62,0.3238,4.5911,M1722 生技醫療
6449,鈺邦,2023/02,181.85,0.09,-0.1089,M2328 電子零組件
6451,訊芯-KY,2023/02,415.29,-0.1761,0.9539,M2324 半導體
6456,GIS-KY,2023/02,4354.39,0.0016,-0.5365,M2326 光電業
6457,紘康,2023/02,48.24,-0.091,-0.4458,M2324 半導體
6461,益得,2023/02,0.13,-0.8452,-0.9661,M1722 生技醫療
6462,神盾,2023/02,320.12,0.2526,0.4266,M2324 半導體
6464,台數科,2023/02,343.36,-0.023,-0.0333,M9900 其他
6465,威潤,2023/02,19.56,1.1661,0.0891,M2327 通信網路業
6469,大樹,2023/02,1173.27,-0.1276,0.198,M1722 生技醫療
6470,宇智,2023/02,187.81,-0.0472,0.8298,M2327 通信網路業
6472,保瑞,2023/02,1575.31,0.0475,3.7692,M1722 生技醫療
6477,安集,2023/02,158.09,0.6183,-0.3191,M2326 光電業
6482,弘煜科,2023/02,23.35,-0.3036,0.2067,M3200 文化創意業
6485,點序,2023/02,136.23,0.2865,-0.2269,M2324 半導體
6486,互動,2023/02,104.69,0.0674,-0.0877,M2327 通信網路業
6488,環球晶,2023/02,5981.18,0.0087,0.1167,M2324 半導體
6491,晶碩,2023/02,443.34,-0.1112,-0.0972,M1722 生技醫療
6492,生華科,2023/02,0.08,0.0,0.0,M1722 生技醫療
6494,九齊,2023/02,93.42,0.5459,-0.4343,M2324 半導體
6496,科懋,2023/02,46.94,-0.2032,0.0129,M1722 生技醫療
6499,益安,2023/02,14.63,0.6383,4.3007,M1722 生技醫療
6504,南六,2023/02,445.8,0.0266,0.362,M9900 其他
6505,台塑化,2023/02,63164.47,0.0366,0.2066,M9700 油電燃氣業
6506,雙邦,2023/02,164.82,0.2699,0.0685,M1400 紡織纖維
6508,惠光,2023/02,162.64,0.4441,0.1331,M3300 農業科技
6509,聚和,2023/02,314.92,-0.1694,-0.031,M1721 化學工業
6510,精測,2023/02,223.0,0.0311,-0.1238,M2324 半導體
6512,啟發電,2023/02,17.51,-0.3572,-0.2162,M2331 其他電子業
6514,芮特-KY,2023/02,43.28,-0.1184,0.2056,M2327 通信網路業
6515,穎崴,2023/02,320.22,-0.2484,0.3874,M2324 半導體
6516,勤崴國際,2023/02,38.62,0.0466,-0.2236,M2330 資訊服務業
6523,達爾膚,2023/02,66.25,-0.1867,0.0049,M1722 生技醫療
6525,捷敏-KY,2023/02,357.8,0.0637,-0.1261,M2324 半導體
6527,明達醫,2023/02,73.43,0.0193,0.7249,M1722 生技醫療
6530,創威,2023/02,13.44,-0.107,-0.2398,M2327 通信網路業
6532,瑞耘,2023/02,40.5,-0.1262,-0.0095,M2324 半導體
6533,晶心科,2023/02,104.54,0.6604,1.5148,M2324 半導體
6535,順藥,2023/02,3.04,-0.3348,0.2112,M1722 生技醫療
6538,倉和,2023/02,111.64,-0.1999,0.2464,M2328 電子零組件
6541,泰福-KY,2023/02,0.02,-0.9907,-0.9762,M1722 生技醫療
6542,隆中,2023/02,63.12,-0.0445,-0.0606,M3200 文化創意業
6547,高端疫苗,2023/02,0.0,,-1.0,M1722 生技醫療
6548,長科*,2023/02,889.74,-0.1016,-0.1889,M2324 半導體
6552,易華電,2023/02,114.41,-0.2309,-0.3522,M2324 半導體
6556,勝品,2023/02,170.2,-0.1031,0.2805,M2326 光電業
6558,興能高,2023/02,90.99,-0.1401,0.2978,M2331 其他電子業
6560,欣普羅,2023/02,12.92,0.2235,-0.7683,M2326 光電業
6561,是方,2023/02,257.88,-0.0114,0.0743,M2327 通信網路業
6568,宏觀,2023/02,79.22,-0.2336,0.112,M2324 半導體
6569,醫揚,2023/02,106.06,0.0826,-0.1225,M1722 生技醫療
6570,維田,2023/02,76.56,-0.2321,0.2783,M2325 電腦及週邊
6573,虹揚-KY,2023/02,102.2,0.3526,0.3285,M2324 半導體
6574,霈方,2023/02,40.03,0.0093,-0.3142,M1722 生技醫療
6576,逸達,2023/02,0.21,-0.9775,0.9091,M1722 生技醫療
6577,勁豐,2023/02,127.51,-0.2648,0.0066,M2325 電腦及週邊
6578,達邦蛋白,2023/02,33.42,0.1592,0.2583,M3300 農業科技
6579,研揚,2023/02,613.42,-0.033,0.1265,M2325 電腦及週邊
6581,鋼聯,2023/02,103.04,-0.3256,-0.4411,M9900 其他
6582,申豐,2023/02,38.14,-0.5906,-0.7185,M2100 橡膠工業
6589,台康生技,2023/02,81.0,0.1563,0.251,M1722 生技醫療
6590,普鴻,2023/02,49.4,-0.0183,0.4512,M2330 資訊服務業
6591,動力-KY,2023/02,98.14,-0.3896,-0.4796,M2325 電腦及週邊
6592,和潤企業,2023/02,2104.72,-0.0197,0.3173,M9900 其他
6593,台灣銘板,2023/02,41.24,0.1443,-0.0075,M2330 資訊服務業
6594,展匯科,2023/02,11.35,-0.0148,-0.7435,M2324 半導體
6596,寬宏藝術,2023/02,104.68,-0.3291,-0.5259,M3200 文化創意業
6598,ABC-KY,2023/02,20.36,-0.3364,1.1499,M1722 生技醫療
6603,富強鑫,2023/02,270.46,0.3132,0.049,M1500 電機機械
6605,帝寶,2023/02,1535.04,0.0822,0.3678,M2200 汽車工業
6609,瀧澤科,2023/02,236.42,-0.1903,-0.069,M1500 電機機械
6612,奈米醫材,2023/02,51.11,-0.0224,0.1733,M1722 生技醫療
6615,慧智,2023/02,38.8,0.1352,0.0926,M1722 生技醫療
6616,特昇-KY,2023/02,73.29,0.0716,-0.3662,M9900 其他
6624,萬年清,2023/02,17.37,0.8303,0.6527,M9900 其他
6625,必應,2023/02,64.32,-0.037,0.0758,M9900 其他
6629,泰金-KY,2023/02,73.01,-0.155,-0.3312,M9900 其他
6640,均華,2023/02,70.09,-0.0036,-0.4158,M2324 半導體
6641,基士德-KY,2023/02,128.57,0.7386,0.6513,M9900 其他
6642,富致,2023/02,33.98,0.1414,-0.0564,M2328 電子零組件
6643,M31,2023/02,105.21,0.1601,0.2912,M2324 半導體
6649,台生材,2023/02,10.65,3.2944,1.3826,M1722 生技醫療
6651,全宇昕,2023/02,94.88,-0.2764,-0.2382,M2324 半導體
6654,天正國際,2023/02,33.55,0.675,-0.1736,M2331 其他電子業
6655,科定,2023/02,172.71,0.7534,0.4779,M9900 其他
6661,威健生技,2023/02,15.62,-0.3764,0.186,M1722 生技醫療
6662,樂斯科,2023/02,20.49,1.5709,0.3279,M1722 生技醫療
6664,群翊,2023/02,179.14,0.0044,0.3622,M2328 電子零組件
6666,羅麗芬-KY,2023/02,68.69,2.831,0.4609,M1722 生技醫療
6667,信紘科,2023/02,156.1,-0.0957,0.0387,M2331 其他電子業
6668,中揚光,2023/02,72.07,-0.0321,-0.016,M2326 光電業
6669,緯穎,2023/02,22994.65,0.4006,0.6761,M2325 電腦及週邊
6670,復盛應用,2023/02,2024.78,-0.308,0.0112,M9900 其他
6671,三能-KY,2023/02,128.07,0.6246,0.1949,M9900 其他
6672,騰輝電子-KY,2023/02,383.69,0.0603,-0.2463,M2328 電子零組件
6674,鋐寶科技,2023/02,55.6,-0.449,-0.7769,M2327 通信網路業
6679,鈺太,2023/02,116.52,0.2821,-0.4782,M2324 半導體
6680,鑫創電子,2023/02,46.61,-0.0768,0.8659,M2325 電腦及週邊
6683,雍智科技,2023/02,120.66,0.0048,0.0259,M2324 半導體
6684,安格,2023/02,15.04,-0.2942,-0.6424,M2324 半導體
6690,安碁資訊,2023/02,118.36,-0.0442,0.0673,M2330 資訊服務業
6697,東捷資訊,2023/02,85.8,0.0289,-0.1815,M2330 資訊服務業
6698,旭暉應材,2023/02,93.84,-0.1307,0.1069,M2331 其他電子業
6703,軒郁,2023/02,145.21,0.128,0.3941,M1722 生技醫療
6706,惠特,2023/02,131.64,0.0026,-0.7825,M2326 光電業
6712,長聖,2023/02,39.04,0.1766,0.2189,M1722 生技醫療
6715,嘉基,2023/02,240.22,-0.1087,0.5346,M2328 電子零組件
6716,應廣,2023/02,52.16,0.1499,-0.3198,M2324 半導體
6727,亞泰金屬,2023/02,135.96,0.8792,0.1136,M2328 電子零組件
6728,上洋,2023/02,195.09,0.0858,0.2729,M2900 貿易百貨
6732,昇佳電子,2023/02,262.53,0.0432,-0.3482,M2324 半導體
6733,博晟生醫,2023/02,2.69,-0.3067,0.9353,M1722 生技醫療
6741,91APP*-KY,2023/02,101.82,-0.0477,0.2153,M3400 電子商務
6743,安普新,2023/02,240.48,-0.2168,-0.4126,M2331 其他電子業
6747,亨泰光,2023/02,71.1,0.341,0.1998,M1722 生技醫療
6751,智聯服務,2023/02,132.86,0.1437,0.6865,M2330 資訊服務業
6754,匯僑設計,2023/02,279.34,0.3739,0.0712,M9900 其他
6756,威鋒電子,2023/02,114.75,0.036,-0.6065,M2324 半導體
6762,達亞,2023/02,47.88,-0.1933,0.7668,M1722 生技醫療
6767,台微醫,2023/02,21.83,0.1526,1.7051,M1722 生技醫療
6768,志強-KY,2023/02,802.66,-0.2863,-0.2167,M9900 其他
6776,展碁國際,2023/02,1525.55,-0.0899,0.014,M2329 電子通路業
6781,AES-KY,2023/02,1022.7,0.1556,-0.1486,M2328 電子零組件
6803,崑鼎,2023/02,578.48,-0.0757,0.0645,M9900 其他
7402,邑錡,2023/02,34.13,1.09,-0.3112,M2326 光電業
8011,台通,2023/02,125.38,-0.0269,-0.1358,M2327 通信網路業
8016,矽創,2023/02,1057.55,0.0135,-0.4238,M2324 半導體
8021,尖點,2023/02,194.31,-0.1232,-0.3263,M2331 其他電子業
8024,佑華,2023/02,20.43,-0.0024,-0.4652,M2324 半導體
8027,鈦昇,2023/02,103.54,-0.0906,-0.4875,M1500 電機機械
8028,昇陽半導體,2023/02,279.46,0.0732,0.2785,M2324 半導體
8032,光菱,2023/02,262.25,0.0943,0.0041,M2329 電子通路業
8033,雷虎,2023/02,85.56,-0.1511,0.2216,M9900 其他
8034,榮群,2023/02,8.64,0.0105,-0.3066,M2327 通信網路業
8038,長園科,2023/02,31.49,-0.4169,10.5772,M2328 電子零組件
8039,台虹,2023/02,431.26,0.0518,-0.2398,M2328 電子零組件
8040,九暘,2023/02,67.62,-0.1779,-0.3282,M2324 半導體
8042,金山電,2023/02,226.87,-0.2535,-0.2423,M2328 電子零組件
8043,蜜望實,2023/02,373.42,-0.1884,-0.278,M2328 電子零組件
8044,網家,2023/02,3307.0,-0.0699,-0.1061,M3400 電子商務
8046,南電,2023/02,4109.48,0.0009,-0.0028,M2328 電子零組件
8047,星雲,2023/02,49.48,0.2476,0.4284,M2331 其他電子業
8048,德勝,2023/02,104.32,0.1519,0.2449,M2327 通信網路業
8049,晶采,2023/02,214.31,0.3568,0.8383,M2326 光電業
8050,廣積,2023/02,613.52,0.3531,0.6486,M2325 電腦及週邊
8054,安國,2023/02,131.05,0.1708,0.1966,M2324 半導體
8059,凱碩,2023/02,89.62,-0.0969,-0.1879,M2327 通信網路業
8064,東捷,2023/02,281.52,-0.3922,0.6196,M2326 光電業
8066,來思達,2023/02,299.35,0.1349,-0.061,M2900 貿易百貨
8067,志旭,2023/02,7.26,-0.1987,-0.4735,M2329 電子通路業
8068,全達,2023/02,27.55,-0.7418,-0.5588,M2329 電子通路業
8069,元太,2023/02,2346.09,-0.0899,0.829,M2326 光電業
8070,長華*,2023/02,1330.24,-0.0539,-0.2166,M2329 電子通路業
8071,能率網通,2023/02,162.67,0.0776,-0.1457,M2328 電子零組件
8072,陞泰,2023/02,86.38,0.2927,0.0312,M2329 電子通路業
8074,鉅橡,2023/02,81.0,0.0877,-0.0917,M2328 電子零組件
8076,伍豐,2023/02,139.61,-0.4262,-0.1229,M2325 電腦及週邊
8077,洛碁,2023/02,62.74,0.0749,0.4762,M2700 觀光事業
8080,永利聯合,2023/02,5.03,-0.6899,-0.7602,M2328 電子零組件
8081,致新,2023/02,530.88,-0.0518,-0.3261,M2324 半導體
8083,瑞穎,2023/02,75.04,-0.0621,-0.4988,M1500 電機機械
8084,巨虹,2023/02,85.46,0.0432,-0.0026,M2329 電子通路業
8085,福華,2023/02,58.41,0.0534,0.18,M2331 其他電子業
8086,宏捷科,2023/02,104.95,-0.1156,-0.4231,M2324 半導體
8087,華鎂鑫,2023/02,14.86,10.6094,-0.6195,M2326 光電業
8088,品安,2023/02,103.52,-0.2419,-0.0047,M2324 半導體
8089,康全電訊,2023/02,67.12,-0.5959,-0.5364,M2327 通信網路業
8091,翔名,2023/02,147.46,-0.1182,0.0644,M2328 電子零組件
8092,建暐,2023/02,30.29,0.2001,-0.2797,M2331 其他電子業
8093,保銳,2023/02,20.52,-0.489,0.1515,M2328 電子零組件
8096,擎亞,2023/02,1114.86,0.2358,-0.4936,M2329 電子通路業
8097,常珵,2023/02,56.85,-0.2099,0.6935,M2327 通信網路業
8099,大世科,2023/02,393.45,-0.2452,0.5291,M2330 資訊服務業
8101,華冠,2023/02,20.96,-0.0542,-0.3423,M2327 通信網路業
8103,瀚荃,2023/02,175.12,-0.3243,-0.315,M2328 電子零組件
8104,錸寶,2023/02,218.78,-0.1383,0.8014,M2326 光電業
8105,凌巨,2023/02,737.67,-0.0915,-0.0357,M2326 光電業
8107,大億金茂,2023/02,66.69,0.0479,0.3969,M1500 電機機械
8109,博大,2023/02,158.2,0.1643,0.7894,M2328 電子零組件
8110,華東,2023/02,638.56,0.1308,-0.1714,M2324 半導體
8111,立碁,2023/02,64.34,0.024,0.0271,M2326 光電業
8112,至上,2023/02,8557.45,0.2679,-0.4053,M2329 電子通路業
8114,振樺電,2023/02,710.64,-0.2508,-0.0352,M2325 電腦及週邊
8121,越峰,2023/02,213.02,0.1223,0.0483,M2328 電子零組件
8131,福懋科,2023/02,734.28,-0.0123,-0.1067,M2324 半導體
8147,正淩,2023/02,80.73,0.1551,0.2677,M2328 電子零組件
8150,南茂,2023/02,1437.31,0.0806,-0.3146,M2324 半導體
8155,博智,2023/02,228.35,-0.073,-0.2455,M2328 電子零組件
8163,達方,2023/02,1835.58,-0.0292,-0.1203,M2325 電腦及週邊
8171,天宇,2023/02,71.2,-0.0257,0.2123,M2327 通信網路業
8176,智捷,2023/02,23.0,-0.2812,0.3561,M2327 通信網路業
8182,加高,2023/02,159.96,-0.0997,-0.2851,M2328 電子零組件
8183,精星,2023/02,488.34,-0.1801,0.0177,M2331 其他電子業
8201,無敵,2023/02,30.42,-0.6168,-0.1769,M2331 其他電子業
8210,勤誠,2023/02,535.12,0.2679,-0.0071,M2325 電腦及週邊
8213,志超,2023/02,1309.58,-0.0973,-0.3619,M2328 電子零組件
8215,明基材,2023/02,1335.4,0.0688,0.0447,M2326 光電業
8222,寶一,2023/02,54.27,0.9445,0.7093,M1500 電機機械
8234,新漢,2023/02,536.99,-0.0143,0.2162,M2325 電腦及週邊
8240,華宏,2023/02,475.04,-0.0289,-0.3988,M2326 光電業
8249,菱光,2023/02,354.46,0.7769,0.2623,M2328 電子零組件
8255,朋程,2023/02,337.81,-0.1008,0.1215,M1500 電機機械
8261,富鼎,2023/02,197.37,0.0082,-0.4391,M2324 半導體
8271,宇瞻,2023/02,550.81,-0.0057,-0.1285,M2324 半導體
8277,商丞,2023/02,9.18,-0.7597,-0.6641,M2324 半導體
8279,生展,2023/02,137.28,-0.1978,0.3108,M1722 生技醫療
8284,三竹,2023/02,188.58,-0.1726,0.1659,M2330 資訊服務業
8289,泰藝,2023/02,160.07,-0.0263,0.0808,M2328 電子零組件
8291,尚茂,2023/02,4.34,0.1826,-0.6347,M2328 電子零組件
8299,群聯,2023/02,3274.87,0.1378,-0.383,M2324 半導體
8341,日友,2023/02,259.46,-0.1483,-0.2169,M9900 其他
8342,益張,2023/02,93.67,0.1106,-0.2152,M9900 其他
8349,恒耀,2023/02,870.28,-0.0514,0.0021,M2000 鋼鐵工業
8354,冠好,2023/02,48.55,0.1798,0.0096,M9900 其他
8358,金居,2023/02,582.58,-0.1695,-0.1686,M2328 電子零組件
8367,建新國際,2023/02,163.64,0.0108,0.0931,M2600 航運業
8374,羅昇,2023/02,251.1,0.0267,0.0267,M1500 電機機械
8383,千附,2023/02,243.09,-0.2744,-0.1393,M2331 其他電子業
8390,金益鼎,2023/02,247.61,0.0104,0.0665,M9900 其他
8401,白紗科,2023/02,110.38,0.2942,0.2579,M9900 其他
8403,盛弘,2023/02,242.32,-0.2241,-0.0689,M1722 生技醫療
8404,百和興業-KY,2023/02,454.67,0.0357,0.0039,M9900 其他
8409,商之器,2023/02,13.15,0.6095,0.3727,M1722 生技醫療
8410,森田,2023/02,81.73,0.2044,0.1061,M2325 電腦及週邊
8411,福貞-KY,2023/02,566.31,0.1316,0.2473,M9900 其他
8415,大國鋼,2023/02,2116.14,0.094,0.16,M2000 鋼鐵工業
8416,實威,2023/02,85.07,-0.0811,0.1649,M2330 資訊服務業
8418,捷必勝-KY,2023/02,106.04,0.0638,-0.3104,M9900 其他
8420,明揚,2023/02,336.27,-0.082,0.7263,M9900 其他
8421,旭源,2023/02,95.93,-0.1199,0.0752,M9900 其他
8422,可寧衛,2023/02,463.61,-0.0005,0.3437,M9900 其他
8423,保綠-KY,2023/02,25.9,-0.0509,0.2561,M9900 其他
8424,惠普,2023/02,78.0,0.2998,0.2548,M2500 建材營造
8426,紅木-KY,2023/02,158.88,-0.1701,0.7602,M9900 其他
8429,金麗-KY,2023/02,5.04,0.008,-0.4825,M2900 貿易百貨
8431,匯鑽科,2023/02,77.26,0.6265,-0.098,M2331 其他電子業
8432,東生華,2023/02,34.64,-0.1615,0.2319,M1722 生技醫療
8433,弘帆,2023/02,139.1,-0.5678,-0.2529,M2900 貿易百貨
8435,鉅邁,2023/02,50.07,-0.2042,0.0095,M9900 其他
8436,大江,2023/02,561.02,-0.1524,0.1577,M1722 生技醫療
8437,大地-KY,2023/02,27.2,-0.1349,-0.3515,M9900 其他
8440,綠電,2023/02,70.18,0.2321,0.2568,M9900 其他
8442,威宏-KY,2023/02,654.58,0.3407,0.3028,M9900 其他
8443,阿瘦,2023/02,88.13,-0.3047,-0.209,M2900 貿易百貨
8444,綠河-KY,2023/02,360.36,0.3608,-0.0069,M9900 其他
8446,華研,2023/02,89.0,0.1151,0.4045,M3200 文化創意業
8450,霹靂,2023/02,27.27,-0.2229,-0.2922,M3200 文化創意業
8454,富邦媒,2023/02,7899.18,-0.0975,0.13,M2900 貿易百貨
8455,大拓-KY,2023/02,127.38,0.0742,-0.0173,M2331 其他電子業
8462,柏文,2023/02,312.49,-0.0276,0.1509,M2700 觀光事業
8463,潤泰材,2023/02,389.68,0.2481,1.1017,M9900 其他
8464,億豐,2023/02,1848.7,-0.0013,-0.1373,M9900 其他
8466,美吉吉-KY,2023/02,123.1,-0.2772,-0.5367,M9900 其他
8467,波力-KY,2023/02,144.61,0.4768,0.6567,M9900 其他
8472,夠麻吉,2023/02,26.78,-0.0325,0.3238,M3400 電子商務
8473,山林水,2023/02,288.73,0.0722,0.0423,M9900 其他
8476,台境,2023/02,48.67,-0.8295,-0.6877,M9900 其他
8477,創業家,2023/02,116.22,-0.0786,-0.4208,M3400 電子商務
8478,東哥遊艇,2023/02,283.91,-0.498,-0.0865,M9900 其他
8481,政伸,2023/02,89.44,0.1738,0.0257,M9900 其他
8482,商億-KY,2023/02,218.28,-0.3866,-0.2488,M9900 其他
8488,吉源-KY,2023/02,280.29,0.1095,0.0713,M9900 其他
8489,三貝德,2023/02,107.66,0.0561,0.0302,M9900 其他
8499,鼎炫-KY,2023/02,109.08,-0.2499,-0.4686,M2331 其他電子業
8905,裕國,2023/02,393.14,-0.0522,2.2669,M9900 其他
8906,花王,2023/02,12.37,-0.3417,-0.1775,M9900 其他
8908,欣雄,2023/02,553.69,0.1599,0.0511,M9700 油電燃氣業
8916,光隆,2023/02,502.99,-0.0289,-0.0843,M9900 其他
8917,欣泰,2023/02,230.75,0.0407,0.0839,M9700 油電燃氣業
8921,沈氏,2023/02,68.26,-0.0048,0.6073,M9900 其他
8923,時報,2023/02,27.63,-0.2001,-0.1064,M3200 文化創意業
8924,大田,2023/02,511.34,-0.1594,1.4269,M9900 其他
8926,台汽電,2023/02,337.31,-0.076,0.2966,M9700 油電燃氣業
8927,北基,2023/02,538.99,-0.098,0.1236,M9700 油電燃氣業
8928,鉅明,2023/02,273.0,-0.165,-0.035,M9900 其他
8929,富堡,2023/02,42.83,-0.3158,-0.148,M9900 其他
8930,青鋼,2023/02,124.69,0.6452,0.5201,M2000 鋼鐵工業
8931,大汽電,2023/02,289.35,-0.0348,1.1945,M9700 油電燃氣業
8932,宏大,2023/02,70.17,0.7529,0.1791,M9900 其他
8933,愛地雅,2023/02,329.1,-0.0894,-0.0015,M9900 其他
8935,邦泰,2023/02,57.82,-0.2538,-0.2997,M9900 其他
8936,國統,2023/02,162.12,-0.3554,-0.444,M9900 其他
8937,合騏,2023/02,16.0,2.99,3.4818,M9900 其他
8938,明安,2023/02,1751.4,-0.195,0.5947,M9900 其他
8940,新天地,2023/02,114.62,-0.4153,0.7494,M2700 觀光事業
8941,關中,2023/02,142.73,-0.3386,-0.45,M2900 貿易百貨
8942,森鉅,2023/02,508.65,0.4531,0.3255,M9900 其他
8996,高力,2023/02,254.58,-0.1877,1.0425,M1500 電機機械
9105,泰金寶-DR,2023/02,11015.42,-0.1043,-0.0193,W91   存託憑證
9802,鈺齊-KY,2023/02,1832.03,0.2042,0.3353,M9900 其他
9902,台火,2023/02,13.07,-0.3728,34.3243,M9900 其他
9904,寶成,2023/02,18231.39,-0.2649,0.0022,M9900 其他
9905,大華,2023/02,725.65,0.1384,0.269,M9900 其他
9906,欣巴巴,2023/02,149.72,-0.4021,2.6243,M2500 建材營造
9907,統一實,2023/02,3081.99,0.3614,0.0541,M9900 其他
9908,大台北,2023/02,296.72,-0.0992,0.0766,M9700 油電燃氣業
9910,豐泰,2023/02,6458.49,0.0148,-0.0042,M9900 其他
9911,櫻花,2023/02,562.67,-0.2004,0.0702,M9900 其他
9912,偉聯,2023/02,37.19,-0.188,-0.052,M2325 電腦及週邊
9914,美利達,2023/02,2699.61,0.1818,0.1752,M9900 其他
9917,中保科,2023/02,1401.32,0.0115,0.1671,M9900 其他
9918,欣天然,2023/02,190.33,-0.1482,0.0473,M9700 油電燃氣業
9919,康那香,2023/02,246.87,-0.0766,-0.0557,M9900 其他
9921,巨大,2023/02,5690.7,-0.0236,-0.1491,M9900 其他
9924,福興,2023/02,473.15,-0.3307,-0.1938,M9900 其他
9925,新保,2023/02,645.16,0.0473,0.0326,M9900 其他
9926,新海,2023/02,210.04,-0.105,0.0136,M9700 油電燃氣業
9927,泰銘,2023/02,550.91,-0.0055,-0.1425,M9900 其他
9928,中視,2023/02,51.15,-0.4069,-0.0797,M9900 其他
9929,秋雨,2023/02,59.52,0.0945,0.2219,M9900 其他
9930,中聯資源,2023/02,1036.05,0.0367,0.4425,M9900 其他
9931,欣高,2023/02,121.11,0.1094,0.0231,M9700 油電燃氣業
9933,中鼎,2023/02,6696.72,-0.0398,-0.1444,M9900 其他
9934,成霖,2023/02,1491.32,0.0017,-0.0622,M9900 其他
9935,慶豐富,2023/02,245.94,-0.4187,-0.2878,M9900 其他
9937,全國,2023/02,1824.13,-0.0685,0.047,M9700 油電燃氣業
9938,百和,2023/02,1069.4,0.3721,-0.0355,M9900 其他
9939,宏全,2023/02,1914.49,0.0762,0.252,M9900 其他
9940,信義,2023/02,1189.61,-0.4234,0.3433,M9900 其他
9941,裕融,2023/02,3164.22,0.0001,0.2373,M9900 其他
9942,茂順,2023/02,378.33,0.2505,0.4479,M9900 其他
9943,好樂迪,2023/02,228.86,-0.3274,-0.0006,M2700 觀光事業
9944,新麗,2023/02,216.69,0.093,-0.0031,M9900 其他
9945,潤泰新,2023/02,2778.1,0.6621,0.8702,M9900 其他
9946,三發地產,2023/02,60.06,2.1998,-0.3146,M2500 建材營造
9949,琉園,2023/02,12.8,-0.5732,-0.1768,M3200 文化創意業
9950,萬國通,2023/02,191.61,-0.2687,0.2145,M1300 塑膠工業
9951,皇田,2023/02,411.04,0.1147,0.216,M1500 電機機械
9955,佳龍,2023/02,84.2,0.0094,-0.3505,M9900 其他
9958,世紀鋼,2023/02,758.7,-0.2992,-0.074,M2000 鋼鐵工業
9960,邁達康,2023/02,61.63,0.0488,0.3144,M2900 貿易百貨
9962,有益,2023/02,312.3,0.1107,0.2218,M2000 鋼鐵工業
