,,,,,,,,,,,,,
,代號,名稱,年月,營業收入淨額q,累計每股盈餘est,"eps
成長","eps
衰退","eps
近五月
成長","eps
連續
成長","eps
近五月
衰退","eps
連續
衰退",TEJ  產業別,TEJ 子產業別
1,3008,大立光,2022/12,14458.6,186.3,1,0,3,2,2,0,M2326 光電業,M23U1 光學鏡頭
2,2603,長榮,2022/12,110885.2,94.58,0,1,3,0,2,1,M2600 航運業,M26A2 貨櫃輪
3,6669,緯穎,2022/12,87439.4,84.67,1,0,4,3,1,0,M2325 電腦及週邊,M23A2 泛用電腦
4,2454,聯發科,2022/12,108194.1,74.99,0,1,3,0,2,2,M2324 半導體,M23G5 IC設計
5,3533,嘉澤,2022/12,7042,59.86,0,1,4,0,1,1,M2328 電子零組件,M23D2 連接器
6,4966,譜瑞-KY,2022/12,3185.4,59.53,0,1,3,0,2,2,M2324 半導體,M23G5 IC設計
7,5274,信驊,2022/12,1326.7,57.9,1,0,4,1,1,0,M2324 半導體,M23G5 IC設計
8,2609,陽明,2022/12,59962.1,51.67,0,1,3,0,2,2,M2600 航運業,M26A2 貨櫃輪
9,6409,旭隼,2022/12,5698,50.24,0,1,3,0,2,1,M2331 其他電子業,M23D3 電源供應器
10,3293,鈊象,2022/12,3167,48.22,1,0,3,2,2,0,M3200 文化創意業,M23X2 遊戲軟體
11,3034,聯詠,2022/12,22420.2,47.33,1,0,1,1,4,0,M2324 半導體,M23G5 IC設計
12,2327,國巨,2022/12,28808.5,46.45,0,1,3,0,2,1,M2328 電子零組件,M23D5 被動元件
13,2059,川湖,2022/12,1988.2,45.63,0,1,3,0,2,1,M2328 電子零組件,M20B 金屬製品
14,6121,新普,2022/12,24797,41.6,1,0,3,3,2,0,M2325 電腦及週邊,M23D7 二次電池
15,5269,祥碩,2022/12,1007.8,40.4,0,1,2,0,3,2,M2324 半導體,M23G5 IC設計
16,2330,台積電,2022/12,625531.9,37.8,1,0,5,8,0,0,M2324 半導體,M23G1A 晶圓代工
17,6781,AES-KY,2022/12,3427.3,37.66,0,1,1,0,1,1,M2328 電子零組件,M23D7 二次電池
18,2379,瑞昱,2022/12,21762.1,35.99,1,0,3,1,2,0,M2324 半導體,M23G5 IC設計
19,2615,萬海,2022/12,39434,33.63,0,1,2,0,3,3,M2600 航運業,M26A2 貨櫃輪
20,6515,穎崴,2022/12,1709.2,32.16,1,0,4,3,1,0,M2324 半導體,M23B3X PCB材-其他
21,3406,玉晶光,2022/12,5750.2,31.95,0,1,1,0,4,1,M2326 光電業,M23U1 光學鏡頭
22,6488,環球晶,2022/12,18387.8,31.62,0,1,3,0,2,2,M2324 半導體,M23G3C 晶圓材料
23,2357,華碩,2022/12,127075.4,31.53,0,1,1,0,4,1,M2325 電腦及週邊,M23A3 PC品牌
24,2915,潤泰全,2022/12,658.1,31.45,1,0,3,1,2,0,M2900 貿易百貨,M29A2 量販
25,1590,亞德客-KY,2022/12,6264.5,31.22,1,0,3,1,2,0,M1500 電機機械,M15A2 模具零件
26,8046,南電,2022/12,17704,31.13,0,1,3,0,2,1,M2328 電子零組件,M23B2A IC載板
27,8016,矽創,2022/12,3831.4,30.99,0,1,0,0,5,5,M2324 半導體,M23G5 IC設計
28,3443,創意,2022/12,8082.9,27.97,1,0,4,3,1,0,M2324 半導體,M23G5 IC設計
29,3413,京鼎,2022/12,4181.2,27.77,1,0,2,1,3,0,M2324 半導體,M23H2 電機設備
30,8299,群聯,2022/12,12290.3,27.52,0,1,1,0,4,4,M2324 半導體,M23G5 IC設計
31,3131,弘塑,2022/12,1012.3,27.51,1,0,3,2,2,0,M2331 其他電子業,M23H2 電機設備
32,2404,漢唐,2023/01,18385.1,27.03,1,0,4,3,1,0,M2331 其他電子業,M23H1 廠辦機電
33,3665,貿聯-KY,2023/01,13521.9,26.12,0,1,3,0,2,1,M2331 其他電子業,M23D2 連接器
34,3661,世芯-KY,2023/01,4630.8,26.07,0,1,3,0,2,1,M2324 半導體,M23G5 IC設計
35,1476,儒鴻,2023/01,7628.4,25.16,0,1,2,0,3,2,M1400 紡織纖維,M14C1 成衣製造
36,6510,精測,2023/01,1145.8,24.57,0,1,3,0,2,1,M2324 半導體,M23B2D 硬板及其他
37,3611,鼎翰,2023/01,2185.2,24.49,1,0,2,2,3,0,M2325 電腦及週邊,M23B5A POS
38,8081,致新,2023/01,1712.8,24.33,0,1,1,0,4,3,M2324 半導體,M23G5 IC設計
39,3558,神準,2023/01,5375.4,21.99,1,0,4,1,1,0,M2327 通信網路業,M23E1 數據機
40,3529,力旺,2023/01,902.7,21.62,1,0,4,1,1,0,M2324 半導體,M23G5 IC設計
41,6414,樺漢,2023/01,37326.6,21.53,1,0,4,3,1,0,M2325 電腦及週邊,M23B5B 工業電腦
42,5289,宜鼎,2023/01,2286.6,21.43,1,0,3,1,2,0,M2325 電腦及週邊,M23G3B 記憶體模組
43,3037,欣興,2023/01,36689.7,21.25,0,1,4,0,1,1,M2328 電子零組件,M23B2D 硬板及其他
44,3653,健策,2023/01,3422.6,20.13,0,1,3,0,2,1,M2328 電子零組件,M23D9B 散熱零組件
45,4763,材料-KY,2023/01,1229.6,20.08,1,0,4,3,1,0,M1721 化學工業,M17Z 其他化學
46,5904,寶雅,2023/01,5139.9,19.87,0,1,2,0,3,1,M2900 貿易百貨,M29A9 其他零售
47,2474,可成,2023/01,6657.4,19.18,1,0,3,2,2,0,M2331 其他電子業,M23D4 機殼
48,6271,同欣電,2023/01,3289.5,18.79,0,1,3,0,2,1,M2324 半導體,M23G2 IC封測
49,5434,崇越,2023/01,13261.1,17.98,1,0,3,2,2,0,M2329 電子通路業,M23T2 零組件代理
50,2636,台驊投控,2023/01,4221.5,17.85,0,1,1,0,4,4,M2600 航運業,M26C 貨運倉儲業
51,6732,昇佳電子,2023/01,800.1,17.83,1,0,2,1,3,0,M2324 半導體,M23G5 IC設計
52,6176,瑞儀,2023/01,15302.9,17.46,1,0,3,2,2,0,M2326 光電業,M23C8B 背光模組
53,2643,捷迅,2023/01,1233.1,16.75,0,1,3,0,2,1,M2600 航運業,M26C 貨運倉儲業
54,8454,富邦媒,2023/01,31802.8,16.46,1,0,2,1,3,0,M2900 貿易百貨,M23K4 電商及XaaS
55,6146,耕興,2023/01,1185.8,16.03,0,1,3,0,2,1,M2331 其他電子業,M23Z 其他電子
56,6683,雍智科技,2023/01,375.6,15.95,0,1,2,0,3,1,M2324 半導體,M23B2A IC載板
57,3324,雙鴻,2023/01,3425.2,15.95,1,0,3,2,2,0,M2331 其他電子業,M23D9B 散熱零組件
58,4958,臻鼎-KY,2023/01,52902.2,15.91,1,0,4,3,1,0,M2328 電子零組件,M23B2C 軟板
59,5609,中菲行,2023/01,7699.1,15.87,0,1,1,0,4,4,M2600 航運業,M26C 貨運倉儲業
60,3189,景碩,2023/01,9428.8,15.54,0,1,4,0,1,1,M2324 半導體,M23B2A IC載板
61,5483,中美晶,2023/01,21205.1,15.53,0,1,3,0,2,2,M2324 半導體,M23G3C 晶圓材料
62,4438,廣越,2023/01,4448,15.18,0,1,2,0,3,1,M1400 紡織纖維,M14C1 成衣製造
63,2345,智邦,2023/02,22198.1,15.15,1,0,4,3,1,0,M2327 通信網路業,M23E2 網路卡
64,3617,碩天,2023/02,2825.6,15.03,0,1,1,0,4,2,M2331 其他電子業,M23D3 電源供應器
65,2637,慧洋-KY,2023/02,5166.6,14.88,0,1,2,0,3,2,M2600 航運業,M26A1 散裝輪
66,4766,南寶,2023/02,5578,14.79,0,1,2,0,3,1,M1721 化學工業,M17F 樹脂
67,6278,台表科,2023/02,17596.8,14.72,1,0,3,2,2,0,M2326 光電業,M23B2B PCB 組裝
68,3711,日月光投控,2023/02,177489.5,14.69,0,1,3,0,2,1,M2324 半導體,M23G2 IC封測
69,3130,一零四,2023/02,525.2,14.59,0,1,3,0,2,1,M2330 資訊服務業,M23K4 電商及XaaS
70,1477,聚陽,2023/02,7363,14.52,0,1,1,0,4,1,M1400 紡織纖維,M14C1 成衣製造
71,6435,大中,2023/02,475,14.23,0,1,2,0,3,3,M2324 半導體,M23G5 IC設計
72,5288,豐祥-KY,2023/02,2279.4,14.12,1,0,3,3,2,0,M1500 電機機械,M15D 汽車組件
73,6728,上洋,2023/02,531.7,14,0,1,3,0,2,2,M2900 貿易百貨,M15C1 家電
74,2395,研華,2023/02,17186.8,13.97,0,1,4,0,1,1,M2325 電腦及週邊,M23B5B 工業電腦
75,5278,尚凡,2023/02,515.9,13.95,1,0,2,1,3,0,M3400 電子商務,M23K4 電商及XaaS
76,2308,台達電,2023/02,105660.3,13.82,1,0,2,2,3,0,M2328 電子零組件,M23D3 電源供應器
77,4439,冠星-KY,2023/02,1055.4,13.73,1,0,3,1,2,0,M1400 紡織纖維,M14C2 織布
78,8114,振樺電,2023/02,2850.7,13.7,0,1,3,0,2,1,M2325 電腦及週邊,M23B5A POS
79,3563,牧德,2023/02,494.1,13.64,1,0,2,2,3,0,M2326 光電業,M23H2 電機設備
80,2049,上銀,2023/02,5593.8,13.6,0,1,2,0,3,2,M1500 電機機械,M15A2 模具零件
81,2360,致茂,2023/02,6072.8,13.52,0,1,2,0,3,1,M2331 其他電子業,M23H2 電機設備
82,6223,旺矽,2023/02,1898.8,13.5,1,0,4,3,1,0,M2324 半導體,M23B2D 硬板及其他
83,3679,新至陞,2023/02,1014.8,13.45,0,1,3,0,2,1,M2328 電子零組件,M23D9A 沖壓零組件
84,3532,台勝科,2023/02,4400.2,13.35,1,0,5,6,0,0,M2324 半導體,M23G3C 晶圓材料
85,6269,台郡,2023/02,11122.8,13.35,0,1,2,0,3,1,M2328 電子零組件,M23B2C 軟板
86,5287,數字,2023/02,515.7,13.34,1,0,4,4,1,0,M3400 電子商務,M23K4 電商及XaaS
87,2377,微星,2023/02,40790.1,13.28,0,1,1,0,4,2,M2325 電腦及週邊,M23B1 主機板
88,3023,信邦,2023/02,8240.2,13.21,0,1,2,0,3,1,M2328 電子零組件,M23D2 連接器
89,6138,茂達,2023/02,1018.5,13.17,0,1,3,0,2,2,M2324 半導體,M23G5 IC設計
90,2383,台光電,2023/02,8887.6,13.15,0,1,1,0,4,4,M2328 電子零組件,M23B3A 銅箔基板
91,1475,業旺,2023/03,336.8,13.05,1,0,4,3,1,0,M1400 紡織纖維,M14C2 織布
92,6706,惠特,2023/03,382.9,12.8,0,1,2,0,3,3,M2326 光電業,M23H2 電機設備
93,3515,華擎,2023/03,4951.5,12.79,1,0,2,1,3,0,M2325 電腦及週邊,M23B1 主機板
94,4557,永新-KY,2023/03,686.7,12.75,0,1,4,0,1,1,M2200 汽車工業,M15D 汽車組件
95,4551,智伸科,2023/03,2229.9,12.67,1,0,4,3,1,0,M2200 汽車工業,M15D 汽車組件
96,3455,由田,2023/03,1002.2,12.63,1,0,4,3,1,0,M2326 光電業,M23H2 電機設備
97,3017,奇鋐,2023/03,14777,12.6,1,0,5,5,0,0,M2325 電腦及週邊,M23D9B 散熱零組件
98,8499,鼎炫-KY,2023/03,451.6,12.49,0,1,2,0,3,2,M2331 其他電子業,M23Z 其他電子
99,2428,興勤,2023/03,1876.3,12.45,0,1,1,0,4,2,M2328 電子零組件,M23D5 被動元件
100,6533,晶心科,2023/03,309.5,12.39,1,0,3,2,2,0,M2324 半導體,M23G5 IC設計
101,6196,帆宣,2023/03,14631.6,12.35,1,0,4,3,1,0,M2331 其他電子業,M23H1 廠辦機電
102,8083,瑞穎,2023/03,250.3,12.26,1,0,3,2,2,0,M1500 電機機械,M15A2 模具零件
103,6643,M31,2023/03,489.2,12.2,1,0,4,3,1,0,M2324 半導體,M23G5 IC設計
104,3010,華立,2023/03,16575,12.09,0,1,2,0,3,1,M2329 電子通路業,M23T2 零組件代理
105,3680,家登,2023/03,1331.4,11.98,1,0,5,7,0,0,M2324 半導體,M23H2 電機設備
106,1537,廣隆,2023/03,1583.6,11.89,0,1,2,0,3,2,M1500 電機機械,M23D7 二次電池
107,6664,群翊,2023/03,615,11.74,1,0,4,1,1,0,M2328 電子零組件,M23H2 電機設備
108,6605,帝寶,2023/03,4447.9,11.64,0,1,3,0,2,1,M2200 汽車工業,M15D 汽車組件
109,8155,博智,2023/03,778.4,11.59,0,1,1,0,4,3,M2328 電子零組件,M23B2D 硬板及其他
110,2376,技嘉,2023/03,27848.1,11.5,1,0,2,1,3,0,M2325 電腦及週邊,M23B1 主機板
111,3044,健鼎,2023/03,14662.6,11.3,0,1,1,0,4,4,M2328 電子零組件,M23B2D 硬板及其他
112,6727,亞泰金屬,2023/03,336.8,11.29,1,0,4,4,1,0,M2328 電子零組件,M23H2 電機設備
113,6456,GIS-KY,2023/03,32806.8,11.13,0,1,2,0,3,1,M2326 光電業,M23C8E 觸控面板
114,8416,實威,2023/03,459.5,11.12,1,0,3,1,2,0,M2330 資訊服務業,M23X9 應用軟體
115,3693,營邦,2023/03,1903.4,11.1,1,0,4,4,1,0,M2325 電腦及週邊,M23D4 機殼
116,6494,九齊,2023/03,342.7,10.95,1,0,2,1,3,0,M2324 半導體,M23G5 IC設計
117,6239,力成,2023/03,18402.6,10.93,0,1,1,0,4,2,M2324 半導體,M23G2 IC封測
118,6756,威鋒電子,2023/03,483.1,10.87,0,1,1,0,4,4,M2324 半導體,M23G5 IC設計
119,3706,神達,2023/03,12627.7,10.86,1,0,3,1,2,0,M2325 電腦及週邊,M23A1 EMS
120,2347,聯強,2023/03,112155.6,10.68,1,0,4,3,1,0,M2329 電子通路業,M23T1 3C通路
121,2233,宇隆,2023/03,740.3,10.67,0,1,2,0,3,1,M2200 汽車工業,M15D 汽車組件
122,6279,胡連,2023/04,2004,10.66,1,0,2,1,3,0,M2328 電子零組件,M15D 汽車組件
123,1558,伸興,2023/04,1888.2,10.64,1,0,2,1,3,0,M1500 電機機械,M15A3 紡織工具機
124,6438,迅得,2023/04,1471.4,10.63,1,0,2,1,3,0,M2331 其他電子業,M23H2 電機設備
125,8091,翔名,2023/04,512.4,10.62,0,1,4,0,1,1,M2328 電子零組件,M23H2 電機設備
126,2317,鴻海,2023/04,1957008.1,10.56,1,0,3,1,2,0,M2331 其他電子業,M23A1 EMS
127,8433,弘帆,2023/04,754.8,10.54,1,0,4,3,1,0,M2900 貿易百貨,M29B 貿易業
128,3036,文曄,2023/04,157464.5,10.49,0,1,3,0,2,1,M2329 電子通路業,M23T2 零組件代理
129,6679,鈺太,2023/04,339.5,10.49,0,1,1,0,4,3,M2324 半導體,M23G5 IC設計
130,5015,華祺,2023/04,586.5,10.25,0,1,3,0,2,1,M2000 鋼鐵工業,M20A1 線材
131,6579,研揚,2023/04,2255.5,10.2,1,0,3,2,2,0,M2325 電腦及週邊,M23B5B 工業電腦
132,3570,大塚,2023/04,417.3,10.13,0,1,2,0,3,2,M2330 資訊服務業,M23X9 應用軟體
133,2385,群光,2023/04,27602.3,10.11,0,1,2,0,3,1,M2328 電子零組件,M23C3 PC週邊
134,3035,智原,2023/04,3249.9,10.09,0,1,2,0,3,3,M2324 半導體,M23G5 IC設計
135,2752,豆府,2023/04,696.9,10.07,0,1,2,0,3,1,M2700 觀光事業,M27A2 餐飲業
136,4919,新唐,2023/04,9569.2,10.03,0,1,3,0,2,2,M2324 半導體,M23G5 IC設計
137,8069,元太,2023/04,8543.3,10.02,1,0,4,3,1,0,M2326 光電業,M23C8A LCD 面板
138,8050,廣積,2023/04,1948.5,9.97,1,0,4,1,1,0,M2325 電腦及週邊,M23B5B 工業電腦
139,8109,博大,2023/04,505.9,9.92,1,0,3,3,2,0,M2328 電子零組件,M23D3 電源供應器
140,6485,點序,2023/04,431.3,9.83,0,1,1,0,4,4,M2324 半導體,M23G5 IC設計
141,6715,嘉基,2023/04,859.1,9.81,0,1,3,0,2,1,M2328 電子零組件,M23D2 連接器
142,2368,金像電,2023/04,8500.7,9.76,0,1,3,0,2,1,M2328 電子零組件,M23B2D 硬板及其他
143,3587,閎康,2023/04,1138.5,9.74,1,0,2,1,3,0,M2331 其他電子業,M23Z 其他電子
144,3675,德微,2023/04,516.2,9.64,0,1,2,0,3,2,M2324 半導體,M23D1 整流二極體
145,6556,勝品,2023/04,575.7,9.64,1,0,4,2,1,0,M2326 光電業,M23C9 安全監控
146,3526,凡甲,2023/04,523.6,9.62,0,1,1,0,4,1,M2328 電子零組件,M23D2 連接器
147,2912,統一超,2023/04,75597.3,9.53,0,1,3,0,2,1,M2900 貿易百貨,M29A4 便利商店
148,3042,晶技,2023/04,3007.4,9.49,0,1,2,0,3,1,M2328 電子零組件,M23D6 石英元件
149,8261,富鼎,2023/04,706.2,9.4,0,1,3,0,2,2,M2324 半導體,M23G5 IC設計
150,2227,裕日車,2023/04,6574.2,9.3,1,0,2,2,3,0,M2200 汽車工業,M22X 汽車買賣
151,6245,立端,2023/04,3136.2,9.27,1,0,4,3,1,0,M2327 通信網路業,M23B5B 工業電腦
152,6640,均華,2023/05,321.8,9.24,1,0,3,1,2,0,M2324 半導體,M23H2 電機設備
153,3022,威強電,2023/05,2225.2,9.21,0,1,2,0,3,1,M2325 電腦及週邊,M23B5B 工業電腦
154,8210,勤誠,2023/05,2657.5,9.19,0,1,2,0,3,1,M2325 電腦及週邊,M23D4 機殼
155,6294,智基,2023/05,237.8,9.17,0,1,3,0,2,2,M3200 文化創意業,M99ZX 其他服務業
156,4755,三福化,2023/05,1201.1,9.12,0,1,2,0,3,3,M1721 化學工業,M17Z 其他化學
157,5347,世界,2023/05,9573.4,9.08,0,1,3,0,2,2,M2324 半導體,M23G1A 晶圓代工
158,1560,中砂,2023/05,1589.3,9.02,0,1,3,0,2,2,M1500 電機機械,M15A2 模具零件
159,3454,晶睿,2023/05,3396.3,8.99,1,0,4,4,1,0,M2326 光電業,M23C9 安全監控
160,6285,啟碁,2023/05,29094.8,8.99,1,0,3,3,2,0,M2327 通信網路業,M23K2 衛星微波
161,3596,智易,2023/05,13196.2,8.98,1,0,3,2,2,0,M2327 通信網路業,M23E1 數據機
162,6192,巨路,2023/05,1670.6,8.89,1,0,3,3,2,0,M2331 其他電子業,M23T2 零組件代理
163,3548,兆利,2023/05,1700.5,8.88,1,0,3,2,2,0,M2328 電子零組件,M23D9A 沖壓零組件
164,5258,虹堡,2023/05,2398.8,8.85,1,0,4,3,1,0,M2325 電腦及週邊,M23B5A POS
165,3376,新日興,2023/05,2459.2,8.78,0,1,3,0,2,1,M2328 電子零組件,M23D9A 沖壓零組件
166,6147,頎邦,2023/05,5383.1,8.66,1,0,3,1,2,0,M2324 半導體,M23G2 IC封測
167,8941,關中,2023/05,648.5,8.66,0,1,3,0,2,1,M2900 貿易百貨,M99B 五金及家具
168,5209,新鼎,2023/05,1239.7,8.65,1,0,3,1,2,0,M2330 資訊服務業,M23X1 系統整合
169,4974,亞泰,2023/05,1157.1,8.64,1,0,4,4,1,0,M2328 電子零組件,M23C2 影像掃描
170,4580,捷流閥業,2023/05,547,8.58,0,1,1,0,4,2,M1500 電機機械,M15Z 其他電製品
171,6525,捷敏-KY,2023/05,1204.4,8.52,1,0,3,1,2,0,M2324 半導體,M23G2 IC封測
172,1315,達新,2023/05,611,8.48,1,0,3,3,2,0,M1300 塑膠工業,M13A8 塑膠加工
173,6220,岳豐,2023/05,2393.2,8.33,0,1,1,0,4,1,M2328 電子零組件,M23D2 連接器
174,3030,德律,2023/05,1409.8,8.21,0,1,2,0,3,2,M2331 其他電子業,M23H2 電機設備
175,3090,日電貿,2023/05,2396.9,8.21,0,1,1,0,4,3,M2328 電子零組件,M23T2 零組件代理
176,6716,應廣,2023/05,141.5,8.15,0,1,2,0,3,1,M2324 半導體,M23G5 IC設計
177,6180,橘子,2023/05,2176.1,8.15,0,1,2,0,3,1,M3200 文化創意業,M23X2 遊戲軟體
178,2066,世德,2023/05,725.5,8.03,0,1,3,0,2,1,M1500 電機機械,M15D 汽車組件
179,1580,新麥,2023/05,1030.5,8.02,1,0,2,1,3,0,M1500 電機機械,M15Z 其他電製品
180,2472,立隆電,2023/05,2392.6,8.02,1,0,3,1,2,0,M2328 電子零組件,M23D5 被動元件
181,3317,尼克森,2023/05,557.8,8.01,1,0,3,1,2,0,M2324 半導體,M23G5 IC設計
182,2387,精元,2023/05,6409.6,8,1,0,3,2,2,0,M2325 電腦及週邊,M23C3 PC週邊
183,1773,勝一,2023/06,2539.4,7.99,0,1,1,0,4,1,M1721 化學工業,M17Z 其他化學
184,4953,緯軟,2023/06,2092.1,7.92,1,0,3,2,2,0,M2330 資訊服務業,M23X1 系統整合
185,3479,安勤,2023/06,2320.7,7.83,0,1,4,0,1,1,M2325 電腦及週邊,M23B5B 工業電腦
186,2707,晶華,2023/06,1663.7,7.81,1,0,4,2,1,0,M2700 觀光事業,M27A1 飯店業
187,2458,義隆,2023/06,1964.1,7.81,0,1,1,0,4,2,M2324 半導體,M23G5 IC設計
188,3014,聯陽,2023/06,1145.6,7.8,1,0,1,1,4,0,M2324 半導體,M23G5 IC設計
189,3264,欣銓,2023/06,3830.4,7.77,0,1,3,0,2,1,M2324 半導體,M23G2 IC封測
190,6231,系微,2023/06,348.4,7.74,0,1,2,0,3,1,M2330 資訊服務業,M23X9 應用軟體
191,6206,飛捷,2023/06,973.5,7.73,0,1,2,0,3,2,M2325 電腦及週邊,M23B5A POS
192,6591,動力-KY,2023/06,396.3,7.69,1,0,3,1,2,0,M2325 電腦及週邊,M23D9B 散熱零組件
193,6227,茂綸,2023/06,3745,7.61,0,1,2,0,3,1,M2329 電子通路業,M23T2 零組件代理
194,5388,中磊,2023/06,18385.7,7.58,1,0,4,4,1,0,M2327 通信網路業,M23E2 網路卡
195,1539,巨庭,2023/06,292.3,7.55,1,0,4,3,1,0,M1500 電機機械,M15A1 工具機
196,4935,茂林-KY,2023/06,2258,7.5,0,1,2,0,3,1,M2326 光電業,M23C8C LCD 原料
197,1419,新紡,2023/06,954,7.49,1,0,4,3,1,0,M1400 紡織纖維,M14C2 織布
198,3552,同致,2023/06,2509.2,7.49,0,1,2,0,3,1,M2331 其他電子業,M15D 汽車組件
199,6690,安碁資訊,2023/06,451,7.47,1,0,4,1,1,0,M2330 資訊服務業,M23X1 系統整合
200,6470,宇智,2023/06,659.3,7.45,1,0,4,3,1,0,M2327 通信網路業,M23E1 數據機
201,3583,辛耘,2023/06,1572.1,7.39,1,0,4,3,1,0,M2324 半導體,M23H2 電機設備
202,4912,聯德控股-KY,2023/06,1163.6,7.38,1,0,3,1,2,0,M2328 電子零組件,M23D9A 沖壓零組件
203,1301,台塑,2023/06,51066.1,7.37,0,1,1,0,4,4,M1300 塑膠工業,M13A1 泛用塑膠
204,4549,桓達,2023/06,347.6,7.36,0,1,2,0,3,1,M1500 電機機械,M15H 儀器設備
205,5474,聰泰,2023/06,293.4,7.36,1,0,2,1,3,0,M2325 電腦及週邊,M23B4B 電視卡
206,6257,矽格,2023/06,4136.6,7.36,0,1,2,0,3,2,M2324 半導體,M23G2 IC封測
207,2303,聯電,2023/06,67835.7,7.32,0,1,4,0,1,1,M2324 半導體,M23G1A 晶圓代工
208,3217,優群,2023/06,621.5,7.28,1,0,1,1,4,0,M2328 電子零組件,M23D2 連接器
209,4721,美琪瑪,2023/06,1001.8,7.26,0,1,1,0,4,2,M1721 化學工業,M17Z 其他化學
210,3374,精材,2023/06,1799.4,7.23,0,1,2,0,3,1,M2324 半導體,M23G2 IC封測
211,5371,中光電,2023/06,11171.2,7.22,1,0,3,2,2,0,M2326 光電業,M23C8B 背光模組
212,3026,禾伸堂,2023/06,3299.5,7.18,0,1,1,0,4,3,M2328 電子零組件,M23D5 被動元件
213,1339,昭輝,2023/07,501.9,7.17,1,0,4,2,1,0,M2200 汽車工業,M15D 汽車組件
214,3265,台星科,2023/07,890,7.16,0,1,2,0,3,2,M2324 半導體,M23G2 IC封測
215,2065,世豐,2023/07,682.9,7.12,1,0,4,2,1,0,M2000 鋼鐵工業,M20A1 線材
216,6412,群電,2023/07,9501.4,7.09,0,1,3,0,2,1,M2328 電子零組件,M23D3 電源供應器
217,5425,台半,2023/07,4004.8,7.08,0,1,4,0,1,1,M2324 半導體,M23D1 整流二極體
218,4571,鈞興-KY,2023/07,598.6,7.08,1,0,2,2,3,0,M1500 電機機械,M15D 汽車組件
219,1723,中碳,2023/07,2236.1,7.07,0,1,1,0,4,2,M1721 化學工業,M17Z 其他化學
220,2439,美律,2023/07,10381,7.07,0,1,3,0,2,1,M2327 通信網路業,M23U2 聲學產品
221,6261,久元,2023/07,930.5,7.04,0,1,1,0,4,2,M2324 半導體,M23G2 IC封測
222,3141,晶宏,2023/07,398.2,7.02,0,1,2,0,3,2,M2324 半導體,M23G5 IC設計
223,6263,普萊德,2023/07,504.3,6.99,1,0,3,1,2,0,M2327 通信網路業,M23E2 網路卡
224,3580,友威科,2023/07,308.2,6.98,0,1,2,0,3,1,M2331 其他電子業,M23H2 電機設備
225,2382,廣達,2023/07,327216.7,6.95,0,1,3,0,2,1,M2325 電腦及週邊,M23A1 EMS
226,3527,聚積,2023/07,493.4,6.88,0,1,2,0,3,2,M2324 半導體,M23G5 IC設計
227,8080,永利聯合,2023/07,120.7,6.88,0,1,2,0,3,2,M2328 電子零組件,M25C 工程承攬
228,2480,敦陽科,2023/07,1858.4,6.83,1,0,4,3,1,0,M2330 資訊服務業,M23X1 系統整合
229,8097,常珵,2023/07,298.1,6.82,0,1,2,0,3,2,M2327 通信網路業,M23D2 連接器
230,4171,瑞基,2023/07,85.3,6.81,0,1,1,0,4,2,M3300 農業科技,M17G 醫療耗材
231,1583,程泰,2023/07,1531.8,6.8,0,1,3,0,2,1,M1500 電機機械,M15A1 工具機
232,5469,瀚宇博,2023/07,11127.2,6.79,0,1,2,0,3,1,M2328 電子零組件,M23B2D 硬板及其他
233,6230,尼得科超眾,2023/07,3513.4,6.77,1,0,3,2,2,0,M2325 電腦及週邊,M23D9B 散熱零組件
234,2313,華通,2023/07,20845.7,6.75,0,1,2,0,3,1,M2328 電子零組件,M23B2D 硬板及其他
235,4566,時碩工業,2023/07,1211,6.75,0,1,3,0,2,1,M1500 電機機械,M15D 汽車組件
236,3551,世禾,2023/07,608.6,6.71,0,1,3,0,2,1,M2331 其他電子業,M23H2 電機設備
237,5903,全家,2023/07,23540.4,6.68,0,1,3,0,2,1,M2900 貿易百貨,M29A4 便利商店
238,5608,四維航,2023/07,1299.2,6.67,0,1,2,0,3,2,M2600 航運業,M26A1 散裝輪
239,3169,亞信,2023/07,307.5,6.66,1,0,2,1,3,0,M2324 半導體,M23G5 IC設計
240,3088,艾訊,2023/07,1815.4,6.65,1,0,2,1,3,0,M2325 電腦及週邊,M23B5B 工業電腦
241,3702,大聯大,2023/07,177362.3,6.62,1,0,2,1,3,0,M2329 電子通路業,M23T2 零組件代理
242,3003,健和興,2023/07,1105.2,6.61,0,1,3,0,2,1,M2328 電子零組件,M23D2 連接器
243,2459,敦吉,2023/07,2045.2,6.6,1,0,4,3,1,0,M2331 其他電子業,M23T2 零組件代理
244,8234,新漢,2023/08,2136.1,6.59,0,1,3,0,2,1,M2325 電腦及週邊,M23B5B 工業電腦
245,6672,騰輝電子-KY,2023/08,1217.9,6.51,1,0,1,1,4,0,M2328 電子零組件,M23B3A 銅箔基板
246,3227,原相,2023/08,1020.9,6.5,0,1,1,0,4,2,M2324 半導體,M23G5 IC設計
247,6187,萬潤,2023/08,290.2,6.46,0,1,2,0,3,2,M2331 其他電子業,M23H2 電機設備
248,5478,智冠,2023/08,1641.1,6.44,0,1,3,0,2,1,M3200 文化創意業,M23X2 遊戲軟體
249,3388,崇越電,2023/08,1783.9,6.44,0,1,1,0,4,2,M2328 電子零組件,M23T2 零組件代理
250,3483,力致,2023/08,1704.6,6.43,0,1,1,0,4,3,M2325 電腦及週邊,M23D9B 散熱零組件
251,8255,朋程,2023/08,1145.8,6.43,1,0,4,2,1,0,M1500 電機機械,M15D 汽車組件
252,6486,互動,2023/08,884.5,6.43,1,0,3,1,2,0,M2327 通信網路業,M23K1 網通工程
253,2027,大成鋼,2023/08,23986.5,6.41,0,1,2,0,3,2,M2000 鋼鐵工業,M20A6 不鏽鋼
254,3501,維熹,2023/08,1474.2,6.39,0,1,2,0,3,1,M2328 電子零組件,M23D2 連接器
255,6281,全國電,2023/08,4461.3,6.38,0,1,2,0,3,1,M2329 電子通路業,M23T1 3C通路
256,5403,中菲,2023/08,1287.1,6.38,1,0,3,1,2,0,M2330 資訊服務業,M23X1 系統整合
257,1605,華新,2023/08,43176.2,6.35,0,1,3,0,2,2,M1600 電器電纜,M16 電線
258,3416,融程電,2023/08,700.7,6.35,0,1,2,0,3,1,M2325 電腦及週邊,M23B5B 工業電腦
259,4987,科誠,2023/08,323.2,6.33,1,0,3,2,2,0,M2325 電腦及週邊,M23B5A POS
260,2451,創見,2023/08,2600,6.33,0,1,2,0,3,1,M2324 半導體,M23G3B 記憶體模組
261,6419,京晨科,2023/08,37.4,6.31,1,0,3,1,2,0,M2326 光電業,M23C9 安全監控
262,3541,西柏,2023/08,424,6.31,0,1,2,0,3,2,M2331 其他電子業,M23C3 PC週邊
263,1526,日馳,2023/08,478.7,6.3,0,1,3,0,2,1,M1500 電機機械,M15E 自行車組件
264,4915,致伸,2023/08,18723.7,6.3,0,1,3,0,2,1,M2328 電子零組件,M23C3 PC週邊
265,6203,海韻電,2023/08,698.2,6.29,1,0,3,3,2,0,M2328 電子零組件,M23D3 電源供應器
266,3163,波若威,2023/08,775.2,6.26,1,0,4,1,1,0,M2327 通信網路業,M23K6 光元件模組
267,5464,霖宏,2023/08,316.8,6.25,1,0,3,1,2,0,M2328 電子零組件,M23B2D 硬板及其他
268,6277,宏正,2023/08,1512.5,6.19,1,0,4,3,1,0,M2325 電腦及週邊,M23C3 PC週邊
269,2211,長榮鋼,2023/08,2241.8,6.17,1,0,4,3,1,0,M2000 鋼鐵工業,M20A2 鋼筋
270,2228,劍麟,2023/08,1061.6,6.12,0,1,2,0,3,1,M2200 汽車工業,M15D 汽車組件
271,1708,東鹼,2023/08,1894.2,6.08,0,1,3,0,2,1,M1721 化學工業,M17Z 其他化學
272,1527,鑽全,2023/08,706.9,6.02,1,0,2,1,3,0,M1500 電機機械,M15A1 工具機
273,3546,宇峻,2023/08,367.7,5.99,1,0,2,1,3,0,M3200 文化創意業,M23X2 遊戲軟體
274,4572,駐龍,2023/08,170.1,5.94,1,0,3,1,2,0,M1500 電機機械,M22B3 航空器製造
275,8112,至上,2023/09,35719.2,5.93,0,1,2,0,3,1,M2329 電子通路業,M23T2 零組件代理
276,3211,順達,2023/09,5554.3,5.9,1,0,3,2,2,0,M2325 電腦及週邊,M23D7 二次電池
277,2754,亞洲藏壽司,2023/09,1018.3,5.9,0,1,3,0,2,1,M2700 觀光事業,M27A2 餐飲業
278,3006,晶豪科,2023/09,2666.8,5.89,0,1,1,0,4,2,M2324 半導體,M23G5 IC設計
279,2755,揚秦,2023/09,495.2,5.88,0,1,3,0,2,2,M2700 觀光事業,M27A2 餐飲業
280,2375,凱美,2023/09,1276.6,5.87,0,1,2,0,3,1,M2328 電子零組件,M23D5 被動元件
281,2301,光寶科,2023/09,43095.2,5.87,0,1,2,0,3,1,M2325 電腦及週邊,M23C3 PC週邊
282,2729,瓦城,2023/09,1229.5,5.87,0,1,2,0,3,1,M2700 觀光事業,M27A2 餐飲業
283,1341,富林-KY,2023/09,728.1,5.86,1,0,3,1,2,0,M1300 塑膠工業,M13A6 合成皮
284,2732,六角,2023/09,1045.4,5.85,0,1,3,0,2,1,M2700 觀光事業,M27A2 餐飲業
285,3289,宜特,2023/09,981.8,5.84,1,0,5,5,0,0,M2331 其他電子業,M23Z 其他電子
286,8289,泰藝,2023/09,520.6,5.84,0,1,3,0,2,1,M2328 電子零組件,M23D6 石英元件
287,6202,盛群,2023/09,1085.3,5.83,0,1,1,0,4,3,M2324 半導體,M23G5 IC設計
288,1595,川寶,2023/09,377.1,5.82,1,0,2,1,3,0,M2328 電子零組件,M23H2 電機設備
289,8183,精星,2023/09,1878.2,5.81,0,1,3,0,2,1,M2331 其他電子業,M23B2B PCB 組裝
290,2235,謚源,2023/09,147.2,5.8,0,1,3,0,2,1,M1500 電機機械,M15D 汽車組件
291,6104,創惟,2023/09,577.8,5.8,1,0,3,1,2,0,M2324 半導體,M23G5 IC設計
292,3684,榮昌,2023/09,309.3,5.79,1,0,4,3,1,0,M2327 通信網路業,M23K2 衛星微波
293,8446,華研,2023/09,255.3,5.69,1,0,3,2,2,0,M3200 文化創意業,M99ZX 其他服務業
294,2449,京元電子,2023/09,8849.6,5.68,0,1,2,0,3,2,M2324 半導體,M23G2 IC封測
295,6609,瀧澤科,2023/09,1057.1,5.65,1,0,3,1,2,0,M1500 電機機械,M15A1 工具機
296,6548,長科*,2023/09,3338.3,5.64,0,1,2,0,3,2,M2324 半導體,M23G4 IC導線架
297,2606,裕民,2023/09,3113.1,5.63,0,1,2,0,3,1,M2600 航運業,M26A1 散裝輪
298,4942,嘉彰,2023/09,1593.6,5.61,0,1,1,0,4,4,M2326 光電業,M23D9A 沖壓零組件
299,2351,順德,2023/09,2844.5,5.6,0,1,2,0,3,1,M2324 半導體,M23G4 IC導線架
300,4568,科際精密,2023/09,232.2,5.58,0,1,1,0,4,2,M1500 電機機械,M15Z 其他電製品
301,4977,眾達-KY,2023/09,916.5,5.56,1,0,3,2,2,0,M2327 通信網路業,M23K6 光元件模組
302,3209,全科,2023/09,15184.5,5.56,0,1,2,0,3,1,M2329 電子通路業,M23T2 零組件代理
303,6191,精成科,2023/09,5885.7,5.54,1,0,2,1,3,0,M2328 電子零組件,M23B2B PCB 組裝
304,2337,旺宏,2023/09,9077.9,5.54,0,1,2,0,3,1,M2324 半導體,M23G1B 記憶體製造
305,2441,超豐,2023/10,3038.2,5.53,0,1,1,0,4,2,M2324 半導體,M23G2 IC封測
306,6411,晶焱,2023/10,386.6,5.51,1,0,3,1,2,0,M2324 半導體,M23G5 IC設計
307,4927,泰鼎-KY,2023/10,3590.9,5.49,1,0,2,1,3,0,M2328 電子零組件,M23B2D 硬板及其他
308,2373,震旦行,2023/10,3196.5,5.48,0,1,2,0,3,1,M2331 其他電子業,M23T1 3C通路
309,6123,上奇,2023/10,1374.7,5.45,1,0,3,2,2,0,M2325 電腦及週邊,M23T1 3C通路
310,4952,凌通,2023/10,489.4,5.44,0,1,2,0,3,2,M2324 半導體,M23G5 IC設計
311,6568,宏觀,2023/10,465.8,5.41,1,0,3,1,2,0,M2324 半導體,M23G5 IC設計
312,2063,世鎧,2023/10,368.3,5.38,1,0,3,3,2,0,M2000 鋼鐵工業,M20A1 線材
313,3444,利機,2023/10,237.6,5.36,0,1,4,0,1,1,M2329 電子通路業,M23T2 零組件代理
314,5215,科嘉-KY,2023/10,486.8,5.36,1,0,2,1,3,0,M2325 電腦及週邊,M23D9D 其他零組件
315,9951,皇田,2023/10,1439.7,5.32,1,0,2,2,3,0,M1500 電機機械,M15D 汽車組件
316,6442,光聖,2023/10,587.6,5.32,0,1,3,0,2,1,M2327 通信網路業,M23K6 光元件模組
317,8213,志超,2023/10,4657,5.29,1,0,1,1,4,0,M2328 電子零組件,M23B2D 硬板及其他
318,5223,安力-KY,2023/10,403.7,5.28,0,1,2,0,3,1,M2325 電腦及週邊,M23D9A 沖壓零組件
319,8271,宇瞻,2023/10,2135.5,5.27,0,1,1,0,4,1,M2324 半導體,M23G3B 記憶體模組
320,6143,振曜,2023/10,2241.6,5.27,1,0,3,2,2,0,M2327 通信網路業,M23C3 PC週邊
321,2006,東和鋼鐵,2023/10,14307.7,5.26,0,1,2,0,3,3,M2000 鋼鐵工業,M20A2 鋼筋
322,3402,漢科,2023/10,1152.9,5.25,1,0,2,1,3,0,M2331 其他電子業,M23H1 廠辦機電
323,1541,錩泰,2023/10,657.7,5.22,1,0,2,1,3,0,M1500 電機機械,M15A1 工具機
324,6139,亞翔,2023/10,10944,5.19,1,0,4,3,1,0,M2331 其他電子業,M23H1 廠辦機電
325,6532,瑞耘,2023/10,195.1,5.19,0,1,3,0,2,1,M2324 半導體,M23H2 電機設備
326,3556,禾瑞亞,2023/10,259.7,5.18,1,0,2,1,3,0,M2324 半導體,M23G5 IC設計
327,6577,勁豐,2023/10,485.3,5.18,1,0,2,1,3,0,M2325 電腦及週邊,M23B5B 工業電腦
328,2392,正崴,2023/10,27901.9,5.16,1,0,3,2,2,0,M2328 電子零組件,M23D2 連接器
329,2408,南亞科,2023/10,7953.6,5.15,0,1,0,0,5,5,M2324 半導體,M23G1B 記憶體製造
330,8131,福懋科,2023/10,2500.9,5.14,1,0,4,2,1,0,M2324 半導體,M23G2 IC封測
331,3484,崧騰,2023/10,1127,5.11,0,1,1,0,4,1,M2328 電子零組件,M23D2 連接器
332,2727,王品,2023/10,5000.6,5.11,1,0,3,2,2,0,M2700 觀光事業,M27A2 餐飲業
333,2015,豐興,2023/10,8959.5,5.11,0,1,2,0,3,2,M2000 鋼鐵工業,M20A2 鋼筋
334,6284,佳邦,2023/10,1507.5,5.1,0,1,2,0,3,1,M2328 電子零組件,M23D5 被動元件
335,2493,揚博,2023/10,864.3,5.1,1,0,4,1,1,0,M2328 電子零組件,M23H2 電機設備
336,4506,崇友,2023/11,1226.1,5.08,1,0,3,3,2,0,M1500 電機機械,M15B1 電機
337,6290,良維,2023/11,1851.9,5.07,0,1,2,0,3,1,M2328 電子零組件,M23D2 連接器
338,6667,信紘科,2023/11,587.6,5.05,0,1,2,0,3,1,M2331 其他電子業,M23H1 廠辦機電
339,4938,和碩,2023/11,358029.7,5.05,0,1,2,0,3,1,M2325 電腦及週邊,M23A1 EMS
340,6213,聯茂,2023/11,6857.8,5.03,1,0,1,1,4,0,M2328 電子零組件,M23B3A 銅箔基板
341,3226,至寶電,2023/11,370.1,5.01,1,0,2,1,3,0,M1500 電機機械,M15D 汽車組件
342,4995,晶達,2023/11,328.5,5.01,1,0,3,1,2,0,M2326 光電業,M23C1 顯示器
343,2397,友通,2023/11,4340.6,5.01,1,0,3,3,2,0,M2325 電腦及週邊,M23B5B 工業電腦
344,2478,大毅,2023/11,1164.9,5,1,0,1,1,4,0,M2328 電子零組件,M23D5 被動元件
345,2484,希華,2023/11,673.7,4.99,0,1,3,0,2,1,M2328 電子零組件,M23D6 石英元件
346,6538,倉和,2023/11,372.8,4.98,1,0,2,1,3,0,M2328 電子零組件,M23C7F 其他太陽能
347,2476,鉅祥,2023/11,1719,4.97,0,1,2,0,3,1,M2328 電子零組件,M23D9A 沖壓零組件
348,5225,東科-KY,2023/11,2721.6,4.96,0,1,2,0,3,2,M2331 其他電子業,M23U2 聲學產品
349,5457,宣德,2023/11,4449.5,4.96,0,1,2,0,3,1,M2328 電子零組件,M23D2 連接器
350,3537,堡達,2023/11,680.5,4.95,1,0,2,1,3,0,M2328 電子零組件,M23T2 零組件代理
351,4739,康普,2023/11,1614.4,4.95,0,1,2,0,3,2,M1721 化學工業,M17Z 其他化學
352,8032,光菱,2023/11,852.4,4.94,0,1,3,0,2,1,M2329 電子通路業,M23T2 零組件代理
353,2114,鑫永銓,2023/11,420.5,4.92,1,0,3,1,2,0,M2100 橡膠工業,M21B1 工業橡膠
354,6776,展碁國際,2023/11,5805.2,4.91,1,0,3,1,2,0,M2329 電子通路業,M23T1 3C通路
355,6128,上福,2023/11,1340.1,4.89,0,1,2,0,3,3,M2325 電腦及週邊,M23C3 PC週邊
356,2371,大同,2023/11,12842.5,4.88,1,0,4,3,1,0,M1500 電機機械,M15B1 電機
357,2467,志聖,2023/11,1273.3,4.88,0,1,3,0,2,1,M2328 電子零組件,M23H2 電機設備
358,8415,大國鋼,2023/11,6237.6,4.87,0,1,2,0,3,2,M2000 鋼鐵工業,M20A1 線材
359,1726,永記,2023/11,2645.9,4.86,0,1,1,0,4,2,M1721 化學工業,M17B 染料及顏料
360,1513,中興電,2023/11,4805.5,4.85,1,0,3,2,2,0,M1500 電機機械,M15B1 電機
361,8150,南茂,2023/11,4686.2,4.84,0,1,2,0,3,2,M2324 半導體,M23G2 IC封測
362,5538,東明-KY,2023/11,3812.2,4.83,0,1,2,0,3,1,M2000 鋼鐵工業,M20A1 線材
363,8349,恒耀,2023/11,2960.2,4.82,1,0,4,2,1,0,M2000 鋼鐵工業,M20A1 線材
364,2412,中華電,2023/11,59501,4.81,1,0,3,2,2,0,M2327 通信網路業,M23K3 電信及IDC
365,3332,幸康,2023/11,440.9,4.81,1,0,3,3,2,0,M2328 電子零組件,M23D3 電源供應器
366,6166,凌華,2023/12,3287.7,4.78,1,0,4,3,1,0,M2325 電腦及週邊,M23B5B 工業電腦
367,4417,金洲,2023/12,953.4,4.78,0,1,3,0,2,1,M1400 紡織纖維,M14Z 其他紡織
368,2617,台航,2023/12,1080.2,4.77,1,0,3,1,2,0,M2600 航運業,M26A1 散裝輪
369,3624,光頡,2023/12,654.8,4.76,0,1,1,0,4,3,M2328 電子零組件,M23D5 被動元件
370,3528,安馳,2023/12,1481.8,4.74,0,1,2,0,3,1,M2329 電子通路業,M23T2 零組件代理
371,5493,三聯,2023/12,1009,4.7,0,1,3,0,2,2,M2331 其他電子業,M23H2 電機設備
372,6221,晉泰,2023/12,1311.7,4.69,0,1,2,0,3,1,M2330 資訊服務業,M23X1 系統整合
373,2481,強茂,2023/12,2862.5,4.69,0,1,1,0,4,3,M2324 半導體,M23D1 整流二極體
374,6195,詩肯,2023/12,666,4.65,1,0,2,1,3,0,M2900 貿易百貨,M29A9 其他零售
375,1503,士電,2023/12,7976.8,4.65,1,0,3,1,2,0,M1500 電機機械,M15B1 電機
376,3033,威健,2023/12,17731.7,4.64,1,0,3,3,2,0,M2329 電子通路業,M23T2 零組件代理
377,3465,進泰電子,2023/12,192.9,4.64,0,1,0,0,5,6,M2328 電子零組件,M23U2 聲學產品
378,2231,為升,2023/12,1168.9,4.6,1,0,3,2,2,0,M2200 汽車工業,M15D 汽車組件
379,5243,乙盛-KY,2023/12,3824.3,4.6,1,0,3,1,2,0,M2326 光電業,M23D9A 沖壓零組件
380,2641,正德,2023/12,308.6,4.59,0,1,3,0,2,2,M2600 航運業,M26A1 散裝輪
381,2421,建準,2023/12,3792.8,4.58,1,0,3,3,2,0,M2328 電子零組件,M23D9B 散熱零組件
382,5013,強新,2023/12,2119.1,4.57,1,0,4,3,1,0,M2000 鋼鐵工業,M20A1 線材
383,6417,韋僑,2023/12,369.2,4.57,1,0,3,3,2,0,M2327 通信網路業,M23K2 衛星微波
384,1535,中宇,2023/12,2480,4.56,1,0,4,4,1,0,M1500 電機機械,M15B2 機電工程
385,6115,鎰勝,2023/12,1724.4,4.56,1,0,4,2,1,0,M2328 電子零組件,M23D2 連接器
386,3689,湧德,2023/12,1472,4.54,1,0,3,1,2,0,M2328 電子零組件,M23D2 連接器
387,1102,亞泥,2023/12,24247.7,4.54,1,0,3,1,2,0,M1100 水泥工業,M11A 水泥製造
388,5009,榮剛,2023/12,3330.8,4.46,0,1,3,0,2,1,M2000 鋼鐵工業,M20A6 不鏽鋼
389,1457,宜進,2023/12,940.5,4.46,0,1,0,0,5,5,M1400 紡織纖維,M14A2 加工絲
390,6189,豐藝,2023/12,5921.9,4.46,1,0,2,1,3,0,M2329 電子通路業,M23T2 零組件代理
391,1303,南亞,2023/12,75770.7,4.44,0,1,0,0,5,5,M1300 塑膠工業,M13A1 泛用塑膠
392,6449,鈺邦,2023/12,633,4.41,1,0,3,1,2,0,M2328 電子零組件,M23D5 被動元件
393,6514,芮特-KY,2023/12,127.9,4.39,0,1,2,0,3,1,M2327 通信網路業,M23K2 衛星微波
394,8358,金居,2023/12,1960,4.39,1,0,1,1,4,0,M2328 電子零組件,M23B3X PCB材-其他
395,3114,好德,2023/12,734,4.36,0,1,2,0,3,1,M2328 電子零組件,M23T2 零組件代理
396,5439,高技,2023/12,899.9,4.36,1,0,1,1,4,0,M2328 電子零組件,M23B2D 硬板及其他
397,2420,新巨,2024/01,583.4,4.36,0,1,1,0,4,2,M2328 電子零組件,M23D3 電源供應器
398,3152,璟德,2024/01,357.2,4.36,1,0,2,1,3,0,M2327 通信網路業,M23D5 被動元件
399,5291,邑昇,2024/01,331.2,4.35,0,1,1,0,4,2,M2328 電子零組件,M23B2D 硬板及其他
400,1259,安心,2024/01,1441.5,4.33,0,1,3,0,2,1,M2700 觀光事業,M27A2 餐飲業
401,3491,昇達科,2024/01,410.9,4.32,0,1,2,0,3,1,M2327 通信網路業,M23K2 衛星微波
402,3704,合勤控,2024/01,8629.4,4.27,1,0,3,1,2,0,M2327 通信網路業,M23E1 數據機
403,3305,昇貿,2024/01,1646.8,4.27,0,1,1,0,4,4,M2331 其他電子業,M23B3X PCB材-其他
404,5245,智晶,2024/01,310.6,4.26,0,1,2,0,3,2,M2326 光電業,M23C8A LCD 面板
405,2492,華新科,2024/01,7499.7,4.26,1,0,2,1,3,0,M2328 電子零組件,M23D5 被動元件
406,1730,花仙子,2024/01,663.5,4.26,0,1,2,0,3,2,M1721 化學工業,M17E2 清潔用品
407,6292,迅德,2024/01,448.8,4.23,1,0,3,3,2,0,M2328 電子零組件,M23D3 電源供應器
408,4971,IET-KY,2024/01,210.6,4.22,0,1,2,0,3,2,M2324 半導體,M23G3A 化合物SEMI
409,3577,泓格,2024/01,284.4,4.21,0,1,3,0,2,1,M2325 電腦及週邊,M23B5B 工業電腦
410,3221,台嘉碩,2024/01,619.6,4.2,0,1,1,0,4,2,M2327 通信網路業,M23D6 石英元件
411,6197,佳必琪,2024/01,1140.4,4.2,0,1,3,0,2,1,M2328 電子零組件,M23D2 連接器
412,8103,瀚荃,2024/01,749.9,4.19,0,1,1,0,4,2,M2328 電子零組件,M23D2 連接器
413,3206,志豐,2024/01,911.7,4.18,0,1,2,0,3,1,M2328 電子零組件,M23U2 聲學產品
414,2206,三陽工業,2024/01,12668.3,4.18,0,1,3,0,2,1,M2200 汽車工業,M22A 汽車製造
415,1712,興農,2024/01,5030,4.16,0,1,1,0,4,3,M1721 化學工業,M17C3 農藥肥料
416,3207,耀勝,2024/01,336,4.16,1,0,3,3,2,0,M2328 電子零組件,M23D3 電源供應器
417,1530,亞崴,2024/01,678,4.15,0,1,3,0,2,1,M1500 電機機械,M15A1 工具機
418,8027,鈦昇,2024/01,562.6,4.14,0,1,1,0,4,2,M1500 電機機械,M23H2 電機設備
419,5410,國眾,2024/01,2887.1,4.11,1,0,2,1,3,0,M2330 資訊服務業,M23T1 3C通路
420,2433,互盛電,2024/01,776.8,4.11,1,0,3,1,2,0,M2331 其他電子業,M23T1 3C通路
421,2425,承啟,2024/01,1501.6,4.11,1,0,4,3,1,0,M2325 電腦及週邊,M23B4A 繪圖卡
422,6508,惠光,2024/01,266.6,4.09,0,1,2,0,3,2,M3300 農業科技,M17C3 農藥肥料
423,2352,佳世達,2024/01,56108.4,4.09,0,1,2,0,3,1,M2325 電腦及週邊,M23C1 顯示器
424,5234,達興材料,2024/01,917.3,4.08,0,1,2,0,3,3,M2326 光電業,M23C8C LCD 原料
425,6208,日揚,2024/01,959.1,4.08,0,1,3,0,2,2,M2328 電子零組件,M23H2 電機設備
426,2937,集雅社,2024/01,1228.3,4.08,1,0,3,1,2,0,M2900 貿易百貨,M23T1 3C通路
427,8249,菱光,2024/01,1118,4.06,1,0,4,4,1,0,M2328 電子零組件,M23C2 影像掃描
428,8215,明基材,2024/02,3618,4.06,0,1,2,0,3,3,M2326 光電業,M23C8C LCD 原料
429,4933,友輝,2024/02,493.7,4.05,0,1,2,0,3,1,M2326 光電業,M23C8C LCD 原料
430,5607,遠雄港,2024/02,782.8,4.05,0,1,3,0,2,1,M2600 航運業,M26C 貨運倉儲業
431,1525,江申,2024/02,416.1,4.05,0,1,1,0,4,3,M2200 汽車工業,M15D 汽車組件
432,3029,零壹,2024/02,2938.1,4.04,0,1,1,0,4,2,M2330 資訊服務業,M23X9 應用軟體
433,6182,合晶,2024/02,3102.1,4.03,0,1,3,0,2,1,M2324 半導體,M23G3C 晶圓材料
434,1817,凱撒衛,2024/02,706.1,4.03,1,0,4,3,1,0,M1800 玻璃陶瓷,M18 玻璃陶瓷
435,2364,倫飛,2024/02,270.1,4.03,1,0,2,1,3,0,M2325 電腦及週邊,M23A2 泛用電腦
436,3015,全漢,2024/02,3408.8,4.01,0,1,2,0,3,1,M2328 電子零組件,M23D3 電源供應器
437,6291,沛亨,2024/02,314.6,3.97,0,1,2,0,3,1,M2324 半導體,M23G5 IC設計
438,3045,台灣大,2024/02,50601.2,3.97,0,1,2,0,3,1,M2327 通信網路業,M23K3 電信及IDC
439,3231,緯創,2024/02,263632.8,3.97,0,1,2,0,3,1,M2325 電腦及週邊,M23A1 EMS
440,6274,台燿,2024/02,4143.2,3.96,0,1,0,0,5,5,M2328 電子零組件,M23B3A 銅箔基板
441,6205,詮欣,2024/02,473.9,3.95,1,0,4,4,1,0,M2328 電子零組件,M23D2 連接器
442,8049,晶采,2024/02,686.5,3.95,1,0,3,3,2,0,M2326 光電業,M23C8D LCD-其他
443,3669,圓展,2024/02,635.6,3.94,0,1,2,0,3,2,M2327 通信網路業,M23CZ2 其他顯示
444,1268,漢來美食,2024/02,1143,3.92,1,0,4,2,1,0,M2700 觀光事業,M27A2 餐飲業
445,8163,達方,2024/02,6875.1,3.92,0,1,1,0,4,2,M2325 電腦及週邊,M23C3 PC週邊
446,8147,正淩,2024/02,270.4,3.91,1,0,3,1,2,0,M2328 電子零組件,M23D2 連接器
447,2430,燦坤,2024/02,5120.1,3.89,0,1,3,0,2,1,M2329 電子通路業,M23T1 3C通路
448,2230,泰茂,2024/02,137.8,3.88,1,0,2,1,3,0,M1500 電機機械,M15D 汽車組件
449,4552,力達-KY,2024/02,1404.8,3.87,1,0,4,3,1,0,M1500 電機機械,M15C1 家電
450,6680,鑫創電子,2024/02,168.1,3.87,1,0,3,3,2,0,M2325 電腦及週邊,M23B5B 工業電腦
451,2488,漢平,2024/02,694.6,3.87,0,1,3,0,2,1,M2331 其他電子業,M23U2 聲學產品
452,6214,精誠,2024/02,9198,3.86,0,1,2,0,3,1,M2330 資訊服務業,M23X1 系統整合
453,3323,加百裕,2024/02,2546.7,3.86,0,1,1,0,4,1,M2325 電腦及週邊,M23D7 二次電池
454,6188,廣明,2024/02,3475.3,3.85,0,1,2,0,3,1,M2325 電腦及週邊,M23C3 PC週邊
455,2250,IKKA-KY,2024/02,922.3,3.85,1,0,1,1,0,0,M2200 汽車工業,M22A 汽車製造
456,1319,東陽,2024/02,5309.8,3.85,1,0,4,3,1,0,M2200 汽車工業,M15D 汽車組件
457,3105,穩懋,2024/03,3510.1,3.85,0,1,1,0,4,4,M2324 半導體,M23G3A 化合物SEMI
458,3167,大量,2024/03,407.2,3.84,0,1,1,0,4,2,M1500 電機機械,M23H2 電機設備
459,9958,世紀鋼,2024/03,2938.6,3.82,1,0,2,1,3,0,M2000 鋼鐵工業,M20A2 鋼筋
460,1599,宏佳騰,2024/03,735.2,3.82,0,1,2,0,3,1,M1500 電機機械,M22A 汽車製造
461,5203,訊連,2024/03,439.5,3.81,1,0,3,1,2,0,M2330 資訊服務業,M23X9 應用軟體
462,2342,茂矽,2024/03,498.7,3.81,1,0,3,1,2,0,M2324 半導體,M23G1A 晶圓代工
463,6175,立敦,2024/03,914.8,3.8,0,1,2,0,3,1,M2328 電子零組件,M23D5 被動元件
464,3048,益登,2024/03,30435.1,3.79,0,1,2,0,3,1,M2329 電子通路業,M23T2 零組件代理
465,6114,久威,2024/03,311.8,3.77,1,0,2,1,3,0,M2328 電子零組件,M23B2D 硬板及其他
466,8088,品安,2024/03,468.3,3.75,1,0,4,3,1,0,M2324 半導體,M23G3B 記憶體模組
467,8039,台虹,2024/03,1860.6,3.74,0,1,2,0,3,1,M2328 電子零組件,M23B3C FCCL
468,3535,晶彩科,2024/03,225.4,3.73,0,1,3,0,2,2,M2326 光電業,M23H2 電機設備
469,9960,邁達康,2024/03,234.3,3.69,0,1,2,0,3,1,M2900 貿易百貨,M29A9 其他零售
470,6201,亞弘電,2024/03,839.2,3.68,1,0,3,3,2,0,M2331 其他電子業,M23U2 聲學產品
471,5212,凌網,2024/03,364.6,3.66,1,0,3,2,2,0,M2330 資訊服務業,M23X1 系統整合
472,1597,直得,2024/03,369.4,3.65,0,1,1,0,4,2,M1500 電機機械,M15A2 模具零件
473,2393,億光,2024/03,4465.5,3.61,1,0,3,3,2,0,M2326 光電業,M23C6C 封裝及應用
474,1569,濱川,2024/03,1040.9,3.6,0,1,1,0,4,4,M2325 電腦及週邊,M23D4 機殼
475,3028,增你強,2024/03,8678.4,3.59,0,1,1,0,4,3,M2329 電子通路業,M23T2 零組件代理
476,6173,信昌電,2024/03,820.2,3.58,0,1,2,0,3,2,M2328 電子零組件,M23D5 被動元件
477,4722,國精化,2024/03,761.8,3.57,0,1,3,0,2,1,M1721 化學工業,M17F 樹脂
478,4999,鑫禾,2024/03,526.5,3.57,0,1,3,0,2,1,M2328 電子零組件,M23D9A 沖壓零組件
479,4945,陞達科技,2024/03,54.3,3.55,0,1,2,0,3,2,M2324 半導體,M23G5 IC設計
480,3005,神基,2024/03,8392.4,3.55,0,1,3,0,2,1,M2325 電腦及週邊,M23D4 機殼
481,5007,三星,2024/03,1664.2,3.55,0,1,1,0,4,3,M2000 鋼鐵工業,M20A1 線材
482,2414,精技,2024/03,6193.9,3.54,0,1,2,0,3,1,M2329 電子通路業,M23T1 3C通路
483,6183,關貿,2024/03,603.1,3.53,1,0,3,1,2,0,M2330 資訊服務業,M23K4 電商及XaaS
484,5906,台南-KY,2024/03,652.6,3.5,1,0,3,2,2,0,M2900 貿易百貨,M14C1 成衣製造
485,3531,先益,2024/03,504.4,3.49,0,1,4,0,1,1,M2326 光電業,M23C8B 背光模組
486,4560,強信-KY,2024/03,349.1,3.48,0,1,1,0,4,2,M1500 電機機械,M15A3 紡織工具機
487,6161,捷波,2024/03,369,3.48,0,1,2,0,3,1,M2325 電腦及週邊,M23B4A 繪圖卡
488,4581,光隆精密-KY,2024/04,273,3.47,1,0,4,3,1,0,M2200 汽車工業,M15D 汽車組件
489,2612,中航,2024/04,1047.2,3.46,0,1,2,0,3,2,M2600 航運業,M26A1 散裝輪
490,8070,長華*,2024/04,4870.5,3.45,0,1,2,0,3,2,M2329 電子通路業,M23T2 零組件代理
491,3511,矽瑪,2024/04,1067,3.44,0,1,3,0,2,1,M2328 電子零組件,M23D2 連接器
492,2354,鴻準,2024/04,30168,3.43,1,0,3,2,2,0,M2331 其他電子業,M23D4 機殼
493,3019,亞光,2024/04,4612.5,3.42,0,1,2,0,3,1,M2326 光電業,M23U1 光學鏡頭
494,8996,高力,2024/04,896.9,3.41,1,0,4,3,1,0,M1500 電機機械,M20A9 金屬加工
495,3687,歐買尬,2024/04,426.7,3.41,1,0,2,1,3,0,M3400 電子商務,M23X2 遊戲軟體
496,6506,雙邦,2024/04,443.9,3.41,0,1,2,0,3,2,M1400 紡織纖維,M17F 樹脂
497,2359,所羅門,2024/04,1212.9,3.4,1,0,4,1,1,0,M2331 其他電子業,M23T2 零組件代理
498,2607,榮運,2024/04,3828.5,3.39,0,1,3,0,2,1,M2600 航運業,M26C 貨運倉儲業
499,9943,好樂迪,2024/04,697.9,3.38,1,0,4,2,1,0,M2700 觀光事業,M27B 觀光遊樂區
500,4908,前鼎,2024/04,188,3.36,0,1,2,0,3,1,M2327 通信網路業,M23K6 光元件模組
501,4930,燦星網,2024/04,1502.4,3.36,1,0,3,3,2,0,M1600 電器電纜,M15C1 家電
502,2344,華邦電,2024/04,19223.8,3.36,0,1,3,0,2,2,M2324 半導體,M23G1B 記憶體製造
503,8383,千附,2024/04,967.3,3.34,0,1,3,0,2,1,M2331 其他電子業,M23H1 廠辦機電
504,2916,滿心,2024/04,546.5,3.33,1,0,3,2,2,0,M2900 貿易百貨,M29A9 其他零售
505,3081,聯亞,2024/04,668.5,3.33,0,1,3,0,2,2,M2327 通信網路業,M23G3A 化合物SEMI
506,6509,聚和,2024/04,1216.8,3.32,0,1,3,0,2,1,M1721 化學工業,M17Z 其他化學
507,5471,松翰,2024/04,555.6,3.32,0,1,2,0,3,2,M2324 半導體,M23G5 IC設計
508,3362,先進光,2024/04,848.1,3.32,1,0,3,1,2,0,M2326 光電業,M23U1 光學鏡頭
509,6505,台塑化,2024/04,194146.3,3.32,0,1,2,0,3,1,M9700 油電燃氣業,M13C 輕油製解
510,5014,建錩,2024/04,4055.1,3.31,1,0,3,1,2,0,M2000 鋼鐵工業,M20A6 不鏽鋼
511,1626,艾美特-KY,2024/04,1428.4,3.31,0,1,2,0,3,2,M1600 電器電纜,M15C1 家電
512,6174,安碁,2024/04,164.1,3.3,0,1,2,0,3,1,M2328 電子零組件,M23D6 石英元件
513,3032,偉訓,2024/04,1662.8,3.29,1,0,3,2,2,0,M2328 電子零組件,M23D4 機殼
514,6751,智聯服務,2024/04,390.8,3.29,1,0,3,2,2,0,M2330 資訊服務業,M23X1 系統整合
515,3078,僑威,2024/04,1749.3,3.28,1,0,2,1,3,0,M2328 電子零組件,M23D3 電源供應器
516,3213,茂訊,2024/04,701.3,3.27,0,1,2,0,3,1,M2325 電腦及週邊,M23A2 泛用電腦
517,6482,弘煜科,2024/04,96.1,3.27,1,0,5,6,0,0,M3200 文化創意業,M23X2 遊戲軟體
518,6217,中探針,2024/05,643.2,3.26,0,1,2,0,3,2,M2328 電子零組件,M23B3X PCB材-其他
519,2455,全新,2024/05,506.1,3.26,1,0,1,1,4,0,M2327 通信網路業,M23G3A 化合物SEMI
520,8931,大汽電,2024/05,927.6,3.25,1,0,3,3,2,0,M9700 油電燃氣業,M99D3 汽電共生
521,2482,連宇,2024/05,450.5,3.25,1,0,2,1,3,0,M2331 其他電子業,M23C3 PC週邊
522,2471,資通,2024/05,229.1,3.24,1,0,3,2,2,0,M2330 資訊服務業,M23X1 系統整合
523,1906,寶隆,2024/05,999.4,3.24,0,1,3,0,2,1,M1900 造紙工業,M19A 造紙
524,2723,美食-KY,2024/05,5141.7,3.21,0,1,2,0,3,1,M2700 觀光事業,M27A2 餐飲業
525,2497,怡利電,2024/05,1097,3.21,1,0,4,2,1,0,M2200 汽車工業,M15D 汽車組件
526,2028,威致,2024/05,3685.2,3.21,1,0,2,1,3,0,M2000 鋼鐵工業,M20A2 鋼筋
527,6266,泰詠,2024/05,924.1,3.2,0,1,4,0,1,1,M2328 電子零組件,M23B2B PCB 組裝
528,1522,堤維西,2024/05,4908.5,3.2,1,0,3,1,2,0,M2200 汽車工業,M15D 汽車組件
529,5285,界霖,2024/05,1384.5,3.19,0,1,0,0,5,5,M2324 半導體,M23G4 IC導線架
530,5011,久陽,2024/05,1246.1,3.19,1,0,3,1,2,0,M2000 鋼鐵工業,M20A1 線材
531,8182,加高,2024/05,615.7,3.18,0,1,3,0,2,1,M2328 電子零組件,M23D6 石英元件
532,6248,沛波,2024/05,1650.7,3.17,1,0,3,2,2,0,M2000 鋼鐵工業,M20A2 鋼筋
533,4543,萬在,2024/05,185.1,3.16,0,1,2,0,3,1,M1500 電機機械,M15D 汽車組件
534,5489,彩富,2024/05,454.5,3.15,1,0,2,2,3,0,M2331 其他電子業,M23C9 安全監控
535,2464,盟立,2024/05,2726.1,3.08,1,0,3,2,2,0,M2331 其他電子業,M23H1 廠辦機電
536,4535,至興,2024/05,807.3,3.07,0,1,3,0,2,1,M1500 電機機械,M15D 汽車組件
537,3051,力特,2024/05,621.9,3.03,1,0,3,1,2,0,M2326 光電業,M23C8C LCD 原料
538,3588,通嘉,2024/05,285.2,3.03,0,1,0,0,5,5,M2324 半導體,M23G5 IC設計
539,6451,訊芯-KY,2024/05,1611.4,3.02,0,1,3,0,2,1,M2324 半導體,M23G2 IC封測
540,3426,台興,2024/05,175.4,3.01,0,1,3,0,2,1,M1500 電機機械,M15Z 其他電製品
541,4433,興采,2024/05,696.4,2.97,0,1,1,0,4,3,M1400 紡織纖維,M14C2 織布
542,4973,廣穎,2024/05,1232,2.96,1,0,4,3,1,0,M2324 半導體,M23G3B 記憶體模組
543,3038,全台,2024/05,1191.4,2.96,0,1,3,0,2,1,M2326 光電業,M23C8D LCD-其他
544,1722,台肥,2024/05,3510,2.94,1,0,3,1,2,0,M1721 化學工業,M17C3 農藥肥料
545,1336,台翰,2024/05,757.4,2.93,1,0,4,3,1,0,M2328 電子零組件,M23D9A 沖壓零組件
546,6741,91APP*-KY,2024/05,387.9,2.91,1,0,1,1,0,0,M3400 電子商務,M23K4 電商及XaaS
547,8240,華宏,2024/05,1996,2.91,0,1,2,0,3,2,M2326 光電業,M23C8C LCD 原料
548,6170,統振,2024/05,489,2.9,0,1,2,0,3,1,M2327 通信網路業,M23T2 零組件代理
549,5443,均豪,2024/06,1219.3,2.9,0,1,2,0,3,1,M2326 光電業,M23H2 電機設備
550,4305,世坤,2024/06,202.5,2.89,1,0,3,1,2,0,M1300 塑膠工業,M13A8 塑膠加工
551,2316,楠梓電,2024/06,1097.2,2.89,0,1,1,0,4,1,M2328 電子零組件,M23B2D 硬板及其他
552,8064,東捷,2024/06,1354.5,2.89,1,0,3,1,2,0,M2326 光電業,M23H2 電機設備
553,3622,洋華,2024/06,315,2.88,1,0,3,1,2,0,M2326 光電業,M23C8E 觸控面板
554,6229,研通,2024/06,366.4,2.88,0,1,1,0,4,2,M2324 半導體,M23G5 IC設計
555,6215,和椿,2024/06,308.5,2.88,1,0,3,1,2,0,M2331 其他電子業,M23H2 電機設備
556,8048,德勝,2024/06,364.1,2.87,1,0,3,2,2,0,M2327 通信網路業,M23E2 網路卡
557,6190,萬泰科,2024/06,1651.9,2.86,0,1,2,0,3,1,M2327 通信網路業,M23D2 連接器
558,4904,遠傳,2024/06,24368.8,2.85,0,1,3,0,2,1,M2327 通信網路業,M23K3 電信及IDC
559,1615,大山,2024/06,1341.4,2.82,1,0,1,1,4,0,M1600 電器電纜,M16 電線
560,3701,大眾控,2024/06,3617.5,2.82,1,0,4,3,1,0,M2325 電腦及週邊,M23A1 EMS
561,1451,年興,2024/06,1841.5,2.82,0,1,3,0,2,1,M1400 紡織纖維,M14C1 成衣製造
562,2423,固緯,2024/06,757.6,2.82,1,0,4,3,1,0,M2331 其他電子業,M23H2 電機設備
563,1308,亞聚,2024/06,2503.9,2.82,0,1,2,0,3,1,M1300 塑膠工業,M13A1 泛用塑膠
564,3310,佳穎,2024/06,397.1,2.82,1,0,3,3,2,0,M2328 電子零組件,M23D9A 沖壓零組件
565,4550,長佳,2024/06,380.1,2.81,1,0,4,3,1,0,M1500 電機機械,M15B2 機電工程
566,6275,元山,2024/06,780.3,2.81,1,0,2,1,3,0,M2328 電子零組件,M23D9B 散熱零組件
567,2103,台橡,2024/06,7483.8,2.8,0,1,2,0,3,3,M2100 橡膠工業,M21C 橡膠原料
568,3432,台端,2024/06,3.3,2.79,1,0,5,5,0,0,M2328 電子零組件,M23D2 連接器
569,1104,環泥,2024/06,1991.9,2.78,1,0,3,1,2,0,M1100 水泥工業,M11A 水泥製造
570,1582,信錦,2024/06,1783.6,2.78,0,1,0,0,5,8,M2328 電子零組件,M23D9A 沖壓零組件
571,1517,利奇,2024/06,946.4,2.78,0,1,2,0,3,2,M1500 電機機械,M15E 自行車組件
572,2034,允強,2024/06,3356.6,2.77,0,1,1,0,4,2,M2000 鋼鐵工業,M20A7 鋼管
573,5878,台名,2024/06,206.7,2.77,1,0,3,1,2,0,M2800 金融業,M28N 保險經紀
574,3707,漢磊,2024/06,2098.1,2.77,0,1,3,0,2,1,M2324 半導體,M23G1A 晶圓代工
575,3312,弘憶股,2024/06,4532.6,2.75,0,1,2,0,3,2,M2329 電子通路業,M23T2 零組件代理
576,9926,新海,2024/06,539.6,2.75,1,0,3,1,2,0,M9700 油電燃氣業,M99D2 天然氣
577,6697,東捷資訊,2024/06,306.5,2.74,1,0,4,2,1,0,M2330 資訊服務業,M23X1 系統整合
578,3438,類比科,2024/06,168.3,2.73,0,1,1,0,4,3,M2324 半導體,M23G5 IC設計
579,3004,豐達科,2024/07,682.6,2.71,1,0,5,6,0,0,M2000 鋼鐵工業,M22B3 航空器製造
580,3564,其陽,2024/07,686.8,2.7,1,0,3,3,2,0,M2327 通信網路業,M23B5B 工業電腦
581,2328,廣宇,2024/07,7604.4,2.7,1,0,2,2,3,0,M2328 電子零組件,M23D2 連接器
582,3712,永崴投控,2024/07,3897.5,2.68,1,0,3,1,2,0,M2325 電腦及週邊,M23C2 影像掃描
583,3498,陽程,2024/07,807.7,2.68,1,0,2,2,3,0,M2331 其他電子業,M23H2 電機設備
584,4432,銘旺實,2024/07,326.9,2.67,0,1,2,0,3,1,M1400 紡織纖維,M14C1 成衣製造
585,1591,駿吉-KY,2024/07,118.9,2.64,0,1,2,0,3,2,M1500 電機機械,M15A1 工具機
586,4576,大銀微系統,2024/07,715,2.64,0,1,2,0,3,2,M1500 電機機械,M15A2 模具零件
587,2608,嘉里大榮,2024/07,3161.5,2.62,0,1,0,0,5,5,M2600 航運業,M26C 貨運倉儲業
588,6542,隆中,2024/07,195.4,2.62,1,0,3,3,2,0,M3200 文化創意業,M23X2 遊戲軟體
589,8171,天宇,2024/07,452.7,2.61,1,0,4,4,1,0,M2327 通信網路業,M23D7 二次電池
590,4979,華星光,2024/07,477.1,2.61,1,0,5,5,0,0,M2327 通信網路業,M23K6 光元件模組
591,2025,千興,2024/07,204,2.61,1,0,1,1,4,0,M2000 鋼鐵工業,M20A6 不鏽鋼
592,8021,尖點,2024/07,827.4,2.61,0,1,0,0,5,6,M2331 其他電子業,M23B3X PCB材-其他
593,1326,台化,2024/07,85967.8,2.6,0,1,1,0,4,1,M1300 塑膠工業,M13A1 泛用塑膠
594,8024,佑華,2024/07,96.4,2.59,0,1,3,0,2,1,M2324 半導體,M23G5 IC設計
595,4754,國碳科,2024/07,137.9,2.59,1,0,3,3,2,0,M1721 化學工業,M17Z 其他化學
596,3046,建碁,2024/07,775.8,2.58,1,0,4,4,1,0,M2325 電腦及週邊,M23B1 主機板
597,3095,及成,2024/07,98.3,2.56,1,0,3,1,2,0,M2327 通信網路業,M23D4 機殼
598,3016,嘉晶,2024/07,1349.3,2.56,0,1,3,0,2,1,M2324 半導體,M23G3C 晶圓材料
599,7402,邑錡,2024/07,126.5,2.56,0,1,2,0,3,1,M2326 光電業,M23UZ 消費性電子
600,5704,老爺知,2024/07,124.8,2.54,0,1,3,0,2,1,M2700 觀光事業,M27A1 飯店業
601,4545,銘鈺,2024/07,570.2,2.54,1,0,4,2,1,0,M2328 電子零組件,M23D9A 沖壓零組件
602,9962,有益,2024/07,1001.8,2.53,1,0,3,2,2,0,M2000 鋼鐵工業,M20A6 不鏽鋼
603,1785,光洋科,2024/07,5115.9,2.53,0,1,3,0,2,2,M2331 其他電子業,M99L1 貴金屬回收
604,1603,華電,2024/07,1010.2,2.53,1,0,4,3,1,0,M1600 電器電纜,M16 電線
605,1709,和益,2024/07,2487.4,2.52,0,1,3,0,2,1,M1721 化學工業,M17E1 清潔劑原料
606,8917,欣泰,2024/07,616.7,2.52,1,0,3,1,2,0,M9700 油電燃氣業,M99D2 天然氣
607,6156,松上,2024/07,1038.4,2.51,1,0,3,1,2,0,M2328 電子零組件,M23B2D 硬板及其他
608,3646,艾恩特,2024/07,198.2,2.51,0,1,1,0,4,2,M2328 電子零組件,M23D2 連接器
609,5315,光聯,2024/07,503.7,2.51,1,0,4,3,1,0,M2326 光電業,M23C8D LCD-其他
610,2107,厚生,2024/08,442.9,2.5,0,1,3,0,2,1,M2100 橡膠工業,M21B2 其他橡膠
611,6457,紘康,2024/08,152.2,2.49,0,1,0,0,5,5,M2324 半導體,M23G5 IC設計
612,3260,威剛,2024/08,7692.9,2.49,0,1,2,0,3,2,M2324 半導體,M23G3B 記憶體模組
613,6426,統新,2024/08,122.2,2.49,0,1,2,0,3,3,M2327 通信網路業,M23K6 光元件模組
614,2450,神腦,2024/08,8492.5,2.48,1,0,3,2,2,0,M2327 通信網路業,M23T1 3C通路
615,6270,倍微,2024/08,1063.6,2.47,0,1,2,0,3,1,M2329 電子通路業,M23T2 零組件代理
616,5603,陸海,2024/08,437.8,2.46,1,0,3,1,2,0,M2600 航運業,M26C 貨運倉儲業
617,1536,和大,2024/08,1806,2.44,0,1,2,0,3,2,M2200 汽車工業,M15D 汽車組件
618,8043,蜜望實,2024/08,1451.7,2.43,0,1,2,0,3,2,M2328 電子零組件,M23T2 零組件代理
619,9937,全國,2024/08,6119.5,2.42,0,1,2,0,3,1,M9700 油電燃氣業,M99D1 加油站
620,6113,亞矽,2024/08,392.4,2.4,1,0,3,1,2,0,M2329 電子通路業,M23T2 零組件代理
621,6155,鈞寶,2024/08,179.8,2.38,0,1,3,0,2,1,M2328 電子零組件,M23D5 被動元件
622,6207,雷科,2024/08,340.6,2.37,0,1,3,0,2,1,M2328 電子零組件,M23D9D 其他零組件
623,2108,南帝,2024/08,2222.1,2.36,1,0,1,1,4,0,M2100 橡膠工業,M21C 橡膠原料
624,2453,凌群,2024/08,1963.1,2.35,1,0,4,3,1,0,M2330 資訊服務業,M23X1 系統整合
625,2329,華泰,2024/08,3607.9,2.32,0,1,2,0,3,2,M2324 半導體,M23G2 IC封測
626,3567,逸昌,2024/08,72.3,2.32,0,1,0,0,5,5,M2324 半導體,M23G2 IC封測
627,2013,中鋼構,2024/08,5327.9,2.31,0,1,2,0,3,1,M2000 鋼鐵工業,M20A2 鋼筋
628,1717,長興,2024/08,11771,2.3,0,1,2,0,3,1,M1721 化學工業,M17F 樹脂
629,1524,耿鼎,2024/08,639.1,2.29,1,0,3,1,2,0,M2200 汽車工業,M15D 汽車組件
630,1338,廣華-KY,2024/08,1669,2.29,0,1,2,0,3,1,M2200 汽車工業,M15D 汽車組件
631,3071,協禧,2024/08,683.3,2.29,0,1,2,0,3,1,M2325 電腦及週邊,M23D9B 散熱零組件
632,1514,亞力,2024/08,2454.1,2.29,1,0,3,2,2,0,M1500 電機機械,M15B1 電機
633,6216,居易,2024/08,165.2,2.28,0,1,2,0,3,3,M2327 通信網路業,M23E1 數據機
634,4767,誠泰科技,2024/08,356.8,2.28,0,1,1,0,4,3,M1721 化學工業,M17F 樹脂
635,4555,氣立,2024/08,376.5,2.28,0,1,1,0,4,2,M1500 電機機械,M15A2 模具零件
636,4563,百德,2024/08,651.5,2.28,1,0,4,3,1,0,M1500 電機機械,M15A1 工具機
637,3268,海德威,2024/08,243.8,2.27,1,0,2,1,3,0,M2324 半導體,M23G5 IC設計
638,6111,大宇資,2024/08,631.7,2.26,0,1,2,0,3,2,M3200 文化創意業,M23X2 遊戲軟體
639,2748,雲品,2024/08,683.6,2.25,1,0,4,2,1,0,M2700 觀光事業,M27A1 飯店業
640,1570,力肯,2024/08,169.6,2.24,1,0,3,1,2,0,M1500 電機機械,M15A1 工具機
641,3338,泰碩,2024/09,919.3,2.23,0,1,3,0,2,1,M2328 電子零組件,M23D9B 散熱零組件
642,3086,華義,2024/09,32.4,2.22,1,0,3,2,2,0,M3200 文化創意業,M23X2 遊戲軟體
643,5465,富驊,2024/09,1165.1,2.22,1,0,3,1,2,0,M2325 電腦及週邊,M23D4 機殼
644,6122,擎邦,2024/09,855.1,2.22,1,0,4,3,1,0,M1500 電機機械,M25B 營造
645,5309,系統電,2024/09,914.3,2.22,1,0,5,5,0,0,M2328 電子零組件,M23D3 電源供應器
646,3434,哲固,2024/09,136.7,2.22,1,0,4,2,1,0,M2326 光電業,M23C1 顯示器
647,1434,福懋,2024/09,7771.2,2.21,1,0,3,2,2,0,M1400 紡織纖維,M14C2 織布
648,8930,青鋼,2024/09,353.4,2.21,1,0,3,1,2,0,M2000 鋼鐵工業,M20B 金屬製品
649,3236,千如,2024/09,743.1,2.2,1,0,2,2,3,0,M2328 電子零組件,M23D5 被動元件
650,3628,盈正,2024/09,1143.3,2.2,1,0,3,2,2,0,M2331 其他電子業,M23D3 電源供應器
651,2413,環科,2024/09,1392.1,2.18,1,0,4,3,1,0,M2328 電子零組件,M23D3 電源供應器
652,1904,正隆,2024/09,10531.9,2.17,0,1,1,0,4,3,M1900 造紙工業,M19A 造紙
653,2115,六暉-KY,2024/09,680.2,2.15,0,1,1,0,4,2,M2200 汽車工業,M15D 汽車組件
654,1519,華城,2024/09,2665.5,2.15,1,0,4,3,1,0,M1500 電機機械,M15B1 電機
655,8908,欣雄,2024/09,1836.4,2.12,1,0,3,2,2,0,M9700 油電燃氣業,M99D2 天然氣
656,3021,鴻名,2024/09,904.8,2.12,0,1,3,0,2,1,M2328 電子零組件,M23D2 連接器
657,3303,岱稜,2024/09,567.8,2.11,0,1,3,0,2,1,M2331 其他電子業,M13A8 塑膠加工
658,2634,漢翔,2024/09,8958.2,2.07,0,1,3,0,2,1,M2600 航運業,M22B3 航空器製造
659,5902,德記,2024/09,507.9,2.05,0,1,2,0,3,1,M2900 貿易百貨,M29B 貿易業
660,2353,宏碁,2024/09,59848.6,2.04,0,1,1,0,4,4,M2325 電腦及週邊,M23A3 PC品牌
661,2012,春雨,2024/09,2569.8,2.03,0,1,1,0,4,1,M2000 鋼鐵工業,M20A1 線材
662,6234,高僑,2024/09,250.8,2.03,1,0,3,2,2,0,M2326 光電業,M23H2 電機設備
663,6125,廣運,2024/09,1348.1,2.01,0,1,4,0,1,1,M2326 光電業,M23H2 電機設備
664,1402,遠東新,2024/09,64083.3,2.01,0,1,2,0,3,1,M1400 紡織纖維,M14A1 聚酯絲棉
665,3450,聯鈞,2024/09,1518.4,2.01,0,1,1,0,4,2,M2324 半導體,M23K6 光元件模組
666,2324,仁寶,2024/09,248707,1.99,0,1,1,0,4,1,M2325 電腦及週邊,M23A1 EMS
667,1473,台南,2024/09,1633.1,1.99,0,1,2,0,3,1,M1400 紡織纖維,M14C1 成衣製造
668,1604,聲寶,2024/09,1965.5,1.99,1,0,3,1,2,0,M1600 電器電纜,M15C1 家電
669,6243,迅杰,2024/09,170.7,1.98,1,0,2,1,3,0,M2324 半導體,M23G5 IC設計
670,3272,東碩,2024/09,1885.7,1.96,0,1,2,0,3,1,M2325 電腦及週邊,M23C3 PC週邊
671,3380,明泰,2024/10,9241.3,1.96,0,1,4,0,1,1,M2327 通信網路業,M23E2 網路卡
672,2642,宅配通,2024/10,1119.8,1.95,0,1,1,0,4,1,M2600 航運業,M26C 貨運倉儲業
673,6126,信音,2024/10,873.6,1.95,0,1,2,0,3,1,M2328 電子零組件,M23D2 連接器
674,1409,新纖,2024/10,9219.6,1.9,0,1,0,0,5,5,M1400 紡織纖維,M14A1 聚酯絲棉
675,2903,遠百,2024/10,11466.3,1.89,1,0,3,2,2,0,M2900 貿易百貨,M29A1 百貨購物中
676,3128,昇銳,2024/10,285.5,1.88,1,0,4,3,1,0,M2326 光電業,M23C9 安全監控
677,3490,單井,2024/10,131.8,1.88,1,0,3,1,2,0,M2326 光電業,M23H2 電機設備
678,6168,宏齊,2024/10,511.7,1.87,1,0,2,1,3,0,M2326 光電業,M23C6C 封裝及應用
679,6560,欣普羅,2024/10,62.6,1.87,1,0,2,2,3,0,M2326 光電業,M23C9 安全監控
680,5353,台林,2024/10,512.4,1.87,0,1,2,0,3,1,M2327 通信網路業,M23E1 數據機
681,9931,欣高,2024/10,303,1.87,1,0,3,1,2,0,M9700 油電燃氣業,M99D2 天然氣
682,2362,藍天,2024/10,5220.8,1.86,0,1,1,0,4,2,M2325 電腦及週邊,M23A2 泛用電腦
683,8099,大世科,2024/10,1194,1.83,1,0,3,2,2,0,M2330 資訊服務業,M23X1 系統整合
684,6151,晉倫,2024/10,409,1.83,1,0,3,1,2,0,M2331 其他電子業,M13A8 塑膠加工
685,1323,永裕,2024/10,900.5,1.82,0,1,0,0,5,5,M1300 塑膠工業,M13A8 塑膠加工
686,2461,光群雷,2024/10,1546.3,1.81,0,1,3,0,2,1,M2331 其他電子業,M13A8 塑膠加工
687,2356,英業達,2024/10,134754.2,1.79,1,0,4,3,1,0,M2325 電腦及週邊,M23A1 EMS
688,2616,山隆,2024/10,4399.6,1.79,0,1,1,0,4,4,M9700 油電燃氣業,M99D1 加油站
689,4989,榮科,2024/10,964,1.79,1,0,2,1,3,0,M2328 電子零組件,M23B3X PCB材-其他
690,6235,華孚,2024/10,1216,1.78,1,0,3,2,2,0,M2325 電腦及週邊,M23D4 機殼
691,1532,勤美,2024/10,3453.8,1.78,1,0,1,1,4,0,M1500 電機機械,M15A2 模具零件
692,3013,晟銘電,2024/10,2324.8,1.78,1,0,3,3,2,0,M2325 電腦及週邊,M23D4 機殼
693,6282,康舒,2024/10,5814,1.77,0,1,3,0,2,1,M2328 電子零組件,M23D3 電源供應器
694,1725,元禎,2024/10,2031.4,1.77,1,0,2,1,3,0,M1721 化學工業,M17Z 其他化學
695,2331,精英,2024/10,5566.6,1.76,0,1,2,0,3,2,M2325 電腦及週邊,M23B1 主機板
696,2483,百容,2024/10,487.2,1.75,0,1,3,0,2,2,M2328 電子零組件,M23D9A 沖壓零組件
697,6432,今展科,2024/10,235.4,1.75,1,0,1,1,4,0,M2328 電子零組件,M23D5 被動元件
698,3390,旭軟,2024/10,178.6,1.74,0,1,1,0,4,2,M2328 電子零組件,M23B2C 軟板
699,4741,泓瀚,2024/10,186.8,1.74,1,0,3,2,2,0,M1721 化學工業,M17B 染料及顏料
700,6477,安集,2024/10,842.6,1.72,1,0,3,1,2,0,M2326 光電業,M23C7E 太陽能系統
701,3594,磐儀,2024/10,587.5,1.71,1,0,4,3,1,0,M2325 電腦及週邊,M23B5B 工業電腦
702,3092,鴻碩,2024/11,555.5,1.71,1,0,3,1,2,0,M2328 電子零組件,M23D2 連接器
703,1907,永豐餘,2024/11,19599.7,1.7,1,0,3,2,2,0,M1900 造紙工業,M19A 造紙
704,6582,申豐,2024/11,281.1,1.7,1,0,2,2,3,0,M2100 橡膠工業,M21C 橡膠原料
705,2064,晉椿,2024/11,442.7,1.69,1,0,2,1,3,0,M2000 鋼鐵工業,M20A1 線材
706,1504,東元,2024/11,14946.1,1.68,0,1,2,0,3,2,M1500 電機機械,M15B1 電機
707,3059,華晶科,2024/11,3289.5,1.67,0,1,3,0,2,1,M2326 光電業,M23UZ 消費性電子
708,4702,中美實,2024/11,173.4,1.64,1,0,3,1,2,0,M1721 化學工業,M17B 染料及顏料
709,6140,訊達,2024/11,588,1.64,1,0,3,2,2,0,M2330 資訊服務業,M23X1 系統整合
710,1568,倉佑,2024/11,389.6,1.64,1,0,5,6,0,0,M2200 汽車工業,M15D 汽車組件
711,9908,大台北,2024/11,886.2,1.64,1,0,3,1,2,0,M9700 油電燃氣業,M99D2 天然氣
712,4306,炎洲,2024/11,3108.4,1.63,0,1,1,0,4,2,M1300 塑膠工業,M13A9 膠帶
713,3171,新洲,2024/11,397.9,1.63,1,0,1,1,4,0,M2900 貿易百貨,M13A9 膠帶
714,1540,喬福,2024/11,120.7,1.62,1,0,5,5,0,0,M1500 電機機械,M15A1 工具機
715,3492,長盛,2024/11,179.3,1.62,1,0,2,1,3,0,M2328 電子零組件,M23D2 連接器
716,5211,蒙恬,2024/11,37.6,1.61,0,1,1,0,4,1,M2330 資訊服務業,M23X9 應用軟體
717,2419,仲琦,2024/11,3675.4,1.61,0,1,3,0,2,1,M2327 通信網路業,M23E1 數據機
718,1521,大億,2024/11,1171.3,1.6,1,0,3,2,2,0,M2200 汽車工業,M15D 汽車組件
719,5016,松和,2024/11,557,1.6,1,0,1,1,4,0,M2000 鋼鐵工業,M20A1 線材
720,8462,柏文,2024/11,947,1.59,0,1,3,0,2,1,M2700 觀光事業,M99ZX 其他服務業
721,8105,凌巨,2024/11,2647.9,1.59,1,0,4,3,1,0,M2326 光電業,M23C8D LCD-其他
722,4413,飛寶企業,2024/11,107.6,1.59,0,1,4,0,1,1,M1400 紡織纖維,M14C2 織布
723,2105,正新,2024/11,23052,1.58,0,1,1,0,4,1,M2100 橡膠工業,M21A 輪胎
724,3311,閎暉,2024/11,476.4,1.58,0,1,3,0,2,1,M2327 通信網路業,M23D9A 沖壓零組件
725,3673,TPK-KY,2024/11,21802.5,1.57,0,1,1,0,4,4,M2326 光電業,M23C8E 觸控面板
726,8040,九暘,2024/11,346.7,1.57,0,1,1,0,4,1,M2324 半導體,M23G5 IC設計
727,3322,建舜電,2024/11,615.2,1.56,1,0,4,3,1,0,M2328 電子零組件,M23D2 連接器
728,3504,揚明光,2024/11,883.9,1.56,1,0,4,3,1,0,M2326 光電業,M23CZ1 投影裝置
729,2722,夏都,2024/11,191.9,1.53,0,1,2,0,3,1,M2700 觀光事業,M27A1 飯店業
730,3257,虹冠電,2024/11,85.4,1.5,0,1,0,0,5,5,M2324 半導體,M23G5 IC設計
731,3694,海華,2024/11,2336.4,1.5,0,1,2,0,3,1,M2327 通信網路業,M23K2 衛星微波
732,8042,金山電,2024/12,878,1.48,0,1,2,0,3,1,M2328 電子零組件,M23D5 被動元件
733,2338,光罩,2024/12,1971,1.47,0,1,2,0,3,3,M2324 半導體,M23G6 其他半導體
734,3047,訊舟,2024/12,1445.6,1.45,0,1,3,0,2,1,M2327 通信網路業,M23E1 數據機
735,2618,長榮航,2024/12,39441.7,1.45,0,1,2,0,3,2,M2600 航運業,M26D 空運業
736,6259,百徽,2024/12,118.3,1.44,0,1,3,0,2,1,M2328 電子零組件,M23T2 零組件代理
737,8923,時報,2024/12,132.2,1.44,1,0,3,2,2,0,M3200 文化創意業,M99F 平媒電子報
738,1713,國化,2024/12,101.8,1.43,0,1,1,0,4,4,M1721 化學工業,M17B 染料及顏料
739,2929,淘帝-KY,2024/12,829.1,1.42,1,0,3,1,2,0,M2900 貿易百貨,M29A1 百貨購物中
740,5426,振發,2024/12,534.7,1.42,0,1,2,0,3,1,M2325 電腦及週邊,M23D4 機殼
741,8111,立碁,2024/12,210.3,1.42,1,0,4,3,1,0,M2326 光電業,M23C6C 封裝及應用
742,4968,立積,2024/12,793.6,1.4,0,1,2,0,3,1,M2324 半導體,M23G5 IC設計
743,4906,正文,2024/12,8529.6,1.4,0,1,2,0,3,1,M2327 通信網路業,M23E2 網路卡
744,3652,精聯,2024/12,587.1,1.39,0,1,2,0,3,1,M2325 電腦及週邊,M23B5A POS
745,1109,信大,2024/12,1712.9,1.39,0,1,2,0,3,2,M1100 水泥工業,M11A 水泥製造
746,3581,博磊,2024/12,426,1.39,1,0,1,1,4,0,M2324 半導體,M23H2 電機設備
747,6167,久正,2024/12,490.7,1.39,0,1,3,0,2,1,M2326 光電業,M23C8D LCD-其他
748,4532,瑞智,2024/12,3508,1.38,1,0,2,1,3,0,M1500 電機機械,M15C1 家電
749,2038,海光,2024/12,2580.2,1.36,0,1,1,0,4,4,M2000 鋼鐵工業,M20A2 鋼筋
750,4401,東隆興,2024/12,688.2,1.36,0,1,1,0,4,2,M1400 紡織纖維,M14A7 尼龍絲
751,2017,官田鋼,2024/12,649.8,1.35,1,0,3,1,2,0,M2000 鋼鐵工業,M20A1 線材
752,6552,易華電,2024/12,420.3,1.34,1,0,3,1,2,0,M2324 半導體,M23B2C 軟板
753,3356,奇偶,2024/12,356.4,1.32,0,1,1,0,4,2,M2326 光電業,M23C9 安全監控
754,6654,天正國際,2024/12,113.4,1.3,0,1,1,0,4,4,M2331 其他電子業,M23H2 電機設備
755,3290,東浦,2024/12,563.7,1.29,1,0,3,3,2,0,M2328 電子零組件,M23D9D 其他零組件
756,4924,欣厚-KY,2024/12,240.6,1.29,1,0,3,2,2,0,M2325 電腦及週邊,M23C3 PC週邊
757,2236,百達-KY,2024/12,405.4,1.28,1,0,2,1,3,0,M2200 汽車工業,M15D 汽車組件
758,3540,曜越,2024/12,1010.3,1.27,1,0,2,2,3,0,M2325 電腦及週邊,M23D4 機殼
759,2702,華園,2024/12,350.9,1.27,0,1,2,0,3,1,M2700 觀光事業,M27A1 飯店業
760,2427,三商電,2024/12,1126.9,1.26,0,1,3,0,2,1,M2330 資訊服務業,M23X1 系統整合
761,1307,三芳,2024/12,2380.6,1.26,0,1,3,0,2,1,M1300 塑膠工業,M13A6 合成皮
762,2109,華豐,2024/12,1277,1.25,0,1,2,0,3,2,M2100 橡膠工業,M21A 輪胎
763,8072,陞泰,2025/01,265.6,1.25,0,1,2,0,3,1,M2329 電子通路業,M23C9 安全監控
764,2020,美亞,2025/01,1684.8,1.24,0,1,1,0,4,2,M2000 鋼鐵工業,M20A7 鋼管
765,5386,青雲,2025/01,511.4,1.23,0,1,2,0,3,2,M2325 電腦及週邊,M23B4A 繪圖卡
766,6603,富強鑫,2025/01,1181.6,1.23,1,0,3,1,2,0,M1500 電機機械,M15A1 工具機
767,1465,偉全,2025/01,199.4,1.23,1,0,3,3,2,0,M1400 紡織纖維,M14C2 織布
768,3605,宏致,2025/01,2234.6,1.22,0,1,1,0,4,2,M2328 電子零組件,M23D2 連接器
769,2002,中鋼,2025/01,95377.2,1.22,0,1,2,0,3,2,M2000 鋼鐵工業,M20A3 鋼板
770,4554,橙的,2025/01,60.8,1.22,0,1,0,0,5,5,M2331 其他電子業,M15D 汽車組件
771,3360,尚立,2025/01,2286.8,1.21,1,0,4,2,1,0,M2329 電子通路業,M23T2 零組件代理
772,8076,伍豐,2025/01,760.2,1.21,1,0,4,3,1,0,M2325 電腦及週邊,M23B5A POS
773,2106,建大,2025/01,8305.6,1.21,0,1,1,0,4,4,M2100 橡膠工業,M21A 輪胎
774,6136,富爾特,2025/01,137.3,1.21,1,0,3,1,2,0,M2327 通信網路業,M23T2 零組件代理
775,6109,亞元,2025/01,334.8,1.19,1,0,4,3,1,0,M2327 通信網路業,M23D3 電源供應器
776,4707,磐亞,2025/01,480.5,1.19,1,0,2,1,3,0,M1721 化學工業,M17E1 清潔劑原料
777,8066,來思達,2025/01,1158.5,1.18,0,1,2,0,3,2,M2900 貿易百貨,M99B 五金及家具
778,2908,特力,2025/01,8303.4,1.18,0,1,1,0,4,1,M2900 貿易百貨,M29B 貿易業
779,1440,南紡,2025/01,5475.4,1.18,0,1,2,0,3,3,M1400 紡織纖維,M14A1 聚酯絲棉
780,1468,昶和,2025/01,363.7,1.18,1,0,3,1,2,0,M1400 紡織纖維,M14C2 織布
781,1528,恩德,2025/01,1097.3,1.17,1,0,2,1,3,0,M1500 電機機械,M15A1 工具機
782,1614,三洋電,2025/01,1176.8,1.17,0,1,2,0,3,1,M1600 電器電纜,M15C1 家電
783,2031,新光鋼,2025/01,4152.5,1.17,0,1,1,0,4,3,M2000 鋼鐵工業,M20A3 鋼板
784,1108,幸福,2025/01,1203.3,1.16,1,0,3,2,2,0,M1100 水泥工業,M11A 水泥製造
785,5438,東友,2025/01,360.5,1.16,0,1,3,0,2,1,M2325 電腦及週邊,M23C2 影像掃描
786,6512,啟發電,2025/01,86.5,1.16,1,0,3,1,2,0,M2331 其他電子業,M23D9D 其他零組件
787,5205,中茂,2025/01,5.6,1.15,0,1,1,0,4,4,M2331 其他電子業,M15B2 機電工程
788,1531,高林股,2025/01,439.8,1.15,0,1,2,0,3,1,M1500 電機機械,M15A3 紡織工具機
789,1618,合機,2025/01,818.9,1.14,0,1,2,0,3,1,M1600 電器電纜,M16 電線
790,1464,得力,2025/01,3036.9,1.14,1,0,3,2,2,0,M1400 紡織纖維,M14C2 織布
791,8034,榮群,2025/01,221,1.14,1,0,4,3,1,0,M2327 通信網路業,M23K1 網通工程
792,6743,安普新,2025/01,927,1.12,1,0,3,1,2,0,M2331 其他電子業,M23U2 聲學產品
793,5230,雷笛克光學,2025/01,322.3,1.12,0,1,2,0,3,2,M2326 光電業,M23C6C 封裝及應用
794,2302,麗正,2025/02,223.8,1.12,0,1,3,0,2,1,M2324 半導體,M23D1 整流二極體
795,3645,達邁,2025/02,318.6,1.11,1,0,4,1,1,0,M2328 電子零組件,M23B2C 軟板
796,1612,宏泰,2025/02,1808.5,1.11,1,0,2,2,3,0,M1600 電器電纜,M16 電線
797,2239,英利-KY,2025/02,6981.8,1.1,0,1,2,0,3,1,M2200 汽車工業,M15D 汽車組件
798,2402,毅嘉,2025/02,2135.9,1.08,1,0,4,2,1,0,M2328 電子零組件,M23B2C 軟板
799,4972,湯石照明,2025/02,208.4,1.07,1,0,1,1,4,0,M2326 光電業,M23C6C 封裝及應用
800,6163,華電網,2025/02,2379.7,1.06,1,0,2,2,3,0,M2327 通信網路業,M23K1 網通工程
801,8054,安國,2025/02,389.2,1.06,0,1,2,0,3,2,M2324 半導體,M23G5 IC設計
802,3031,佰鴻,2025/02,334.6,1.06,0,1,2,0,3,1,M2326 光電業,M23C6C 封裝及應用
803,1444,力麗,2025/02,2325.7,1.05,0,1,2,0,3,1,M1400 紡織纖維,M14A2 加工絲
804,1452,宏益,2025/02,389.6,1.05,0,1,1,0,4,4,M1400 紡織纖維,M14A2 加工絲
805,6287,元隆,2025/02,372.2,1.05,0,1,2,0,3,1,M2324 半導體,M23G1A 晶圓代工
806,2355,敬鵬,2025/02,4611.7,1.05,0,1,2,0,3,1,M2328 電子零組件,M23B2D 硬板及其他
807,2444,兆勁,2025/02,619.9,1.05,1,0,4,1,1,0,M2327 通信網路業,M23E1 數據機
808,5351,鈺創,2025/02,685.5,1.03,0,1,1,0,4,4,M2324 半導體,M23G5 IC設計
809,2104,國際中橡,2025/02,5600.7,1.02,0,1,3,0,2,1,M2100 橡膠工業,M21C 橡膠原料
810,6153,嘉聯益,2025/02,3679.9,1.02,0,1,2,0,3,1,M2328 電子零組件,M23B2C 軟板
811,3663,鑫科,2025/02,505,1,0,1,1,0,4,3,M2331 其他電子業,M99L1 貴金屬回收
812,8455,大拓-KY,2025/02,365.1,1,0,1,2,0,3,1,M2331 其他電子業,M15A1 工具機
813,2436,偉詮電,2025/02,670.8,1,0,1,2,0,3,1,M2324 半導體,M23G5 IC設計
814,2312,金寶,2025/02,49197.4,1,0,1,3,0,2,1,M2331 其他電子業,M23A1 EMS
815,2363,矽統,2025/02,44.4,0.97,0,1,3,0,2,1,M2324 半導體,M23G5 IC設計
816,2495,普安,2025/02,466.6,0.97,1,0,4,3,1,0,M2331 其他電子業,M23C4B 硬碟磁碟
817,6154,順發,2025/02,882.8,0.97,0,1,1,0,4,2,M2329 電子通路業,M23T1 3C通路
818,8085,福華,2025/02,227.3,0.96,1,0,3,2,2,0,M2331 其他電子業,M23C8B 背光模組
819,8374,羅昇,2025/02,857.3,0.96,0,1,1,0,4,3,M1500 電機機械,M15A2 模具零件
820,6158,禾昌,2025/02,382.4,0.95,0,1,1,0,4,3,M2328 電子零組件,M23D2 連接器
821,2610,華航,2025/02,38941.2,0.95,0,1,1,0,4,4,M2600 航運業,M26D 空運業
822,4807,日成-KY,2025/03,370.7,0.94,0,1,1,0,4,1,M2900 貿易百貨,M99ZC 其他製造業
823,2939,凱羿-KY,2025/03,282.3,0.93,1,0,2,1,3,0,M2900 貿易百貨,M29B 貿易業
824,1903,士紙,2025/03,39.7,0.93,1,0,2,1,3,0,M1900 造紙工業,M19A 造紙
825,2462,良得電,2025/03,1149.3,0.93,1,0,3,1,2,0,M2328 電子零組件,M23D2 連接器
826,8926,台汽電,2025/03,2064.3,0.92,1,0,1,1,4,0,M9700 油電燃氣業,M99D3 汽電共生
827,2613,中櫃,2025/03,746.6,0.92,0,1,1,0,4,2,M2600 航運業,M26C 貨運倉儲業
828,6152,百一,2025/03,1110.2,0.92,1,0,4,3,1,0,M2327 通信網路業,M23K2 衛星微波
829,6204,艾華,2025/03,86.1,0.91,1,0,2,1,3,0,M2328 電子零組件,M23D5 被動元件
830,1533,車王電,2025/03,937.5,0.91,0,1,2,0,3,1,M2200 汽車工業,M15D 汽車組件
831,3094,聯傑,2025/03,69.4,0.91,0,1,2,0,3,2,M2324 半導體,M23G5 IC設計
832,2633,台灣高鐵,2025/03,11697.1,0.9,1,0,3,2,2,0,M2600 航運業,M26B2 鐵路運輸
833,9918,欣天然,2025/03,469.1,0.89,1,0,2,1,3,0,M9700 油電燃氣業,M99D2 天然氣
834,2030,彰源,2025/03,3250.2,0.87,0,1,1,0,4,4,M2000 鋼鐵工業,M20A7 鋼管
835,3516,亞帝歐,2025/03,292.4,0.86,1,0,4,3,1,0,M2326 光電業,M15C4 照明
836,4528,江興鍛,2025/03,620.5,0.86,0,1,1,0,4,1,M1500 電機機械,M15D 汽車組件
837,8074,鉅橡,2025/03,313.3,0.86,1,0,1,1,4,0,M2328 電子零組件,M23B3X PCB材-其他
838,4960,誠美材,2025/03,1874,0.85,1,0,3,1,2,0,M2326 光電業,M23C8C LCD 原料
839,1742,台蠟,2025/03,62.2,0.85,1,0,3,2,2,0,M1721 化學工業,M17Z 其他化學
840,3713,新晶投控,2025/03,523.2,0.85,1,0,3,2,2,0,M2326 光電業,M23C7E 太陽能系統
841,3025,星通,2025/03,92,0.84,0,1,1,0,4,4,M2327 通信網路業,M23E2 網路卡
842,6148,驊宏資,2025/03,199.9,0.83,1,0,4,3,1,0,M2330 資訊服務業,M23X1 系統整合
843,1474,弘裕,2025/03,688.4,0.82,0,1,2,0,3,1,M1400 紡織纖維,M14C2 織布
844,1410,南染,2025/03,103.5,0.81,1,0,2,1,3,0,M1400 紡織纖維,M14E 染整
845,1609,大亞,2025/03,6551.6,0.8,0,1,0,0,5,6,M1600 電器電纜,M16 電線
846,2367,燿華,2025/03,3927,0.8,0,1,3,0,2,1,M2328 電子零組件,M23B2D 硬板及其他
847,8940,新天地,2025/03,383.3,0.78,1,0,4,2,1,0,M2700 觀光事業,M27A2 餐飲業
848,6244,茂迪,2025/03,1710,0.78,1,0,4,3,1,0,M2326 光電業,M23C7C 太陽能電池
849,5272,笙科,2025/03,62.2,0.77,0,1,2,0,3,3,M2324 半導體,M23G5 IC設計
850,3060,銘異,2025/03,612,0.77,1,0,3,1,2,0,M2325 電腦及週邊,M23C4B 硬碟磁碟
851,8110,華東,2025/03,2173.7,0.76,0,1,2,0,3,1,M2324 半導體,M23G2 IC封測
852,1101,台泥,2025/03,33626.8,0.76,0,1,2,0,3,1,M1100 水泥工業,M11A 水泥製造
853,2468,華經,2025/04,651.4,0.75,0,1,2,0,3,1,M2330 資訊服務業,M23X1 系統整合
854,6129,普誠,2025/04,541.9,0.75,1,0,3,1,2,0,M2324 半導體,M23G5 IC設計
855,3346,麗清,2025/04,2090.3,0.75,1,0,3,2,2,0,M2200 汽車工業,M23C6C 封裝及應用
856,3714,富采,2025/04,5867.1,0.74,0,1,0,0,2,2,M2326 光電業,M23C6B 磊晶及晶粒
857,4706,大恭,2025/04,237.8,0.74,0,1,0,0,5,7,M1721 化學工業,M17B 染料及顏料
858,3576,聯合再生,2025/04,5600.8,0.73,0,1,2,0,3,1,M2326 光電業,M23C7C 太陽能電池
859,8071,能率網通,2025/04,566.8,0.73,0,1,2,0,3,2,M2328 電子零組件,M23D9A 沖壓零組件
860,2374,佳能,2025/04,1290.3,0.73,0,1,2,0,3,2,M2326 光電業,M23UZ 消費性電子
861,3419,譁裕,2025/04,561.9,0.73,1,0,3,3,2,0,M2327 通信網路業,M23K2 衛星微波
862,5452,佶優,2025/04,1344.6,0.73,0,1,1,0,4,2,M2331 其他電子業,M23T2 零組件代理
863,2029,盛餘,2025/04,2361.7,0.71,0,1,2,0,3,1,M2000 鋼鐵工業,M20A3 鋼板
864,2906,高林,2025/04,1958.9,0.71,0,1,3,0,2,2,M2900 貿易百貨,M29B 貿易業
865,4526,東台,2025/04,2132.3,0.71,1,0,4,3,1,0,M1500 電機機械,M15A1 工具機
866,2706,第一店,2025/04,77.5,0.7,1,0,3,2,2,0,M2700 觀光事業,M27A1 飯店業
867,4510,高鋒,2025/04,468.2,0.7,1,0,3,2,2,0,M1500 電機機械,M15A1 工具機
868,6133,金橋,2025/04,313.4,0.7,0,1,2,0,3,1,M2328 電子零組件,M23D2 連接器
869,8096,擎亞,2025/04,4300,0.69,0,1,2,0,3,3,M2329 電子通路業,M23T2 零組件代理
870,3228,金麗科,2025/04,67.4,0.69,1,0,3,1,2,0,M2324 半導體,M23G5 IC設計
871,1711,永光,2025/04,1925.6,0.69,0,1,2,0,3,2,M1721 化學工業,M17B 染料及顏料
872,3373,熱映,2025/04,129,0.69,0,1,3,0,2,1,M2331 其他電子業,M17G 醫療耗材
873,6246,臺龍,2025/04,441,0.69,1,0,3,2,2,0,M2326 光電業,M23C8B 背光模組
874,1809,中釉,2025/04,604.1,0.67,0,1,2,0,3,1,M1800 玻璃陶瓷,M18 玻璃陶瓷
875,2010,春源,2025/04,5474.8,0.67,0,1,0,0,5,6,M2000 鋼鐵工業,M20A3 鋼板
876,8107,大億金茂,2025/04,223.9,0.67,1,0,3,3,2,0,M1500 電機機械,M15D 汽車組件
877,8927,北基,2025/04,1755.1,0.67,1,0,2,1,3,0,M9700 油電燃氣業,M99D1 加油站
878,4406,新昕纖,2025/04,132.9,0.67,0,1,1,0,4,1,M1400 紡織纖維,M14A2 加工絲
879,3276,宇環,2025/04,206.6,0.66,1,0,3,1,2,0,M2328 電子零組件,M23B2C 軟板
880,4533,協易機,2025/04,898.2,0.66,0,1,1,0,4,1,M1500 電機機械,M15A1 工具機
881,1727,中華化,2025/04,566.3,0.66,0,1,1,0,4,3,M1721 化學工業,M17Z 其他化學
882,1414,東和,2025/04,141,0.65,1,0,3,1,2,0,M1400 紡織纖維,M14B1 聚酯紗棉紗
883,8087,華鎂鑫,2025/05,171.1,0.64,1,0,3,3,2,0,M2326 光電業,M23C4A 光碟
884,1449,佳和,2025/05,513,0.64,0,1,2,0,3,1,M1400 紡織纖維,M14C2 織布
885,2243,宏旭-KY,2025/05,386.1,0.63,1,0,4,3,1,0,M2200 汽車工業,M15D 汽車組件
886,3043,科風,2025/05,383.1,0.63,0,1,2,0,3,1,M2331 其他電子業,M23D3 電源供應器
887,4764,雙鍵,2025/05,667,0.62,1,0,2,1,3,0,M1721 化學工業,M17Z 其他化學
888,6233,旺玖,2025/05,108.9,0.62,0,1,1,0,4,2,M2324 半導體,M23G5 IC設計
889,6224,聚鼎,2025/05,685.4,0.62,0,1,0,0,5,6,M2328 電子零組件,M23D5 被動元件
890,5383,金利,2025/05,433.2,0.62,1,0,3,1,2,0,M2331 其他電子業,M23D9B 散熱零組件
891,2024,志聯,2025/05,244.2,0.61,1,0,2,1,3,0,M2000 鋼鐵工業,M20A1 線材
892,3050,鈺德,2025/05,290.1,0.61,1,0,2,1,3,0,M2326 光電業,M23C4A 光碟
893,1413,宏洲,2025/05,644.9,0.59,0,1,2,0,3,3,M1400 紡織纖維,M14A2 加工絲
894,6405,悅城,2025/05,71.4,0.59,1,0,1,1,4,0,M2326 光電業,M23C8C LCD 原料
895,1309,台達化,2025/05,3845.2,0.59,0,1,1,0,4,3,M1300 塑膠工業,M13A1 泛用塑膠
896,2477,美隆電,2025/05,676.9,0.58,0,1,2,0,3,2,M2331 其他電子業,M23U2 聲學產品
897,3027,盛達,2025/05,380.9,0.57,1,0,2,1,3,0,M2327 通信網路業,M23KX 其他網通
898,1586,和勤,2025/05,589.3,0.57,0,1,1,0,4,2,M1500 電機機械,M23D9A 沖壓零組件
899,1810,和成,2025/05,1239,0.56,1,0,3,1,2,0,M1800 玻璃陶瓷,M18 玻璃陶瓷
900,2008,高興昌,2025/05,543.3,0.56,1,0,2,1,3,0,M2000 鋼鐵工業,M20A7 鋼管
901,3122,笙泉,2025/05,103.1,0.56,0,1,1,0,4,4,M2324 半導體,M23G5 IC設計
902,6210,慶生,2025/05,121.3,0.55,0,1,0,0,5,5,M2328 電子零組件,M23B2D 硬板及其他
903,3066,李洲,2025/05,53.7,0.55,0,1,1,0,4,1,M2326 光電業,M23C6C 封裝及應用
904,5468,凱鈺,2025/05,29.3,0.55,0,1,2,0,3,2,M2324 半導體,M23G5 IC設計
905,3372,典範,2025/05,229.1,0.54,1,0,1,1,4,0,M2324 半導體,M23G2 IC封測
906,2701,萬企,2025/05,56.9,0.54,1,0,3,2,2,0,M2700 觀光事業,M27A1 飯店業
907,2466,冠西電,2025/05,206,0.53,0,1,1,0,4,2,M2326 光電業,M23C6C 封裝及應用
908,5340,建榮,2025/05,341,0.53,1,0,2,1,3,0,M2328 電子零組件,M23B3B 玻纖紗布
909,4729,熒茂,2025/05,293.9,0.52,0,1,3,0,2,1,M2326 光電業,M23C8E 觸控面板
910,3252,海灣,2025/05,118.9,0.51,0,1,2,0,3,1,M2700 觀光事業,M27A1 飯店業
911,1714,和桐,2025/05,5455.1,0.49,1,0,3,2,2,0,M1721 化學工業,M17E1 清潔劑原料
912,2910,統領,2025/05,193.8,0.48,1,0,2,1,3,0,M2900 貿易百貨,M29A1 百貨購物中
913,1721,三晃,2025/05,704.8,0.48,1,0,4,1,1,0,M1721 化學工業,M17F 樹脂
914,1905,華紙,2025/06,5981.5,0.48,0,1,2,0,3,1,M1900 造紙工業,M19B 紙漿
915,3073,天方能源,2025/06,29.2,0.47,1,0,3,1,2,0,M2324 半導體,M23C7E 太陽能系統
916,5601,台聯櫃,2025/06,22,0.47,0,1,3,0,2,1,M2600 航運業,M26C 貨運倉儲業
917,6265,方土昶,2025/06,202.2,0.45,0,1,1,0,4,1,M2329 電子通路業,M23T2 零組件代理
918,4939,亞電,2025/06,374.4,0.45,0,1,1,0,4,1,M2328 電子零組件,M23B3C FCCL
919,1423,利華,2025/06,39.7,0.44,0,1,3,0,2,1,M1400 紡織纖維,M14D2 毛紡
920,1417,嘉裕,2025/06,407.3,0.44,1,0,2,1,3,0,M1400 紡織纖維,M14C1 成衣製造
921,2704,國賓,2025/06,407.1,0.44,1,0,3,2,2,0,M2700 觀光事業,M27A1 飯店業
922,6443,元晶,2025/06,2835.4,0.42,0,1,2,0,3,1,M2326 光電業,M23C7C 太陽能電池
923,8093,保銳,2025/06,94.1,0.42,1,0,3,2,2,0,M2328 電子零組件,M23D3 電源供應器
924,6160,欣技,2025/06,380.3,0.41,1,0,4,4,1,0,M2325 電腦及週邊,M23B5B 工業電腦
925,2305,全友,2025/06,148.9,0.4,0,1,1,0,4,1,M2325 電腦及週邊,M23C2 影像掃描
926,3591,艾笛森,2025/06,443,0.4,0,1,1,0,4,4,M2326 光電業,M23C6C 封裝及應用
927,3024,憶聲,2025/06,277,0.4,0,1,3,0,2,1,M2326 光電業,M15C1 家電
928,3232,昱捷,2025/06,342.3,0.39,0,1,2,0,3,1,M2329 電子通路業,M23T2 零組件代理
929,1506,正道,2025/06,283.1,0.39,1,0,3,3,2,0,M1500 電機機械,M15D 汽車組件
930,2365,昆盈,2025/06,167.6,0.39,1,0,4,3,1,0,M2325 電腦及週邊,M23C3 PC週邊
931,6222,上揚,2025/06,1.1,0.39,0,1,2,0,3,1,M2326 光電業,M23C6C 封裝及應用
932,6118,建達,2025/06,2401,0.38,1,0,1,1,4,0,M2329 電子通路業,M23T1 3C通路
933,3306,鼎天,2025/06,291.1,0.38,0,1,2,0,3,1,M2327 通信網路業,M23K5 導航定位
934,2401,凌陽,2025/06,1169.3,0.37,0,1,1,0,4,3,M2324 半導體,M23G5 IC設計
935,5201,凱衛,2025/06,47.3,0.37,0,1,3,0,2,1,M2330 資訊服務業,M23X1 系統整合
936,8084,巨虹,2025/06,443.6,0.37,1,0,3,3,2,0,M2329 電子通路業,M23G5 IC設計
937,1617,榮星,2025/06,836.1,0.37,1,0,1,1,4,0,M1600 電器電纜,M16 電線
938,5328,華容,2025/06,280.4,0.36,0,1,3,0,2,1,M2328 電子零組件,M23D5 被動元件
939,6594,展匯科,2025/06,50.7,0.35,0,1,1,0,4,4,M2324 半導體,M23G5 IC設計
940,6164,華興,2025/06,195.1,0.35,1,0,2,1,3,0,M2326 光電業,M23C6C 封裝及應用
941,1454,台富,2025/06,390.6,0.35,0,1,2,0,3,2,M1400 紡織纖維,M14C2 織布
942,8222,寶一,2025/06,106.2,0.34,0,1,3,0,2,2,M1500 電機機械,M22B3 航空器製造
943,3041,揚智,2025/06,646.5,0.34,0,1,3,0,2,1,M2324 半導體,M23G5 IC設計
944,4994,傳奇,2025/07,337.3,0.34,0,1,1,0,4,2,M2330 資訊服務業,M23X2 遊戲軟體
945,6124,業強,2025/07,415.4,0.34,0,1,1,0,4,4,M2328 電子零組件,M23D9B 散熱零組件
946,2321,東訊,2025/07,229.2,0.33,1,0,3,1,2,0,M2327 通信網路業,M23KX 其他網通
947,1325,恒大,2025/07,116.4,0.32,1,0,4,1,1,0,M1300 塑膠工業,M14F 不織布
948,1467,南緯,2025/07,1291,0.31,1,0,4,3,1,0,M1400 紡織纖維,M14C1 成衣製造
949,2399,映泰,2025/07,507.4,0.31,0,1,1,0,4,4,M2325 電腦及週邊,M23B1 主機板
950,2712,遠雄來,2025/07,156.5,0.31,0,1,3,0,2,1,M2700 觀光事業,M27A1 飯店業
951,4720,德淵,2025/07,910.5,0.31,1,0,3,1,2,0,M1721 化學工業,M17F 樹脂
952,4513,福裕,2025/07,381.2,0.31,1,0,2,1,3,0,M1500 電機機械,M15A1 工具機
953,1470,大統新創,2025/07,109.6,0.31,0,1,2,0,3,1,M1400 紡織纖維,M14E 染整
954,6142,友勁,2025/07,1078,0.3,0,1,3,0,2,1,M2327 通信網路業,M23E2 網路卡
955,1240,茂生農經,2025/07,908.7,0.3,0,1,2,0,3,2,M3300 農業科技,M12B 油脂飼料
956,1802,台玻,2025/07,11390.1,0.3,0,1,2,0,3,3,M1800 玻璃陶瓷,M18 玻璃陶瓷
957,6441,廣錠,2025/07,188.4,0.29,1,0,3,2,2,0,M2325 電腦及週邊,M23D7 二次電池
958,1776,展宇,2025/07,325.3,0.29,0,1,2,0,3,3,M1721 化學工業,M17F 樹脂
959,4916,事欣科,2025/07,953.7,0.28,0,1,2,0,3,2,M2325 電腦及週邊,M23B5B 工業電腦
960,1732,毛寶,2025/07,137.8,0.28,0,1,1,0,4,2,M1721 化學工業,M17E2 清潔用品
961,2486,一詮,2025/07,1154.1,0.28,0,1,1,0,4,2,M2326 光電業,M23D9C 光電導線架
962,1447,力鵬,2025/07,7117.7,0.27,0,1,2,0,3,1,M1400 紡織纖維,M14A7 尼龍絲
963,4909,新復興,2025/07,141.7,0.27,1,0,4,4,1,0,M2327 通信網路業,M23B2D 硬板及其他
964,2369,菱生,2025/07,1237,0.26,0,1,0,0,5,5,M2324 半導體,M23G2 IC封測
965,8121,越峰,2025/07,745.4,0.26,1,0,3,1,2,0,M2328 電子零組件,M23D5 被動元件
966,5488,松普,2025/07,350.4,0.26,0,1,3,0,2,1,M2328 電子零組件,M23D2 連接器
967,2901,欣欣,2025/07,28.6,0.26,1,0,2,1,3,0,M2900 貿易百貨,M29A1 百貨購物中
968,1611,中電,2025/07,392.1,0.25,0,1,2,0,3,3,M1600 電器電纜,M15C4 照明
969,2023,燁輝,2025/07,17166.6,0.25,0,1,1,0,4,4,M2000 鋼鐵工業,M20A3 鋼板
970,5263,智崴,2025/07,228.1,0.25,1,0,2,1,3,0,M3200 文化創意業,M23Z 其他電子
971,2605,新興,2025/07,1290,0.23,1,0,2,1,3,0,M2600 航運業,M26A1 散裝輪
972,6226,光鼎,2025/07,179.8,0.22,0,1,1,0,4,2,M2326 光電業,M23C6C 封裝及應用
973,3499,環天科,2025/07,83.4,0.2,1,0,4,2,1,0,M2327 通信網路業,M23K5 導航定位
974,3297,杭特,2025/07,36.2,0.2,0,1,1,0,4,2,M2326 光電業,M23C9 安全監控
975,4609,唐鋒,2025/08,45.1,0.19,1,0,4,3,1,0,M1600 電器電纜,M15C1 家電
976,2457,飛宏,2025/08,3852.8,0.18,1,0,4,3,1,0,M2328 電子零組件,M23D3 電源供應器
977,1321,大洋,2025/08,1321.7,0.18,1,0,2,1,3,0,M1300 塑膠工業,M13A8 塑膠加工
978,6596,寬宏藝術,2025/08,294.1,0.18,1,0,4,2,1,0,M3200 文化創意業,M99E 廣告業
979,9105,泰金寶-DR,2025/08,39363.6,0.18,1,0,3,2,2,0,W91   存託憑證,M23C3 PC週邊
980,1110,東泥,2025/08,563.6,0.17,1,0,3,2,2,0,M1100 水泥工業,M11A 水泥製造
981,3057,喬鼎,2025/08,149.1,0.17,0,1,1,0,4,4,M2325 電腦及週邊,M23C4B 硬碟磁碟
982,1463,強盛,2025/08,116.2,0.16,1,0,2,1,3,0,M1400 紡織纖維,M14E 染整
983,5210,寶碩,2025/08,72.6,0.16,0,1,3,0,2,1,M2330 資訊服務業,M23X1 系統整合
984,2601,益航,2025/08,1510.6,0.15,0,1,1,0,4,3,M2900 貿易百貨,M26A1 散裝輪
985,8092,建暐,2025/08,113.2,0.15,1,0,4,2,1,0,M2331 其他電子業,M23H2 電機設備
986,1815,富喬,2025/08,1012.9,0.15,0,1,1,0,4,2,M2328 電子零組件,M23B3B 玻纖紗布
987,6209,今國光,2025/08,859.3,0.14,1,0,3,1,2,0,M2326 光電業,M23U1 光學鏡頭
988,6218,豪勉,2025/08,369.6,0.14,1,0,3,1,2,0,M2327 通信網路業,M23X1 系統整合
989,5348,系通,2025/08,32.8,0.13,1,0,4,1,1,0,M2327 通信網路業,M23K5 導航定位
990,8086,宏捷科,2025/08,374.1,0.13,0,1,2,0,3,2,M2324 半導體,M23G3A 化合物SEMI
991,2032,新鋼,2025/08,756.5,0.13,0,1,1,0,4,2,M2000 鋼鐵工業,M20A6 不鏽鋼
992,3615,安可,2025/08,261.5,0.12,0,1,1,0,4,2,M2326 光電業,M23C8E 觸控面板
993,3287,廣寰科,2025/08,111.6,0.12,0,1,2,0,3,1,M2325 電腦及週邊,M23B4B 電視卡
994,4716,大立,2025/08,159,0.11,1,0,2,1,3,0,M1721 化學工業,M17F 樹脂
995,8059,凱碩,2025/08,162.4,0.11,1,0,4,4,1,0,M2327 通信網路業,M23E1 數據機
996,8038,長園科,2025/08,124.9,0.08,1,0,3,3,2,0,M2328 電子零組件,M23D7 二次電池
997,4542,科嶠,2025/08,251,0.08,1,0,3,1,2,0,M2328 電子零組件,M23H2 電機設備
998,1445,大宇,2025/08,422.9,0.07,1,0,2,1,3,0,M1400 紡織纖維,M14C2 織布
999,5487,通泰,2025/08,41.7,0.07,0,1,1,0,4,2,M2324 半導體,M23G5 IC設計
1000,3049,和鑫,2025/08,594.3,0.07,0,1,1,0,4,4,M2326 光電業,M23C8E 觸控面板
1001,5381,合正,2025/08,81.4,0.07,0,1,2,0,3,1,M2328 電子零組件,M23B3A 銅箔基板
1002,1806,冠軍,2025/08,722.5,0.07,0,1,3,0,2,1,M1800 玻璃陶瓷,M18 玻璃陶瓷
1003,8431,匯鑽科,2025/08,214.7,0.07,0,1,1,0,4,4,M2331 其他電子業,M23C4B 硬碟磁碟
1004,3686,達能,2025/08,64.5,0.06,1,0,3,3,2,0,M2324 半導體,M23C7B 太陽能晶圓
1005,8068,全達,2025/08,215.4,0.05,0,1,4,0,1,1,M2329 電子通路業,M23T2 零組件代理
1006,6194,育富,2025/09,308.9,0.05,1,0,2,1,3,0,M2328 電子零組件,M23B2D 硬板及其他
1007,4303,信立,2025/09,66.6,0.05,0,1,2,0,3,2,M1300 塑膠工業,M13A6 合成皮
1008,3672,康聯訊,2025/09,122.6,0.05,0,1,1,0,4,2,M2327 通信網路業,M23K6 光元件模組
1009,2009,第一銅,2025/09,618.3,0.05,0,1,0,0,5,6,M2000 鋼鐵工業,M20A4 銅
1010,2417,圓剛,2025/09,888.4,0.04,0,1,2,0,3,2,M2325 電腦及週邊,M23B4B 電視卡
1011,4420,光明,2025/09,218.5,0.03,0,1,1,0,4,4,M1400 紡織纖維,M14C2 織布
1012,2380,虹光,2025/09,663.6,0.02,0,1,2,0,3,1,M2325 電腦及週邊,M23C2 影像掃描
1013,3354,律勝,2025/09,26.7,0.01,1,0,4,4,1,0,M2328 電子零組件,M23B3C FCCL
1014,3632,研勤,2025/09,124.8,0.01,1,0,4,3,1,0,M2327 通信網路業,M23K5 導航定位
1015,4402,福大,2025/09,39.7,0.01,1,0,3,1,2,0,M1400 紡織纖維,M14A7 尼龍絲
1016,3011,今皓,2025/09,278,0,1,0,3,2,2,0,M2328 電子零組件,M23D2 連接器
1017,3363,上詮,2025/09,328.1,0,0,1,0,0,5,5,M2327 通信網路業,M23K6 光元件模組
1018,6144,得利影,2025/09,59.7,-0.01,1,0,4,2,1,0,M3200 文化創意業,M23X9 應用軟體
1019,2431,聯昌,2025/09,184.4,-0.01,1,0,4,3,1,0,M2328 電子零組件,M23D3 電源供應器
1020,3234,光環,2025/09,197.6,-0.02,0,1,3,0,2,1,M2327 通信網路業,M23K6 光元件模組
1021,6108,競國,2025/09,1488.8,-0.03,0,1,2,0,3,1,M2328 電子零組件,M23B2D 硬板及其他
1022,6117,迎廣,2025/09,544.4,-0.03,0,1,2,0,3,1,M2325 電腦及週邊,M23D4 機殼
1023,2724,富驛-KY,2025/09,6.2,-0.04,1,0,2,2,3,0,M2700 觀光事業,M27A1 飯店業
1024,1735,日勝化,2025/09,629.4,-0.05,1,0,2,1,3,0,M1721 化學工業,M17F 樹脂
1025,6593,台灣銘板,2025/09,116.2,-0.05,0,1,1,0,4,4,M2330 資訊服務業,M23Z 其他電子
1026,6185,幃翔,2025/09,140.9,-0.05,0,1,3,0,2,1,M2328 電子零組件,M23D2 連接器
1027,2406,國碩,2025/09,1688.3,-0.05,0,1,3,0,2,1,M2326 光電業,M23C7B 太陽能晶圓
1028,3288,點晶,2025/09,27.2,-0.06,0,1,2,0,3,1,M2328 電子零組件,M23G5 IC設計
1029,3308,聯德,2025/09,222.6,-0.06,1,0,3,3,2,0,M2328 電子零組件,M23D3 電源供應器
1030,4502,健信,2025/09,347,-0.06,0,1,3,0,2,1,M1500 電機機械,M15D 汽車組件
1031,2349,錸德,2025/09,2032.6,-0.07,0,1,2,0,3,1,M2326 光電業,M23C4A 光碟
1032,3191,和進,2025/09,57.2,-0.07,1,0,4,3,1,0,M2328 電子零組件,M23D9D 其他零組件
1033,3466,致振,2025/09,455.9,-0.08,0,1,2,0,3,1,M2327 通信網路業,M23K2 衛星微波
1034,1324,地球,2025/09,243.9,-0.08,1,0,2,1,3,0,M1300 塑膠工業,M13A9 膠帶
1035,3002,歐格,2025/09,173.9,-0.09,0,1,2,0,3,2,M2325 電腦及週邊,M23D3 電源供應器
1036,2033,佳大,2025/10,188.6,-0.09,0,1,1,0,4,3,M2000 鋼鐵工業,M20A1 線材
1037,6225,天瀚,2025/10,11.3,-0.09,1,0,3,2,2,0,M2326 光電業,M23UZ 消費性電子
1038,9912,偉聯,2025/10,138.2,-0.09,1,0,2,1,3,0,M2325 電腦及週邊,M23C1 顯示器
1039,4934,太極,2025/10,716.8,-0.09,1,0,4,2,1,0,M2326 光電業,M23C7C 太陽能電池
1040,6698,旭暉應材,2025/10,365,-0.1,0,1,2,0,3,2,M2331 其他電子業,M23C8C LCD 原料
1041,6404,通訊-KY,2025/10,1.6,-0.11,0,1,4,0,1,1,M2330 資訊服務業,M23K4 電商及XaaS
1042,6103,合邦,2025/10,19.3,-0.11,1,0,3,2,2,0,M2324 半導體,M23T2 零組件代理
1043,5344,立衛,2025/10,48.5,-0.11,0,1,1,0,4,1,M2324 半導體,M23G2 IC封測
1044,2440,太空梭,2025/10,710.8,-0.12,1,0,1,1,4,0,M2328 電子零組件,M23D2 連接器
1045,2485,兆赫,2025/10,1960.3,-0.12,1,0,3,1,2,0,M2327 通信網路業,M23K2 衛星微波
1046,1446,宏和,2025/10,45.6,-0.13,1,0,2,1,3,0,M1400 紡織纖維,M14C2 織布
1047,4956,光鋐,2025/10,290.3,-0.13,0,1,1,0,4,3,M2326 光電業,M23C6B 磊晶及晶粒
1048,2913,農林,2025/10,92.3,-0.13,0,1,1,0,4,2,M2900 貿易百貨,M29B 貿易業
1049,5314,世紀,2025/10,12.2,-0.16,1,0,3,1,2,0,M2324 半導體,M23G5 IC設計
1050,1314,中石化,2025/10,3884,-0.16,0,1,0,0,5,5,M1300 塑膠工業,M13A5 化纖
1051,4530,宏易,2025/10,51.2,-0.18,1,0,4,4,1,0,M1500 電機機械,M23KX 其他網通
1052,1432,大魯閣,2025/10,292.9,-0.2,0,1,3,0,2,1,M2900 貿易百貨,M29A1 百貨購物中
1053,3083,網龍,2025/10,77.8,-0.21,1,0,3,1,2,0,M3200 文化創意業,M23X2 遊戲軟體
1054,3202,樺晟,2025/10,998.9,-0.21,1,0,2,1,3,0,M2328 電子零組件,M23D2 連接器
1055,1103,嘉泥,2025/10,659.8,-0.21,1,0,2,1,3,0,M1100 水泥工業,M11A 水泥製造
1056,1909,榮成,2025/10,13414.7,-0.22,1,0,1,1,4,0,M1900 造紙工業,M19A 造紙
1057,1304,台聚,2025/10,15151.5,-0.23,0,1,1,0,4,3,M1300 塑膠工業,M13A1 泛用塑膠
1058,5706,鳳凰,2025/10,108.9,-0.23,1,0,3,1,2,0,M2700 觀光事業,M27C 旅行社
1059,4976,佳凌,2025/10,237.9,-0.23,0,1,1,0,4,2,M2326 光電業,M23U1 光學鏡頭
1060,1616,億泰,2025/10,956.2,-0.23,0,1,1,0,4,4,M1600 電器電纜,M16 電線
1061,6101,寬魚國際,2025/10,2,-0.23,1,0,4,2,1,0,M3200 文化創意業,M99H 電視廣播
1062,3224,三顧,2025/10,343.2,-0.24,0,1,2,0,3,2,M2329 電子通路業,M23T2 零組件代理
1063,2022,聚亨,2025/10,2157.9,-0.24,0,1,2,0,3,2,M2000 鋼鐵工業,M20A1 線材
1064,6283,淳安,2025/10,379,-0.25,0,1,2,0,3,1,M2331 其他電子業,M23C3 PC週邊
1065,5701,劍湖山,2025/10,134.2,-0.25,0,1,2,0,3,1,M2700 觀光事業,M27A1 飯店業
1066,3379,彬台,2025/10,219.9,-0.27,1,0,3,1,2,0,M1500 電機機械,M15Z 其他電製品
1067,3631,晟楠,2025/11,22.7,-0.27,0,1,1,0,4,2,M2328 電子零組件,M23B3X PCB材-其他
1068,1312,國喬,2025/11,3944.2,-0.28,0,1,1,0,4,3,M1300 塑膠工業,M13A1 泛用塑膠
1069,3067,全域,2025/11,35.8,-0.3,1,0,1,1,4,0,M2331 其他電子業,M23U2 聲學產品
1070,5460,同協,2025/11,102.7,-0.3,1,0,3,2,2,0,M2328 電子零組件,M23D9A 沖壓零組件
1071,5302,太欣,2025/11,2.4,-0.3,0,1,2,0,3,2,M2324 半導體,M23G5 IC設計
1072,2332,友訊,2025/11,4421.7,-0.31,0,1,2,0,3,1,M2327 通信網路業,M23E2 網路卡
1073,2388,威盛,2025/11,2204.4,-0.32,0,1,2,0,3,3,M2324 半導體,M23G5 IC設計
1074,4419,元勝,2025/11,84.6,-0.33,1,0,3,2,2,0,M1400 紡織纖維,M27A2 餐飲業
1075,6276,安鈦克,2025/11,326.8,-0.33,1,0,1,1,4,0,M2325 電腦及週邊,M23D3 電源供應器
1076,3550,聯穎,2025/11,1027.5,-0.34,0,1,0,0,5,6,M2328 電子零組件,M23D2 連接器
1077,5356,協益,2025/11,897.3,-0.34,1,0,2,2,3,0,M2325 電腦及週邊,M13B 塑膠製品
1078,3062,建漢,2025/11,1897.3,-0.35,1,0,4,3,1,0,M2327 通信網路業,M23E2 網路卡
1079,3085,新零售,2025/11,44,-0.35,1,0,2,1,3,0,M3400 電子商務,M23K4 電商及XaaS
1080,5251,天鉞電,2025/11,102.7,-0.36,1,0,3,3,2,0,M2326 光電業,M23C9 安全監控
1081,6116,彩晶,2025/11,3776.7,-0.38,1,0,1,1,4,0,M2326 光電業,M23C8A LCD 面板
1082,4714,永捷,2025/11,180.4,-0.38,0,1,2,0,3,1,M1721 化學工業,M17F 樹脂
1083,3685,元創精密,2025/11,418.7,-0.4,0,1,2,0,3,1,M1500 電機機械,M15D 汽車組件
1084,4562,穎漢,2025/11,219.2,-0.4,1,0,4,4,1,0,M1500 電機機械,M15A1 工具機
1085,1608,華榮,2025/11,2428.8,-0.4,1,0,1,1,4,0,M1600 電器電纜,M16 電線
1086,6127,九豪,2025/11,182.6,-0.43,1,0,2,1,3,0,M2328 電子零組件,M23D5 被動元件
1087,5355,佳總,2025/11,104.9,-0.45,1,0,3,3,2,0,M2328 電子零組件,M23B2D 硬板及其他
1088,3518,柏騰,2025/11,83,-0.46,0,1,1,0,4,4,M2331 其他電子業,M23H2 電機設備
1089,2734,易飛網,2025/11,145.5,-0.46,0,1,2,0,3,1,M2700 觀光事業,M27C 旅行社
1090,4711,永純,2025/11,192.2,-0.49,0,1,2,0,3,3,M1721 化學工業,M17F 樹脂
1091,3623,富晶通,2025/11,75.8,-0.5,1,0,3,1,2,0,M2326 光電業,M23C8E 觸控面板
1092,2434,統懋,2025/11,20.4,-0.5,0,1,0,0,5,6,M2324 半導體,M23D1 整流二極體
1093,3296,勝德,2025/11,588.6,-0.51,1,0,3,3,2,0,M2328 電子零組件,M23D3 電源供應器
1094,2438,翔耀,2025/11,28.3,-0.51,0,1,1,0,4,3,M2326 光電業,M23C8C LCD 原料
1095,3229,晟鈦,2025/11,235.5,-0.52,0,1,2,0,3,1,M2328 電子零組件,M23B2D 硬板及其他
1096,6150,撼訊,2025/11,1229.3,-0.53,1,0,2,1,3,0,M2325 電腦及週邊,M23B4A 繪圖卡
1097,8067,志旭,2025/12,26.6,-0.53,0,1,2,0,3,1,M2329 電子通路業,M23T1 3C通路
1098,6169,昱泉,2025/12,1.7,-0.54,0,1,2,0,3,1,M3200 文化創意業,M23X2 遊戲軟體
1099,1460,宏遠,2025/12,2198.8,-0.54,0,1,4,0,1,1,M1400 紡織纖維,M14C2 織布
1100,6228,全譜,2025/12,13.2,-0.54,1,0,3,1,2,0,M2325 電腦及週邊,M23C2 影像掃描
1101,4426,利勤,2025/12,430.8,-0.54,1,0,4,2,1,0,M1400 紡織纖維,M14C2 織布
1102,5498,凱崴,2025/12,329.4,-0.54,0,1,0,0,5,5,M2328 電子零組件,M23B3X PCB材-其他
1103,8277,商丞,2025/12,79,-0.55,1,0,3,1,2,0,M2324 半導體,M23G3B 記憶體模組
1104,2035,唐榮,2025/12,3426.6,-0.57,1,0,1,1,4,0,M2000 鋼鐵工業,M20A6 不鏽鋼
1105,6134,萬旭,2025/12,392.6,-0.6,1,0,2,2,3,0,M2328 電子零組件,M23D2 連接器
1106,2460,建通,2025/12,653,-0.61,1,0,3,1,2,0,M2328 電子零組件,M23D2 連接器
1107,3339,泰谷,2025/12,120.8,-0.61,0,1,1,0,4,1,M2326 光電業,M23C6B 磊晶及晶粒
1108,8176,智捷,2025/12,97.3,-0.61,0,1,2,0,3,1,M2327 通信網路業,M23E1 數據機
1109,6120,達運,2025/12,2926.8,-0.62,0,1,2,0,3,1,M2326 光電業,M23C8B 背光模組
1110,2426,鼎元,2025/12,493.2,-0.62,0,1,1,0,4,2,M2326 光電業,M23C6B 磊晶及晶粒
1111,1466,聚隆,2025/12,590.6,-0.65,0,1,0,0,5,5,M1400 紡織纖維,M14A7 尼龍絲
1112,2415,錩新,2025/12,486.2,-0.65,0,1,2,0,3,3,M2328 電子零組件,M23U2 聲學產品
1113,6674,鋐寶科技,2025/12,447.6,-0.66,0,1,1,0,4,4,M2327 通信網路業,M23E1 數據機
1114,5301,寶得利,2025/12,12,-0.68,1,0,3,1,2,0,M2700 觀光事業,M29B 貿易業
1115,1718,中纖,2025/12,9260.1,-0.69,0,1,2,0,3,1,M1721 化學工業,M13A5 化纖
1116,2069,運錩,2025/12,2854.1,-0.7,0,1,0,0,5,5,M2000 鋼鐵工業,M20A6 不鏽鋼
1117,2208,台船,2025/12,7903,-0.71,1,0,3,1,2,0,M2600 航運業,M22B1 船舶製造
1118,3285,微端,2025/12,275.4,-0.74,0,1,1,0,4,2,M2331 其他電子業,M23U2 聲學產品
1119,8047,星雲,2025/12,155.2,-0.75,0,1,2,0,3,1,M2331 其他電子業,M23C3 PC週邊
1120,1512,瑞利,2025/12,302.5,-0.75,0,1,2,0,3,1,M2200 汽車工業,M15D 汽車組件
1121,2061,風青,2025/12,261.3,-0.79,0,1,1,0,4,2,M1600 電器電纜,M20A4 銅
1122,2067,嘉鋼,2025/12,351.4,-0.8,0,1,1,0,4,1,M1500 電機機械,M15A2 模具零件
1123,4903,聯光通,2025/12,239.8,-0.83,0,1,3,0,2,1,M2327 通信網路業,M23K6 光元件模組
1124,1471,首利,2025/12,64.4,-0.84,1,0,2,1,3,0,M2328 電子零組件,M23D3 電源供應器
1125,3325,旭品,2025/12,297.8,-0.84,1,0,2,1,3,0,M2325 電腦及週邊,M23D4 機殼
1126,5310,天剛,2025/12,1.1,-0.87,1,0,2,1,3,0,M2330 資訊服務業,M23X1 系統整合
1127,9949,琉園,2025/12,77.1,-0.89,1,0,3,2,2,0,M3200 文化創意業,M18 玻璃陶瓷
1128,8044,網家,2026/01,13233.2,-0.9,0,1,1,0,4,4,M3400 電子商務,M23K4 電商及XaaS
1129,1455,集盛,2026/01,1776.4,-0.9,0,1,0,0,5,5,M1400 紡織纖維,M14A7 尼龍絲
1130,4503,金雨,2026/01,56,-0.9,0,1,1,0,4,1,M1500 電機機械,M15Z 其他電製品
1131,1710,東聯,2026/01,5120.5,-0.9,1,0,3,2,2,0,M1721 化學工業,M13A5 化纖
1132,2014,中鴻,2026/01,8183.4,-0.92,0,1,1,0,4,2,M2000 鋼鐵工業,M20A3 鋼板
1133,2101,南港,2026/01,1524.3,-0.92,0,1,2,0,3,2,M2100 橡膠工業,M21A 輪胎
1134,2323,中環,2026/01,1828.6,-0.93,1,0,2,1,3,0,M2326 光電業,M23C4A 光碟
1135,1310,台苯,2026/01,2454.4,-0.93,0,1,1,0,4,2,M1300 塑膠工業,M13A1 泛用塑膠
1136,4523,永彰,2026/01,139.6,-0.93,0,1,2,0,3,2,M1500 電機機械,M15D 汽車組件
1137,5905,南仁湖,2026/01,225.5,-0.94,0,1,3,0,2,1,M2900 貿易百貨,M27B 觀光遊樂區
1138,3593,力銘,2026/01,268.1,-0.96,1,0,3,2,2,0,M2328 電子零組件,M23D4 機殼
1139,5202,力新,2026/01,35.1,-0.99,0,1,3,0,2,1,M2330 資訊服務業,M23X9 應用軟體
1140,3536,誠創,2026/01,132.9,-1.01,1,0,3,1,2,0,M2324 半導體,M23D1 整流二極體
1141,2429,銘旺科,2026/01,118.5,-1.01,1,0,3,1,2,0,M2326 光電業,M23CZ2 其他顯示
1142,3321,同泰,2026/01,279.6,-1.03,0,1,2,0,3,2,M2328 電子零組件,M23B2C 軟板
1143,5364,力麗店,2026/01,73.9,-1.04,0,1,3,0,2,1,M2700 觀光事業,M27A1 飯店業
1144,8291,尚茂,2026/01,12.4,-1.11,0,1,2,0,3,3,M2328 電子零組件,M23B3A 銅箔基板
1145,1313,聯成,2026/01,16353.2,-1.15,0,1,1,0,4,1,M1300 塑膠工業,M13A7 可塑劑
1146,8201,無敵,2026/01,112.3,-1.15,0,1,3,0,2,1,M2331 其他電子業,M23Z 其他電子
1147,3494,誠研,2026/01,136.7,-1.15,1,0,4,2,1,0,M2325 電腦及週邊,M23T1 3C通路
1148,3437,榮創,2026/01,399.8,-1.16,0,1,2,0,3,2,M2326 光電業,M23C6C 封裝及應用
1149,6141,柏承,2026/01,486.9,-1.16,0,1,1,0,4,3,M2328 電子零組件,M23B2D 硬板及其他
1150,3149,正達,2026/01,610.3,-1.19,0,1,1,0,4,4,M2326 光電業,M23C8E 觸控面板
1151,3055,蔚華科,2026/01,395.6,-1.2,0,1,1,0,4,1,M2329 電子通路業,M23H3 設備通路
1152,3682,亞太電,2026/01,3304.1,-1.21,1,0,2,1,3,0,M2327 通信網路業,M23K3 電信及IDC
1153,3294,英濟,2026/01,1209.6,-1.22,0,1,2,0,3,1,M2328 電子零組件,M23D4 機殼
1154,4534,慶騰,2026/01,191.2,-1.24,0,1,1,0,4,1,M1500 電機機械,M15A1 工具機
1155,8410,森田,2026/01,225.7,-1.25,0,1,2,0,3,2,M2325 電腦及週邊,M23D4 機殼
1156,6431,光麗-KY,2026/01,107.3,-1.26,1,0,3,2,2,0,M2326 光電業,M23C8E 觸控面板
1157,2007,燁興,2026/01,1302.9,-1.26,0,1,1,0,4,3,M2000 鋼鐵工業,M20A1 線材
1158,5703,亞都,2026/01,97.5,-1.27,1,0,4,2,1,0,M2700 觀光事業,M27A1 飯店業
1159,1538,正峰,2026/02,83,-1.3,1,0,2,1,3,0,M1500 電機機械,M15A1 工具機
1160,3259,鑫創,2026/02,99.6,-1.39,0,1,2,0,3,1,M2324 半導體,M23G5 IC設計
1161,2719,燦星旅,2026/02,39.6,-1.39,0,1,2,0,3,1,M2700 觀光事業,M27C 旅行社
1162,3058,立德,2026/02,1104.7,-1.39,1,0,3,2,2,0,M2328 電子零組件,M23D3 電源供應器
1163,2102,泰豐,2026/02,350.9,-1.41,0,1,4,0,1,1,M2100 橡膠工業,M21A 輪胎
1164,6241,易通展,2026/02,190.7,-1.41,0,1,1,0,4,2,M2327 通信網路業,M23E1 數據機
1165,2201,裕隆,2026/02,21164.7,-1.53,0,1,2,0,3,2,M2200 汽車工業,M22A 汽車製造
1166,9950,萬國通,2026/02,611.2,-1.54,1,0,4,2,1,0,M1300 塑膠工業,M99K 鞋及旅行箱
1167,8011,台通,2026/02,415.2,-1.54,1,0,2,1,3,0,M2327 通信網路業,M23K6 光元件模組
1168,8429,金麗-KY,2026/02,24.1,-1.57,0,1,1,0,4,4,M2900 貿易百貨,M99K 鞋及旅行箱
1169,5484,慧友,2026/02,110.7,-1.57,1,0,2,1,3,0,M2326 光電業,M23C9 安全監控
1170,3521,鴻翊,2026/02,76.7,-1.58,0,1,2,0,3,2,M2325 電腦及週邊,M23B5A POS
1171,1515,力山,2026/02,897,-1.58,0,1,2,0,3,1,M1500 電機機械,M15Z 其他電製品
1172,5490,同亨,2026/02,244,-1.6,1,0,3,1,2,0,M2325 電腦及週邊,M23B5A POS
1173,4304,勝昱,2026/02,198.3,-1.61,0,1,3,0,2,1,M1300 塑膠工業,M13A8 塑膠加工
1174,1459,聯發,2026/02,357.5,-1.62,0,1,0,0,5,5,M1400 紡織纖維,M14A2 加工絲
1175,6237,驊訊,2026/02,165.5,-1.66,1,0,2,1,3,0,M2324 半導體,M23G5 IC設計
1176,1337,再生-KY,2026/02,175.3,-1.68,0,1,2,0,3,3,M1300 塑膠工業,M13B 塑膠製品
1177,3230,錦明,2026/02,196.9,-1.68,0,1,1,0,4,2,M2326 光電業,M23D4 機殼
1178,8101,華冠,2026/02,112.3,-1.7,0,1,3,0,2,1,M2327 通信網路業,M23KX 其他網通
1179,3054,立萬利,2026/02,10.2,-1.7,0,1,2,0,3,3,M2324 半導體,M23C3 PC週邊
1180,2705,六福,2026/02,563.8,-1.75,0,1,2,0,3,1,M2700 觀光事業,M27A1 飯店業
1181,3523,迎輝,2026/02,32,-1.8,0,1,1,0,4,2,M2326 光電業,M23C8C LCD 原料
1182,2611,志信,2026/02,125.1,-1.84,1,0,2,1,3,0,M2600 航運業,M26C 貨運倉儲業
1183,6573,虹揚-KY,2026/02,272.9,-1.85,1,0,3,1,2,0,M2324 半導體,M23D1 整流二極體
1184,2314,台揚,2026/02,1220.6,-1.89,0,1,3,0,2,1,M2327 通信網路業,M23K2 衛星微波
1185,3664,安瑞-KY,2026/02,179.1,-1.95,1,0,3,1,2,0,M2327 通信網路業,M23E1 數據機
1186,6247,淇譽電,2026/02,95,-1.96,0,1,1,0,4,4,M2331 其他電子業,M23U2 聲學產品
1187,1441,大東,2026/03,358.3,-1.96,0,1,2,0,3,2,M1400 紡織纖維,M14B1 聚酯紗棉紗
1188,8077,洛碁,2026/03,167.6,-1.97,1,0,4,2,1,0,M2700 觀光事業,M27A1 飯店業
1189,1418,東華,2026/03,9.1,-2,1,0,4,3,1,0,M1400 紡織纖維,M14B2 亞克力纖維
1190,8450,霹靂,2026/03,104.2,-2.02,0,1,2,0,3,2,M3200 文化創意業,M99H 電視廣播
1191,3607,谷崧,2026/03,727.7,-2.07,1,0,3,2,2,0,M2328 電子零組件,M23D4 機殼
1192,3625,西勝,2026/03,164.4,-2.15,0,1,2,0,3,2,M2325 電腦及週邊,M23D7 二次電池
1193,4905,台聯電,2026/03,17.5,-2.26,1,0,1,1,4,0,M2327 通信網路業,M23KX 其他網通
1194,5475,德宏,2026/03,187.7,-2.32,1,0,2,2,3,0,M2328 電子零組件,M23B3B 玻纖紗布
1195,2409,友達,2026/03,52648,-2.32,1,0,1,1,4,0,M2326 光電業,M23C8A LCD 面板
1196,3508,位速,2026/03,259.1,-2.33,0,1,1,0,4,4,M2331 其他電子業,M23D4 機殼
1197,3522,御頂,2026/03,230.2,-2.46,1,0,3,1,2,0,M2700 觀光事業,M27A2 餐飲業
1198,8443,阿瘦,2026/03,313.2,-2.48,1,0,3,1,2,0,M2900 貿易百貨,M99K 鞋及旅行箱
1199,1305,華夏,2026/03,3507.1,-2.5,0,1,1,0,4,2,M1300 塑膠工業,M13A1 泛用塑膠
1200,6465,威潤,2026/03,32.3,-2.56,1,0,2,1,3,0,M2327 通信網路業,M23K5 導航定位
1201,3481,群創,2026/03,47912.9,-2.63,0,1,0,0,5,5,M2326 光電業,M23C8A LCD 面板
1202,2740,天蔥,2026/03,24.5,-2.63,0,1,3,0,2,1,M2700 觀光事業,M27A2 餐飲業
1203,5907,大洋-KY,2026/03,937.8,-2.64,0,1,1,0,4,4,M2900 貿易百貨,M29A1 百貨購物中
1204,4804,大略-KY,2026/03,76.8,-2.68,1,0,1,1,4,0,M2700 觀光事業,M27A2 餐飲業
1205,3089,億杰,2026/03,12.1,-2.71,0,1,0,0,5,5,M2328 電子零組件,M23D5 被動元件
1206,1340,勝悅-KY,2026/03,139,-2.71,0,1,1,0,4,3,M1300 塑膠工業,M13B 塑膠製品
1207,6668,中揚光,2026/03,270,-2.82,1,0,2,1,3,0,M2326 光電業,M23U1 光學鏡頭
1208,2465,麗臺,2026/03,1084,-2.92,0,1,1,0,4,1,M2325 電腦及週邊,M23B4A 繪圖卡
1209,2911,麗嬰房,2026/03,1007.9,-2.95,1,0,3,2,2,0,M2900 貿易百貨,M29A9 其他零售
1210,3630,新鉅科,2026/03,318.5,-2.96,0,1,2,0,3,1,M2326 光電業,M23U1 光學鏡頭
1211,4944,兆遠,2026/03,57.4,-3.03,0,1,1,0,4,2,M2326 光電業,M23C6A 藍寶石基板
1212,3162,精確,2026/03,929.3,-3.1,0,1,0,0,5,6,M1500 電機機械,M15E 自行車組件
1213,1589,永冠-KY,2026/03,2759.6,-3.26,1,0,2,1,3,0,M1500 電機機械,M15A2 模具零件
1214,4806,昇華,2026/03,1.6,-3.29,0,1,3,0,2,1,M3200 文化創意業,M99H 電視廣播
1215,8477,創業家,2026/03,491.9,-3.31,1,0,3,1,2,0,M3400 電子商務,M23K4 電商及XaaS
1216,2739,寒舍,2026/03,1189.6,-3.31,1,0,3,2,2,0,M2700 觀光事業,M27A1 飯店業
1217,3691,碩禾,2026/03,1278,-3.59,0,1,3,0,2,1,M2326 光電業,M23C7F 其他太陽能
1218,5281,大峽谷-KY,2026/04,197.5,-3.61,1,0,3,2,2,0,M2326 光電業,M23C6C 封裝及應用
1219,3064,泰偉,2026/04,20.7,-3.64,1,0,2,2,3,0,M3200 文化創意業,M23B5B 工業電腦
1220,2489,瑞軒,2026/04,3606.7,-3.72,0,1,0,0,5,5,M2326 光電業,M23C1 顯示器
1221,2498,宏達電,2026/04,1215.5,-3.8,0,1,3,0,2,1,M2327 通信網路業,M23KX 其他網通
1222,2390,云辰,2026/04,172.9,-4.21,0,1,1,0,4,3,M2331 其他電子業,M23C9 安全監控
1223,3555,重鵬,2026/04,5.8,-4.4,0,1,2,0,3,3,M2324 半導體,M17C2 機能性食品
1224,2424,隴華,2026/04,26.8,-4.63,1,0,2,1,3,0,M2325 電腦及週邊,M23KX 其他網通
1225,3629,地心引力,2026/04,16.6,-4.8,1,0,2,2,3,0,M3200 文化創意業,M23X2 遊戲軟體
1226,2926,誠品生活,2026/04,1664.3,-4.97,1,0,3,2,2,0,M3200 文化創意業,M29A1 百貨購物中
1227,3666,光耀,2026/04,147.1,-5.2,0,1,1,0,4,1,M2326 光電業,M23C8C LCD 原料
1228,2491,吉祥全,2026/04,119.6,-5.52,1,0,3,2,2,0,M2326 光電業,M15C4 照明
1229,8472,夠麻吉,2026/04,103.7,-5.59,0,1,2,0,3,1,M3400 電子商務,M23K4 電商及XaaS
1230,4946,辣椒,2026/04,9.2,-5.68,0,1,1,0,4,4,M3200 文化創意業,M23X2 遊戲軟體
1231,2726,雅茗-KY,2026/04,161.1,-6.13,0,1,2,0,3,2,M2700 觀光事業,M27A2 餐飲業
1232,4991,環宇-KY,2026/04,354.1,-6.29,0,1,1,0,4,2,M2324 半導體,M23G3A 化合物SEMI
1233,4943,康控-KY,2026/04,405.2,-6.92,1,0,3,1,2,0,M2328 電子零組件,M23D2 連接器
1234,2204,中華,2026/04,7698.7,-7.62,0,1,3,0,2,1,M2200 汽車工業,M22A 汽車製造
1235,2731,雄獅,2026/04,1549.4,-9.15,0,1,3,0,2,1,M2700 觀光事業,M27C 旅行社
1236,5227,立凱-KY,2026/04,363.4,-10,0,1,3,0,2,1,M2328 電子零組件,M23D7 二次電池
1237,6462,神盾,2026/04,845.9,-10.03,0,1,2,0,3,3,M2324 半導體,M23G5 IC設計
1238,3545,敦泰,2026/04,3359.6,-12.81,0,1,0,0,5,5,M2324 半導體,M23G5 IC設計
1239,2905,三商,2026/04,21052.3,-26.21,0,1,4,0,1,1,M2900 貿易百貨,M29A9 其他零售
1240,2207,和泰車,2026/04,64231.9,-35.72,0,1,2,0,3,3,M2200 汽車工業,M22X 汽車買賣