可轉債名稱,可轉債代碼,擔保銀行/信用評等(TCRI),權利金(佰元報價),選擇權到期日,賣回價格(A),賣回日期(B),剩餘年期,折現率(C),權利金參考價,現股參考價,轉換價格,CB轉換價值,CB參考價,溢(折)價%,股價波動率120天%,股價波動率240天%,流通餘額占發行總額%,原始發行量,產業,,,
上曜四,13164,日盛銀,1.57 ,2024/1/15,100.75,2024/1/29,0.96,2.10%,8.57 ,12.1,16.2,74.69 ,107,43.3 ,38.3,43.08,59.05,"400,000,000 ",建材營建,,,
八貫一,13421,華南銀,5.48 ,2025/5/19,100,2025/6/2,2.30,2.25%,119.48 ,144.5,69.1,209.12 ,214,2.3 ,58.06,46.04,48.45,"200,000,000 ",其他,,,
華友聯一,14361,一銀,4.55 ,2025/1/3,100,2025/1/17,1.93,2.20%,67.55 ,54.2,33.3,162.76 ,163,0.1 ,10.06,13.14,88.03,"300,000,000 ",建材營建,,,
華友聯二,14362,一銀,1.23 ,2023/11/17,100.75,2023/12/1,0.80,2.10%,50.23 ,54.2,37.4,144.92 ,149,2.8 ,10.06,13.14,98.54,"1,000,000,000 ",建材營建,,,
弘裕二,14742,6,6.61 ,2025/1/12,101.5075,2025/1/26,1.95,4.00%,6.61 ,12.1,15.3,79.08 ,100,26.4 ,25.72,26.53,100,"300,000,000 ",紡織纖維,,,
中興電二,15132,5,2.08 ,2023/12/3,100.75,2023/12/17,0.84,3.00%,48.58 ,81.9,55.6,147.30 ,146.5,(0.5),38.34,38.65,70.02,"1,500,000,000 ",電機機械,,,
勤美四,15324,6,3.59 ,2024/1/10,100.5,2024/1/24,0.95,4.00%,17.59 ,31.65,32,98.91 ,114,15.3 ,17.08,19.16,100,"1,500,000,000 ",電機機械,,,
信錦三,15823,4,5.81 ,2024/8/26,100,2024/9/9,1.57,3.50%,14.21 ,61,61.6,99.03 ,108.4,9.5 ,15.83,14.38,100,"1,200,000,000 ",電子–電子零組件,,,
和勤二,15862,合庫,1.45 ,2023/8/17,100,2023/8/31,0.55,2.10%,3.55 ,33.85,41.36,81.84 ,102.1,24.8 ,10.81,9.67,100,"200,000,000 ",電機機械,,,
岱宇二,15982,永豐銀,1.41 ,2023/8/10,100,2023/8/24,0.53,2.10%,4.41 ,48,78.2,61.38 ,103,67.8 ,36.37,37.58,70.68,"600,000,000 ",生技醫療,,,
宏佳騰一,15991,富邦銀,6.52 ,2025/11/4,100,2025/11/18,2.76,2.25%,11.97 ,39.9,43.3,92.15 ,105.45,14.4 ,18.06,25.77,100,"300,000,000 ",電機機械,,,
大亞四,16094,5,6.21 ,2024/11/8,100.75,2024/11/22,1.78,3.75%,13.06 ,23.3,26.7,87.27 ,106.85,22.4 ,38.13,39.93,100,"1,200,000,000 ",電器電纜,,,
榮星三,16173,6,8.13 ,2025/2/16,100.3755,2025/3/2,2.05,4.00%,7.03 ,14.95,17.3,86.42 ,98.9,14.4 ,8.84,12.31,100,"200,000,000 ",電器電纜,,,
中華化一,17271,6,5.86 ,2024/9/19,101.0025,2024/10/3,1.64,4.00%,8.91 ,26.2,30.8,85.06 ,103.05,21.1 ,40.26,49.11,100,"600,000,000 ",化學工業,,,
科妍二,17862,6,8.49 ,2025/9/19,103.0301,2025/10/3,2.64,4.25%,36.99 ,60.1,48.25,124.56 ,128.5,3.2 ,45.3,37.03,99.1,"400,000,000 ",生技醫療,,,
寶徠一,18051,台中商銀,3.86 ,2024/9/10,100,2024/9/24,1.61,2.20%,6.46 ,10,15.8,63.29 ,102.6,62.1 ,24.87,23.61,100,"300,000,000 ",建材營建,,,
春雨一,20121,彰銀,5.06 ,2025/3/11,100,2025/3/25,2.11,2.25%,7.26 ,24.1,33.7,71.51 ,102.2,42.9 ,14.89,23.42,100,"700,000,000 ",鋼鐵工業,,,
春雨二,20122,華南銀,5.06 ,2025/3/11,100,2025/3/25,2.11,2.25%,6.86 ,24.1,33.7,71.51 ,101.8,42.4 ,14.89,23.42,100,"500,000,000 ",鋼鐵工業,,,
春雨三,20123,上海銀,5.06 ,2025/3/11,100,2025/3/25,2.11,2.25%,7.86 ,24.1,33.7,71.51 ,102.8,43.7 ,14.89,23.42,100,"400,000,000 ",鋼鐵工業,,,
允強三,20343,4,2.64 ,2023/12/1,100,2023/12/15,0.84,2.80%,34.04 ,30.2,23.6,127.97 ,131.4,2.7 ,27.27,30.83,78.38,"1,000,000,000 ",鋼鐵工業,,,
風青二,20612,中信銀,2.22 ,2023/12/29,100,2024/1/12,0.91,2.10%,26.22 ,25.8,21.5,120.00 ,124,3.3 ,40.63,33.67,94.1,"100,000,000 ",電器電纜,,,
世豐二,20652,5,3.67 ,2024/3/8,100.5006,2024/3/22,1.10,3.50%,12.67 ,55.1,54.7,100.73 ,109,8.2 ,14.54,16.99,100,"600,000,000 ",鋼鐵工業,,,
世德一,20661,6,7.13 ,2024/11/24,100,2024/12/8,1.82,3.75%,46.03 ,84.8,61.2,138.56 ,138.9,0.2 ,43.3,36.59,37.32,"400,000,000 ",電機機械,,,
台船一,22081,彰銀,0.56 ,2024/2/10,102.0151,2024/2/24,1.03,2.20%,12.06 ,20.65,22,93.86 ,111.5,18.8 ,34.19,31.05,90.31,"2,000,000,000 ",航運業,,,
泰茂四,22304,板信銀,7.55 ,2025/12/23,100,2026/1/6,2.90,2.50%,90.55 ,52.1,29,179.66 ,183,1.9 ,74.24,64.46,100,"300,000,000 ",電機機械,,,
為升三,22313,5,8.97 ,2025/8/15,101.5075,2025/8/29,2.54,4.00%,26.77 ,158,141.8,111.42 ,117.8,5.7 ,41.18,37.89,99.99,"1,300,000,000 ",汽車工業,,,
廷鑫一,23581,合庫,6.34 ,2025/9/14,100,2025/9/28,2.62,2.30%,23.04 ,16.1,15.15,106.27 ,116.7,9.8 ,48.44,44.8,99.96,"300,000,000 ",其他,,,
台光電五,23835,3,6.90 ,2025/4/11,100,2025/4/25,2.20,3.00%,10.25 ,190,246.8,76.99 ,103.35,34.2 ,44.53,42.83,100,"3,465,300,000 ",電子–電子零組件,,,
美律三,24393,3,5.38 ,2024/7/28,100,2024/8/11,1.49,3.40%,5.08 ,82.9,110.6,74.95 ,99.7,33.0 ,36.39,31.78,100,"3,000,000,000 ",電子–通信網路,,,
光群雷六,24616,台中商銀,1.24 ,2024/3/10,101.51,2024/3/24,1.11,2.20%,19.24 ,19.3,16.9,114.20 ,118,3.3 ,17.48,23.81,87.56,"600,000,000 ",電子–其他電子,,,
華新科一,24921,3,4.53 ,2024/4/15,100,2024/4/29,1.21,3.50%,2.33 ,93,215.6,43.14 ,97.8,126.7 ,41.18,40.46,99.97,"4,800,000,000 ",電子–電子零組件,,,
怡利電二,24972,兆豐銀,5.70 ,2025/6/23,100,2025/7/7,2.40,2.25%,14.00 ,75.1,84.6,88.77 ,108.3,22.0 ,51.62,59.8,100,"300,000,000 ",汽車工業,,,
皇普二,25282,元大銀,2.60 ,2024/9/11,101.2562,2024/9/25,1.62,2.20%,12.60 ,17.75,21.73,81.68 ,110,34.7 ,31.49,25.11,100,"700,000,000 ",建材營建,,,
櫻花建一,25391,合庫,0.72 ,2023/8/20,100.75,2023/9/3,0.55,2.10%,86.72 ,34,17.62,192.96 ,186,(3.6),11.93,11.84,29.35,"200,000,000 ",建材營建,,,
長榮四,26034,4,3.83 ,2024/5/4,100,2024/5/18,1.26,2.80%,8.38 ,147,189.9,77.41 ,104.55,35.1 ,44.64,50.64,99.62,"5,000,000,000 ",航運業,,,
華航七,26107,twBBB+,3.44 ,2024/4/14,100,2024/4/28,1.21,2.60%,16.44 ,18.85,18.3,103.01 ,113,9.7 ,36.32,44.48,50.86,"4,500,000,000 ",航運業,,,
長榮航五,26185,6,3.74 ,2024/8/18,100.75,2024/9/1,1.55,2.70%,55.74 ,28.45,18.9,150.53 ,152,1.0 ,37.6,48.18,14.46,"5,000,000,000 ",航運業,,,
正德五,26415,6,11.35 ,2025/7/14,100,2025/7/28,2.45,4.50%,12.35 ,17.85,19.39,92.06 ,101,9.7 ,40.66,47.14,98.05,"600,000,000 ",航運業,,,
雲品一,27481,7,3.75 ,2023/12/10,100,2023/12/24,0.86,4.00%,53.75 ,75.8,52.3,144.93 ,150,3.5 ,46.32,38.07,48.57,"800,000,000 ",觀光事業,,,
台新金E1,288701,twA+,6.06 ,2025/3/18,100,2025/4/1,2.13,2.70%,8.16 ,17.3,19.5,88.72 ,102.1,15.1 ,22.11,22.81,100,"5,000,000,000 ",金融保險,,,
新光金五,28886,twA+,2.07 ,2023/12/3,100,2023/12/17,0.84,2.10%,5.37 ,8.66,9.27,93.42 ,103.3,10.6 ,15.46,22.46,99.98,"5,000,000,000 ",金融保險,,,
集雅社一,29371,華南銀,1.47 ,2023/8/21,100,2023/9/4,0.56,2.10%,15.97 ,36.55,31.9,114.58 ,114.5,(0.1),14.95,18.48,86.56,"250,000,000 ",貿易百貨,,,
華立三,30103,4,3.38 ,2024/8/10,101.5075,2024/8/24,1.53,3.00%,11.08 ,87.7,91.7,95.64 ,107.7,12.6 ,18.81,23.49,100,"2,000,000,000 ",電子–電子通路,,,
嘉晶四,30164,6,8.80 ,2025/3/15,100,2025/3/29,2.12,4.00%,6.30 ,76.5,126.2,60.62 ,97.5,60.8 ,40.53,44.91,100,"500,000,000 ",電子–半導體,,,
信邦八,30238,4,4.79 ,2024/11/28,101.0025,2024/12/12,1.83,3.00%,21.19 ,310,286.5,108.20 ,116.4,7.6 ,28.15,34.47,100,"1,000,000,000 ",電子–電子零組件,,,
增你強四,30284,6,6.19 ,2024/7/20,100,2024/8/3,1.47,4.00%,20.09 ,30.05,26.15,114.91 ,113.9,(0.9),15.59,19.78,74.86,"600,000,000 ",電子–電子通路,,,
晶技五,30425,4,4.65 ,2024/7/12,100,2024/7/26,1.45,3.00%,8.90 ,86.5,122.9,70.38 ,104.25,48.1 ,22.96,25.87,100,"1,200,000,000 ",電子–電子零組件,,,
訊舟七,30477,彰銀,2.03 ,2024/3/16,100.75,2024/3/30,1.13,2.20%,21.03 ,15.35,13.5,113.70 ,119,4.7 ,50.45,45.21,46.97,"400,000,000 ",電子–通信網路,,,
笙泉一,31221,彰銀,3.87 ,2024/9/13,100,2024/9/27,1.62,2.20%,5.57 ,26.5,49.18,53.88 ,101.7,88.7 ,47.21,54.31,100,"200,000,000 ",電子–半導體,,,
耀登一,31381,兆豐銀,4.55 ,2025/1/4,100,2025/1/18,1.93,2.20%,7.55 ,141.5,224.6,63.00 ,103,63.5 ,52.63,51.41,100,"400,000,000 ",電子–通信網路,,,
晶宏二,31412,6,4.00 ,2023/12/13,100,2023/12/27,0.87,4.25%,1.45 ,101,281.9,35.83 ,97.45,172.0 ,58.02,61.98,100,"800,000,000 ",電子–半導體,,,
正達三,31493,板信銀,2.98 ,2024/3/12,100,2024/3/26,1.12,2.40%,6.98 ,18.9,35.57,53.13 ,104,95.7 ,49.82,51.12,100,"500,000,000 ",電子–光電,,,
波若威二,31632,6,2.90 ,2023/9/24,100,2023/10/8,0.65,4.00%,7.90 ,54.9,61,90.00 ,105,16.7 ,46.27,49.14,100,"300,000,000 ",電子–通信網路,,,
新洲二,31712,一銀,1.71 ,2023/10/1,100,2023/10/15,0.67,2.10%,5.06 ,17.2,18.7,91.98 ,103.35,12.4 ,23.74,24.65,100,"200,000,000 ",貿易百貨,,,
樺晟四,32024,華南銀,0.58 ,2023/9/9,101,2023/9/23,0.61,2.10%,2.58 ,15.6,23.21,67.21 ,102,51.8 ,33.22,35.22,100,"300,000,000 ",電子–電子零組件,,,
全科四,32094,6,4.90 ,2024/7/7,101.5056,2024/7/21,1.44,4.25%,27.00 ,40.55,33,122.88 ,122.1,(0.6),21.94,29.91,79.6,"600,000,000 ",電子–電子通路,,,
海德威一,32681,合庫,4.51 ,2024/12/27,100,2025/1/10,1.91,2.20%,9.76 ,23.45,28.36,82.69 ,105.25,27.3 ,48.57,44.78,100,"200,000,000 ",電子–半導體,,,
東浦三,32903,華南銀,6.69 ,2025/11/8,100,2025/11/22,2.78,2.30%,32.29 ,24.15,20.35,118.67 ,125.6,5.8 ,35.92,38.8,100,"300,000,000 ",電子–電子零組件,,,
佳穎一,33101,彰銀,5.53 ,2025/9/4,100.7523,2025/9/18,2.60,2.30%,113.53 ,53.2,25.42,209.28 ,208,(0.6),27.5,29.57,70.11,"600,000,000 ",電子–電子零組件,,,
建舜電四,33224,6,6.73 ,2024/8/23,101.0025,2024/9/6,1.56,4.75%,13.73 ,20.45,22.04,92.79 ,107,15.3 ,41.64,49.96,99.77,"400,000,000 ",電子–電子零組件,,,
雙鴻四,33244,4,0.88 ,2023/10/29,101.51,2023/11/12,0.75,2.80%,8.68 ,157.5,220.2,71.53 ,107.8,50.7 ,43.05,50.68,100,"1,000,000,000 ",電子–其他電子,,,
泰谷四,33394,板信銀,4.03 ,2024/8/19,100,2024/9/2,1.55,2.40%,5.48 ,12.55,19.1,65.71 ,101.45,54.4 ,36.12,43.63,95.1,"300,000,000 ",電子–光電,,,
崇越電一,33881,4,9.21 ,2025/10/26,100,2025/11/9,2.74,3.25%,16.21 ,74.6,73.6,101.36 ,107,5.6 ,13.91,14.07,100,"700,000,000 ",電子–電子零組件,,,
京鼎二,34132,4,2.42 ,2023/11/2,100,2023/11/16,0.76,2.80%,18.87 ,199.5,183.5,108.72 ,116.45,7.1 ,32.35,33.04,95.4,"2,000,000,000 ",電子–半導體,,,
融程電二,34162,5,4.17 ,2024/3/8,100,2024/3/22,1.10,3.50%,23.17 ,85.7,71.4,120.03 ,119,(0.9),10.59,10.38,86.86,"500,000,000 ",電子–電腦及週邊設備,,,
進泰電子三,34653,中信銀,0.18 ,2023/4/7,100.5006,2023/4/21,0.18,2.10%,0.68 ,97,215.5,45.01 ,100.5,123.3 ,36.67,42.45,93.58,"600,000,000 ",電子–電子零組件,,,
力致三,34833,6,1.64 ,2023/9/15,101.0025,2023/9/29,0.62,3.75%,6.84 ,60.2,72.6,82.92 ,105.2,26.9 ,40.63,40.28,100,"300,000,000 ",電子–電腦及週邊設備,,,
崧騰二,34842,5,3.97 ,2024/1/22,100,2024/2/5,0.98,3.75%,6.47 ,45.8,67.2,68.15 ,102.5,50.4 ,35.17,34.85,100,"300,000,000 ",電子–電子零組件,,,
森寶一,34891,合庫,2.05 ,2023/11/30,100,2023/12/14,0.83,2.10%,5.15 ,10.3,12.8,80.47 ,103.1,28.1 ,18.98,24.75,100,"100,000,000 ",建材營建,,,
皇龍一,35121,一銀,0.34 ,2023/5/3,100.5,2023/5/17,0.25,2.10%,5.19 ,28.6,33.3,85.89 ,104.85,22.1 ,12.18,14.94,100,"400,000,000 ",建材營建,,,
凡甲四,35264,5,2.50 ,2023/9/16,100,2023/9/30,0.63,3.50%,86.50 ,129.5,77.3,167.53 ,184,9.8 ,39.51,40.78,27.83,"600,000,000 ",電子–電子零組件,,,
凡甲五,35265,5,7.83 ,2025/1/31,100,2025/2/14,2.01,3.75%,11.83 ,129.5,190.6,67.94 ,104,53.1 ,39.51,40.78,100,"800,000,000 ",電子–電子零組件,,,
兆利一,35481,5,8.58 ,2025/4/14,100,2025/4/28,2.21,3.75%,18.58 ,65.5,69.7,93.97 ,110,17.1 ,28.55,36.59,100,"400,000,000 ",電子–電子零組件,,,
聯合再生三,35763,一銀等,4.04 ,2024/10/11,100,2024/10/25,1.70,2.20%,16.84 ,20.7,20.5,100.98 ,112.8,11.7 ,26.69,31.62,100,"3,000,000,000 ",電子–光電,,,
友威科二,35802,土銀,-0.20 ,2023/4/29,101.0025,2023/5/13,0.24,2.10%,14.30 ,62,63.5,97.64 ,114.5,17.3 ,45.37,41.55,100,"300,000,000 ",電子–其他電子,,,
艾笛森三,35913,富邦銀,1.54 ,2024/1/11,100.7519,2024/1/25,0.95,2.10%,25.49 ,21.65,17.9,120.95 ,123.95,2.5 ,44.5,44.16,59.26,"300,000,000 ",電子–光電,,,
宏致二,36052,5,5.90 ,2024/11/8,101.5075,2024/11/22,1.78,4.00%,6.40 ,32.7,48.5,67.42 ,100.5,49.1 ,32.92,38.26,99.81,"600,000,000 ",電子–電子零組件,,,
晟楠三,36313,新光銀,2.67 ,2024/2/27,100,2024/3/12,1.08,2.20%,3.67 ,37.5,56.8,66.02 ,101,53.0 ,32.87,31.87,100,"300,000,000 ",電子–電子零組件,,,
達邁一,36451,6,6.06 ,2024/6/7,100,2024/6/21,1.35,4.25%,3.51 ,33.55,55.3,60.67 ,97.45,60.6 ,35.86,47.1,100,"600,000,000 ",電子–電子零組件,,,
健策三,36533,4,2.29 ,2023/10/16,100,2023/10/30,0.71,2.80%,34.79 ,393.5,306.7,128.30 ,132.5,3.3 ,44.1,51.4,62.28,"2,000,000,000 ",電子–電子零組件,,,
家登三,36803,6,5.89 ,2024/6/23,100,2024/7/7,1.40,4.00%,32.89 ,289.5,227.5,127.25 ,127,(0.2),47.98,48.65,80.24,"1,000,000,000 ",電子–半導體,,,
歐買尬一,36871,一銀,5.32 ,2025/4/22,100,2025/5/6,2.23,2.25%,7.07 ,89.3,150.6,59.30 ,101.75,71.6 ,49.23,53.77,100,"600,000,000 ",電子商務,,,
湧德三,36893,台中商銀,2.04 ,2023/11/27,100,2023/12/11,0.82,2.10%,13.94 ,33.4,31.72,105.30 ,111.9,6.3 ,31.22,37.63,15.56,"300,000,000 ",電子–電子零組件,,,
漢磊三,37073,一銀,3.29 ,2024/6/8,100,2024/6/22,1.36,2.20%,38.14 ,95.2,73.3,129.88 ,134.85,3.8 ,45.99,54.24,15,"600,000,000 ",電子–半導體,,,
漢磊四,37074,一銀,5.14 ,2025/3/24,100,2025/4/7,2.15,2.25%,17.14 ,95.2,118.4,80.41 ,112,39.3 ,45.99,54.24,100,"1,000,000,000 ",電子–半導體,,,
上緯投控三,37083,一銀,3.87 ,2024/9/13,100,2024/9/27,1.62,2.20%,18.87 ,101.5,97.8,103.78 ,115,10.8 ,41.27,49.57,93.52,"1,000,000,000 ",化學工業,,,
上緯投控四,37084,6,6.05 ,2024/9/14,100.75,2024/9/28,1.62,4.00%,21.05 ,101.5,93.8,108.21 ,115,6.3 ,41.27,49.57,62.27,"1,000,000,000 ",化學工業,,,
新晶投控一,37131,永豐銀,1.15 ,2024/2/25,101.51,2024/3/10,1.07,2.20%,5.15 ,30,53.8,55.76 ,104,86.5 ,46.72,38.81,100,"500,000,000 ",電子–光電,,,
晟德四,41234,上海銀,0.74 ,2023/8/24,100.75,2023/9/7,0.56,2.10%,3.34 ,47.9,67.8,70.65 ,102.6,45.2 ,24.87,23.56,100,"500,000,000 ",生技醫療,,,
訊映二,41552,玉山銀,-0.07 ,2023/5/21,101,2023/6/4,0.30,2.10%,51.93 ,33.45,21.91,152.67 ,152,(0.4),33.21,28.76,42.4,"300,000,000 ",生技醫療,,,
訊映三,41553,6,6.21 ,2024/9/14,101,2024/9/28,1.62,4.25%,33.21 ,33.45,27.04,123.71 ,127,2.7 ,33.21,28.76,93.73,"300,000,000 ",生技醫療,,,
承業醫四,41644,一銀等,3.35 ,2025/7/21,102.525,2025/8/4,2.47,2.25%,22.85 ,53.2,48.4,109.92 ,119.5,8.7 ,32.93,31.27,99.99,"1,500,000,000 ",生技醫療,,,
松瑞藥二,41672,一銀,0.12 ,2023/5/11,100.7519,2023/5/25,0.28,2.10%,2.72 ,20.65,24.78,83.33 ,102.6,23.1 ,54.01,47.98,75.18,"700,000,000 ",生技醫療,,,
醣聯三,41683,台新銀,3.32 ,2024/6/13,100,2024/6/27,1.37,2.20%,23.82 ,32.3,27.3,118.32 ,120.5,1.8 ,54.65,45.99,57.02,"400,000,000 ",生技醫療,,,
瑞基二,41712,上海銀,-0.86 ,2023/6/28,102.01,2023/7/12,0.41,2.10%,2.64 ,61.3,115,53.30 ,103.5,94.2 ,53.77,60.88,100,"200,000,000 ",農業科技,,,
杏一二,41752,6,8.50 ,2025/2/16,100,2025/3/2,2.05,4.00%,25.50 ,76.7,65.3,117.46 ,117,(0.4),27.49,38.83,38.93,"300,000,000 ",生技醫療,,,
炎洲八,43068,兆豐銀,1.98 ,2024/5/31,101.26,2024/6/14,1.33,2.20%,33.98 ,14.55,11.2,129.91 ,132,1.6 ,15.43,18.11,40.7,"500,000,000 ",塑膠工業,,,
炎洲九,43069,一銀,1.98 ,2024/5/31,101.26,2024/6/14,1.33,2.20%,33.98 ,14.55,11.2,129.91 ,132,1.6 ,15.43,18.11,40.44,"500,000,000 ",塑膠工業,,,
三圓三,44163,一銀,4.84 ,2025/9/16,101.51,2025/9/30,2.63,2.30%,11.54 ,85.7,81,105.80 ,106.7,0.8 ,17.37,17.18,99.99,"1,000,000,000 ",建材營建,,,
廣越二,44382,4,10.20 ,2025/9/19,100,2025/10/3,2.64,3.75%,12.30 ,122,138,88.41 ,102.1,15.5 ,34.24,30.22,100,"1,500,000,000 ",紡織纖維,,,
全球傳動一,45401,一銀,10.41 ,2025/10/10,100,2025/10/24,2.70,3.75%,18.86 ,39.6,40.5,97.78 ,108.45,10.9 ,30.33,29.35,100,"500,000,000 ",電機機械,,,
全球傳動二,45402,6,12.33 ,2025/11/28,100,2025/12/12,2.83,4.25%,19.53 ,39.6,37,107.03 ,107.2,0.2 ,30.33,29.35,100,"300,000,000 ",電機機械,,,
氣立二,45552,彰銀,0.73 ,2023/4/14,100,2023/4/28,0.20,2.10%,2.13 ,49.7,48.6,102.26 ,101.4,(0.8),12.39,13.26,86.41,"600,000,000 ",電機機械,,,
氣立三,45553,彰銀,6.20 ,2025/8/22,100,2025/9/5,2.56,2.30%,8.60 ,49.7,58.1,85.54 ,102.4,19.7 ,12.39,13.26,100,"600,000,000 ",電機機械,,,
旭然一,45561,合庫,2.10 ,2023/12/8,100,2023/12/22,0.85,2.10%,4.05 ,30.1,38.66,77.86 ,101.95,30.9 ,13.83,16.22,100,"100,000,000 ",其他,,,
時碩工業一,45661,5,0.15 ,2023/8/13,102.015,2023/8/27,0.53,3.50%,18.35 ,52.6,45.6,115.35 ,118.2,2.5 ,39.87,35.82,47.2,"600,000,000 ",電機機械,,,
時碩工業二,45662,5,7.39 ,2024/12/20,100,2025/1/3,1.89,3.75%,23.54 ,52.6,45.8,114.85 ,116.15,1.1 ,39.87,35.82,49.92,"630,000,000 ",電機機械,,,
捷流閥業一,45801,4,7.45 ,2025/4/12,100,2025/4/26,2.20,3.25%,12.15 ,82,90.3,90.81 ,104.7,15.3 ,12.63,15.21,100,"300,000,000 ",電機機械,,,
永捷六,47146,一銀,3.98 ,2024/10/1,100,2024/10/15,1.67,2.20%,5.28 ,10.65,15.6,68.27 ,101.3,48.4 ,18.82,24.34,100,"300,000,000 ",化學工業,,,
德淵二,47202,台企銀,4.03 ,2024/10/9,100,2024/10/23,1.69,2.20%,14.03 ,14.25,14.5,98.28 ,110,11.9 ,35.8,34.06,75.75,"200,000,000 ",化學工業,,,
康普三,47393,彰銀,4.06 ,2024/10/14,100,2024/10/28,1.71,2.20%,17.41 ,102.5,106.1,96.61 ,113.35,17.3 ,37.72,43.22,100,"700,000,000 ",化學工業,,,
皇將二,47442,土銀,6.64 ,2025/11/23,100,2025/12/7,2.82,2.25%,30.24 ,33.7,26.4,127.65 ,123.6,(3.2),33.66,41.8,100,"150,000,000 ",生技醫療,,,
勤凱一,47601,彰銀,1.42 ,2023/8/11,100,2023/8/25,0.53,2.10%,4.42 ,52.9,68.3,77.45 ,103,33.0 ,23.19,29.02,14.33,"150,000,000 ",電子–其他電子,,,
立積一,49681,4,5.04 ,2024/7/15,100,2024/7/29,1.46,3.25%,19.04 ,131.5,136.5,96.34 ,114,18.3 ,55.54,58.96,100,"300,000,000 ",電子–半導體,,,
榮剛六,50096,5,10.07 ,2025/8/1,101.5075,2025/8/15,2.50,4.50%,28.67 ,39.7,33.9,117.11 ,118.6,1.3 ,33.44,42.39,94.98,"3,000,000,000 ",鋼鐵工業,,,
亞昕七,52137,農業金庫,4.03 ,2025/2/10,100.7523,2025/2/24,2.03,2.20%,76.03 ,23.6,13.63,173.15 ,172,(0.7),13.67,14.93,98.64,"1,000,000,000 ",建材營建,,,
東科一KY,52251,中信銀,4.25 ,2024/11/14,100,2024/11/28,1.79,2.20%,15.15 ,33.95,39.2,86.61 ,110.9,28.0 ,52.29,49.1,100,"350,000,000 ",電子–其他電子,,,
智晶一,52451,合庫,2.67 ,2024/8/11,101.0025,2024/8/25,1.53,2.20%,9.77 ,52.3,64.9,80.59 ,107.1,32.9 ,42,48.84,100,"300,000,000 ",電子–光電,,,
豐祥一KY,52881,4,9.58 ,2025/5/25,100,2025/6/8,2.32,4.00%,30.58 ,181,148.6,121.80 ,121,(0.7),30.97,27.61,96.76,"500,000,000 ",電機機械,,,
桂盟三,53063,玉山銀/中信銀,1.80 ,2023/10/16,100,2023/10/30,0.71,2.10%,3.80 ,156,184.6,84.51 ,102,20.7 ,28.33,26.83,100,"1,000,000,000 ",其他,,,
系統電四,53094,華南銀,1.74 ,2023/10/6,100,2023/10/20,0.68,2.10%,28.94 ,43.1,34.5,124.93 ,127.2,1.8 ,34.97,39.93,90.84,"500,000,000 ",電子–電子零組件,,,
中磊六,53886,5,8.21 ,2025/5/3,100,2025/5/17,2.26,3.50%,11.21 ,80.5,100,80.50 ,103,28.0 ,35.66,38.86,100,"3,000,000,000 ",電子–通信網路,,,
聖暉一,55361,4,2.51 ,2023/11/13,100,2023/11/27,0.79,2.80%,35.61 ,110.5,82,134.76 ,133.1,(1.2),22.65,22.21,65.61,"800,000,000 ",電子–其他電子,,,
桓鼎一KY,55431,中信銀,0.15 ,2023/6/28,101.0025,2023/7/12,0.41,2.10%,11.15 ,53,59.7,88.78 ,111,25.0 ,29.06,24.82,100,"200,000,000 ",建材營建,,,
南仁湖四,59055,土銀,1.57 ,2024/5/4,101.508,2024/5/18,1.26,2.20%,11.77 ,12.1,12.62,95.88 ,110.2,14.9 ,27.1,29.43,99.98,"600,000,000 ",貿易百貨,,,
萬旭二,61342,中信銀,5.56 ,2025/5/31,100,2025/6/14,2.33,2.25%,17.91 ,21.5,21.5,100.00 ,112.35,12.4 ,42.48,52.01,100,"200,000,000 ",電子–電子零組件,,,
立敦四,61754,5,1.76 ,2023/7/1,100,2023/7/15,0.42,3.50%,5.71 ,34.65,44.4,78.04 ,103.95,33.2 ,39.49,39.68,100,"500,000,000 ",電子–電子零組件,,,
亞通一,61791,上海銀,-0.30 ,2023/7/7,101.5075,2023/7/21,0.43,2.10%,1.65 ,25.2,33.9,74.34 ,101.95,37.1 ,18.01,20.33,100,"400,000,000 ",其他,,,
亞通二,61792,板信銀,2.05 ,2024/6/8,101.5075,2024/6/22,1.36,2.40%,10.05 ,25.2,29.5,85.42 ,108,26.4 ,18.01,20.33,100,"200,000,000 ",其他,,,
萬潤四,61874,5,7.91 ,2025/2/8,100,2025/2/22,2.03,3.75%,6.91 ,66,120.1,54.95 ,99,80.2 ,47.9,49.79,100,"1,000,000,000 ",電子–其他電子,,,
帆宣四,61964,4,2.81 ,2023/12/1,100,2023/12/15,0.84,3.00%,21.86 ,126.5,106.8,118.45 ,119.05,0.5 ,33.96,36.18,40.99,"1,500,000,000 ",電子–其他電子,,,
今國光二,62092,兆豐銀,3.60 ,2024/7/30,100,2024/8/13,1.50,2.20%,8.60 ,25.3,33.9,74.63 ,105,40.7 ,32.12,34.2,100,"350,000,000 ",電子–光電,,,
聚鼎一,62241,5,3.56 ,2024/1/4,100,2024/1/18,0.93,3.50%,7.06 ,63.8,96.9,65.84 ,103.5,57.2 ,37.39,38.05,73.52,"360,000,000 ",電子–電子零組件,,,
矽格四,62574,4,5.30 ,2024/9/29,100,2024/10/13,1.67,3.00%,11.30 ,52.1,60.5,86.12 ,106,23.1 ,21.71,23.03,100,"1,500,000,000 ",電子–半導體,,,
台燿三,62743,4,1.06 ,2023/5/8,100,2023/5/22,0.27,2.80%,0.96 ,58,138.3,41.94 ,99.9,138.2 ,42.36,40.95,100,"1,800,000,000 ",電子–電子零組件,,,
元山六,62756,一銀,3.14 ,2024/9/16,100.75,2024/9/30,1.63,2.20%,23.14 ,28.65,27.9,102.69 ,120,16.9 ,26.77,33.62,96.2,"300,000,000 ",電子–電子零組件,,,
康舒一,62821,5,7.92 ,2025/2/9,100,2025/2/23,2.03,3.75%,18.52 ,37.8,37.7,100.27 ,110.6,10.3 ,33.99,35.21,100,"5,000,000,000 ",電子–電子零組件,,,
淳安二,62832,中信銀,1.93 ,2023/11/8,100,2023/11/22,0.77,2.10%,4.93 ,32.45,55.1,58.89 ,103,74.9 ,40.97,43.87,100,"300,000,000 ",電子–其他電子,,,
啟碁三,62853,3,7.65 ,2025/6/13,100,2025/6/27,2.37,3.10%,24.25 ,83.3,72.2,115.37 ,116.6,1.1 ,34.59,32.96,76.81,"2,800,000,000 ",電子–通信網路,,,
良維九,62909,5,7.29 ,2025/2/21,100.75,2025/3/7,2.06,3.75%,23.54 ,59.9,53.5,111.96 ,116.25,3.8 ,33.27,31.42,100,"600,000,000 ",電子–電子零組件,,,
樺漢三,64143,4,3.62 ,2024/2/12,100,2024/2/26,1.04,3.20%,13.12 ,225,213.6,105.34 ,109.5,4.0 ,34.39,35.01,93.91,"6,000,000,000 ",電子–電腦及週邊設備,,,
樺漢四,64144,4,6.02 ,2024/11/2,100,2024/11/16,1.76,3.25%,17.67 ,225,211.6,106.33 ,111.65,5.0 ,34.39,35.01,99.99,"1,000,000,000 ",電子–電腦及週邊設備,,,
今展科三,64323,永豐銀,0.09 ,2023/6/18,101.0025,2023/7/2,0.38,2.10%,5.04 ,30.55,37.39,81.71 ,104.95,28.4 ,46.63,40.81,100,"230,000,000 ",電子–電子零組件,,,
大樹二,64692,4,8.69 ,2025/8/29,100,2025/9/12,2.58,3.25%,25.69 ,323.5,304.98,106.07 ,117,10.3 ,33.82,45.9,100,"1,000,000,000 ",生技醫療,,,
保瑞二,64722,6,12.02 ,2025/9/14,100.7519,2025/9/28,2.62,4.75%,93.02 ,541,300,180.33 ,181,0.4 ,62.97,58.31,35.88,"800,000,000 ",生技醫療,,,
互動二,64862,一銀,6.86 ,2025/12/28,100,2026/1/11,2.91,2.25%,17.76 ,66.7,60.7,109.88 ,110.9,0.9 ,15.43,16.32,100,"600,000,000 ",電子–通信網路,,,
科懋一,64961,華南銀,1.59 ,2023/9/10,100,2023/9/24,0.61,2.10%,6.39 ,28.45,31.1,91.48 ,104.8,14.6 ,15.68,15.97,100,"300,000,000 ",生技醫療,,,
聚和五,65095,5,2.78 ,2023/10/15,100,2023/10/29,0.71,3.50%,7.48 ,47,54.1,86.88 ,104.7,20.5 ,35.37,37.78,94.66,"300,000,000 ",化學工業,,,
易華電一,65521,台新銀,4.04 ,2024/10/11,100,2024/10/25,1.70,2.20%,6.04 ,39.35,60.4,65.15 ,102,56.6 ,32.81,30.3,100,"500,000,000 ",電子–半導體,,,
達邦蛋白一,65781,兆豐銀,2.80 ,2024/11/24,101.5075,2024/12/8,1.82,2.20%,11.80 ,15.95,18.1,88.12 ,109,23.7 ,42.48,52.32,97.85,"200,000,000 ",農業科技,,,
台灣銘板一,65931,台新銀,6.69 ,2025/11/30,100,2025/12/14,2.84,2.25%,37.69 ,49.6,37.8,131.22 ,131,(0.2),42.74,39.85,100,"300,000,000 ",電子–資訊服務,,,
朋億一,66131,5,7.17 ,2024/11/28,100,2024/12/12,1.83,3.75%,18.17 ,94.2,87.5,107.66 ,111,3.1 ,27.69,24.39,100,"800,000,000 ",電子–其他電子,,,
天正國際一,66541,台新銀,4.32 ,2024/11/26,100,2024/12/10,1.82,2.20%,5.32 ,48.35,91.1,53.07 ,101,90.3 ,21.13,26.19,100,"400,000,000 ",電子–其他電子,,,
復盛應用一,66701,3,6.78 ,2025/3/28,100,2025/4/11,2.16,3.00%,20.88 ,225.5,197.2,114.35 ,114.1,(0.2),25.41,26.85,99.57,"1,500,000,000 ",其他,,,
惠特一,67061,5,3.71 ,2024/1/20,100,2024/2/3,0.97,3.50%,2.71 ,95.1,148.6,64.00 ,99,54.7 ,39.72,41.95,55.86,"500,000,000 ",電子–光電,,,
嘉基一,67151,5,7.56 ,2025/1/5,100,2025/1/19,1.93,3.75%,26.56 ,129,120.3,107.23 ,119,11.0 ,44.81,43.06,45.2,"300,000,000 ",電子–電子零組件,,,
亞泰金屬一,67271,玉山銀,0.98 ,2023/5/27,100,2023/6/10,0.32,2.10%,37.33 ,70.2,51.38,136.63 ,136.35,(0.2),25.26,25.86,59.4,"300,000,000 ",電子–電子零組件,,,
鈦昇三,80273,6,8.45 ,2025/6/29,101.5075,2025/7/13,2.41,4.00%,13.45 ,52.8,67.6,78.11 ,105,34.4 ,35.29,36.6,100,"1,000,000,000 ",電機機械,,,
網家一,80441,凱基銀/遠銀/彰銀,1.66 ,2023/9/23,100,2023/10/7,0.65,2.10%,3.66 ,66.4,107.7,61.65 ,102,65.4 ,50.84,49.56,91.93,"1,500,000,000 ",電子商務,,,
廣積六,80506,6,6.91 ,2024/11/8,100.5,2024/11/22,1.78,4.00%,18.91 ,77.9,75,103.87 ,112,7.8 ,43.87,43.2,100,"1,600,000,000 ",電子–電腦及週邊設備,,,
建暐三,80923,陽信銀,1.22 ,2023/7/8,100,2023/7/22,0.44,2.10%,26.17 ,12,10,120.00 ,124.95,4.1 ,38.74,40.89,87.38,"130,000,000 ",電子–其他電子,,,
博大一,81091,5,5.68 ,2024/7/6,100,2024/7/20,1.43,3.75%,34.53 ,87.8,69.1,127.06 ,128.85,1.4 ,25.38,19.83,78.33,"300,000,000 ",電子–電子零組件,,,
至上九,81129,6,3.59 ,2024/2/25,101.0025,2024/3/10,1.07,4.00%,4.04 ,37.4,51,73.33 ,100.45,37.0 ,19.12,24.19,100,"1,200,000,000 ",電子–電子通路,,,
天宇三,81713,板信銀/永豐銀,2.74 ,2024/3/9,100,2024/3/23,1.11,2.20%,20.14 ,60,55.7,107.72 ,117.4,9.0 ,44.58,42.04,99.97,"400,000,000 ",電子–通信網路,,,
群聯一,82991,3,5.84 ,2024/12/3,100,2024/12/17,1.84,3.00%,9.69 ,352,520.6,67.61 ,103.85,53.6 ,36.55,39.05,100,"3,500,000,000 ",電子–半導體,,,
恒耀四,83494,6,6.77 ,2025/2/20,101.2563,2025/3/6,2.06,3.75%,34.77 ,64.4,51.5,125.05 ,128,2.4 ,45.68,35.02,48.24,"500,000,000 ",鋼鐵工業,,,
明揚一,84201,6,11.56 ,2025/9/23,100,2025/10/7,2.65,4.25%,27.56 ,82.4,75,109.87 ,116,5.6 ,44.1,46.71,99.68,"500,000,000 ",其他,,,
可寧衛一,84221,4,8.57 ,2025/11/8,100.7519,2025/11/22,2.78,3.25%,20.07 ,185,170,108.82 ,111.5,2.5 ,15.9,18.21,100,"2,500,000,000 ",其他,,,
威宏一KY,84421,玉山銀,5.96 ,2025/8/5,100,2025/8/19,2.52,2.25%,22.46 ,74.1,64.1,115.60 ,116.5,0.8 ,32.08,34.12,95,"300,000,000 ",其他,,,
柏文二,84622,5,4.56 ,2023/12/23,100,2024/1/6,0.90,4.75%,11.06 ,134.5,142.4,94.45 ,106.5,12.8 ,32.14,30.38,24.15,"400,000,000 ",觀光事業,,,
波力一KY,84671,遠銀,0.25 ,2023/7/24,101.05,2023/8/7,0.48,2.10%,5.70 ,57.3,62.8,91.24 ,105.45,15.6 ,44.95,49.63,100,"300,000,000 ",其他,,,
北基五,89275,合庫,2.11 ,2023/12/9,100,2023/12/23,0.86,2.10%,146.11 ,37.95,15.59,243.43 ,244,0.2 ,20.3,27.73,33.73,"600,000,000 ",油電燃氣,,,
明安三,89383,4,7.85 ,2025/7/6,100,2025/7/20,2.43,3.10%,28.05 ,96.5,81,119.14 ,120.2,0.9 ,33.47,36.51,75.16,"1,000,000,000 ",其他,,,
,,,,,,,,,,,,,,,,,,,,,,
,,,,,,,,,,,,,,,,,,,,,,
,,,,,,,,,,,,,,,,,,,,,,
,,,,,,,,,,,,,,,,,,,,,,
,,,,,,,,,,,,,,,,,,,,,,
,,,,,,,,,,,,,,,,,,,,,,
,,,,,,,,,,,,,,,,,,,,,,
,,,,,,,,,,,,,,,,,,,,,,
,,,,,,,,,,,,,,,,,,,,,,
,,,,,,,,,,,,,,,,,,,,,,
,,,,,,,,,,,,,,,,,,,,,,
,,,,,,,,,,,,,,,,,,,,,,
,,,,,,,,,,,,,,,,,,,,,,
,,,,,,,,,,,,,,,,,,,,,,
,,,,,,,,,,,,,,,,,,,,,,
,,,,,,,,,,,,,,,,,,,,,,
,,,,,,,,,,,,,,,,,,,,,,
,,,,,,,,,,,,,,,,,,,,,,
,,,,,,,,,,,,,,,,,,,,,,