代號,名稱,營收發布日,營收(百萬),yoy％,mom％
5523,豐謙,2023/03/10,96.36,27668.3,-5.23
2539,櫻花建,2023/03/10,496.27,20821.88,-30.91
5314,世紀,2023/03/10,4.24,4318.75,4365.26
9902,台火,2023/03/09,13.07,3452.72,-37.27
2745,五福,2023/03/10,212.06,2876.68,7.15
3056,總太,2023/03/06,92.93,2070.32,391.01
5533,皇鼎,2023/03/09,722.97,1888.63,157.38
6177,達麗,2023/03/09,1666.84,1444.73,6268.29
2719,燦星旅,2023/03/10,41.54,1291.92,49.67
1418,東華,2023/03/10,3.37,1276.73,-6.25
8038,長園科,2023/03/09,31.49,1058.11,56.49
3466,致振,2023/03/10,97.91,950.53,-8.73
6169,昱泉,2023/03/10,1.22,922.69,0.08
2734,易飛網,2023/03/10,104.93,897.49,-12.6
5706,鳳凰,2023/03/09,87.62,820.65,-38.25
6020,大展證,2023/03/06,62.09,756.41,17.58
2482,連宇,2023/03/08,159.43,644.22,3.75
3266,昇陽,2023/03/07,226.4,640.27,22.03
2743,山富,2023/03/10,215.41,637.76,-16.14
2528,皇普,2023/03/08,1147.46,577.5,70.8
4911,德英,2023/03/02,13.44,572.54,1.34
6186,新潤,2023/03/09,9.79,550.0,-92.97
6446,藥華藥,2023/03/05,307.62,459.07,32.38
1808,潤隆,2023/03/10,514.57,458.65,50.13
6499,益安,2023/03/10,14.63,430.73,63.76
3162,精確,2023/03/10,399.47,424.15,93.88
2731,雄獅,2023/03/08,998.34,377.48,-10.3
6472,保瑞,2023/03/09,1575.31,376.92,-16.9
5227,立凱-KY,2023/03/06,45.96,367.5,20.85
1442,名軒,2023/03/09,158.47,361.83,1155.22
8937,合騏,2023/03/09,16.0,347.59,6.05
6103,合邦,2023/03/09,4.99,331.55,-19.52
2243,宏旭-KY,2023/03/09,16.37,324.9,-92.0
4123,晟德,2023/03/09,122.6,317.61,11.68
4119,旭富,2023/03/08,107.64,299.29,18.57
6130,星寶國際,2023/03/10,19.39,267.62,252.33
9906,欣巴巴,2023/03/10,149.72,262.4,-40.21
2424,隴華,2023/03/09,4.48,258.53,17.07
3229,晟鈦,2023/03/10,85.57,239.19,36.66
5310,天剛,2023/03/07,0.57,237.06,365.85
1529,樂事綠能,2023/03/09,37.82,235.91,-26.75
8905,裕國,2023/03/09,393.14,226.7,65.87
1472,三洋實業,2023/03/10,106.74,218.75,74.96
1584,精剛,2023/03/09,253.22,216.37,70.75
3432,台端,2023/03/02,1.56,214.72,152.18
3308,聯德,2023/03/08,52.38,200.13,102.34
3054,立萬利,2023/03/08,3.69,197.66,133.02
8087,華鎂鑫,2023/03/09,14.86,194.96,1060.03
6240,松崗,2023/03/10,3.13,194.73,-0.67
4304,勝昱,2023/03/10,51.85,192.53,52.1
2596,綠意,2023/03/10,9.29,173.34,-9.04
2404,漢唐,2023/03/10,4731.65,171.3,5.04
2501,國建,2023/03/10,995.3,170.43,2.38
6767,台微醫,2023/03/10,21.83,170.34,15.25
2542,興富發,2023/03/09,2799.66,170.11,25.46
4550,長佳,2023/03/10,166.94,161.52,48.71
1512,瑞利,2023/03/10,98.89,158.32,-26.88
4979,華星光,2023/03/09,160.8,157.19,-4.39
6533,晶心科,2023/03/10,104.54,151.51,66.04
4542,科嶠,2023/03/08,73.81,150.5,9.78
1235,興泰,2023/03/10,1.71,149.2,32.12
6753,龍德造船,2023/03/10,294.33,146.62,-49.93
6122,擎邦,2023/03/09,438.19,146.16,117.55
1762,中化生,2023/03/10,285.65,144.14,8.66
8924,大田,2023/03/02,511.34,142.69,23.23
4426,利勤,2023/03/10,147.23,138.31,64.35
6649,台生材,2023/03/10,10.65,138.14,330.04
4763,材料-KY,2023/03/06,458.93,135.66,6.29
2530,華建,2023/03/07,1.78,133.2,70.54
4934,太極,2023/03/06,226.55,131.83,52.83
2413,環科,2023/03/08,439.28,128.46,38.9
6212,理銘,2023/03/10,9.87,127.18,-97.18
1316,上曜,2023/03/10,205.68,127.0,333.52
1109,信大,2023/03/10,410.95,126.24,37.9
6163,華電網,2023/03/10,757.98,125.6,285.65
6148,驊宏資,2023/03/08,42.45,124.24,-20.24
8227,巨有科技,2023/03/07,84.68,122.4,54.44
3027,盛達,2023/03/09,137.5,120.38,137.98
8931,大汽電,2023/03/09,289.35,119.46,17.24
6598,ABC-KY,2023/03/10,20.36,115.02,-33.64
5251,天鉞電,2023/03/10,11.28,114.4,-34.36
1603,華電,2023/03/08,307.45,110.33,21.84
8463,潤泰材,2023/03/10,389.68,110.17,24.81
6242,立康,2023/03/09,49.29,105.25,23.31
8996,高力,2023/03/08,254.58,104.25,-20.75
3046,建碁,2023/03/06,471.1,102.62,120.6
3693,營邦,2023/03/07,419.87,97.61,8.14
6576,逸達,2023/03/08,0.21,97.17,-99.03
3558,神準,2023/03/10,1469.03,96.54,7.45
6451,訊芯-KY,2023/03/08,415.29,95.4,-3.84
2634,漢翔,2023/03/07,3191.65,94.98,18.86
6733,博晟生醫,2023/03/08,2.69,93.66,-30.81
2495,普安,2023/03/10,121.85,92.29,6.35
2247,汎德永業,2023/03/10,3014.14,91.32,-31.76
4916,事欣科,2023/03/10,302.43,91.19,33.75
3078,僑威,2023/03/10,730.16,90.11,42.9
2809,京城銀,2023/03/02,1059.41,89.54,26.43
3285,微端,2023/03/08,82.27,89.05,52.2
2718,晶悅,2023/03/09,7.03,88.62,-4.61
6199,天品,2023/03/09,13.7,88.18,33.0
5484,慧友,2023/03/10,36.46,87.21,38.41
9945,潤泰新,2023/03/10,2778.1,87.02,66.21
3118,進階,2023/03/09,46.78,86.97,33.53
6680,鑫創電子,2023/03/06,46.61,86.59,147.53
6142,友勁,2023/03/10,339.68,85.46,-4.18
6196,帆宣,2023/03/07,4729.0,85.4,9.04
5531,鄉林,2023/03/10,114.63,84.21,7.8
8049,晶采,2023/03/08,214.31,83.83,35.69
3025,星通,2023/03/06,30.66,83.63,14.81
6470,宇智,2023/03/08,187.81,82.99,0.35
8069,元太,2023/03/08,2346.09,82.9,-8.99
2546,根基,2023/03/10,1222.46,82.52,51.2
6016,康和證,2023/03/07,421.22,82.32,26.96
4754,國碳科,2023/03/08,57.42,82.29,73.36
4153,鈺緯,2023/03/02,92.88,82.26,25.17
3492,長盛,2023/03/09,54.93,81.85,34.75
3043,科風,2023/03/09,92.95,81.84,1.15
3013,晟銘電,2023/03/09,531.65,81.65,16.33
3570,大塚,2023/03/10,140.88,80.44,19.41
6236,康呈,2023/03/09,3.64,80.36,28.48
3178,公準,2023/03/10,145.45,80.19,70.28
8104,錸寶,2023/03/08,218.78,80.13,-0.02
1752,南光,2023/03/06,166.39,80.08,0.83
3713,新晶投控,2023/03/07,51.53,79.65,122.59
8109,博大,2023/03/02,158.2,78.94,16.42
1110,東泥,2023/03/10,174.12,78.78,26.29
3288,點晶,2023/03/10,9.17,77.7,266.25
6762,達亞,2023/03/06,47.88,76.66,-19.32
6244,茂迪,2023/03/07,480.08,76.05,32.22
8426,紅木-KY,2023/03/09,158.88,76.02,2.02
3512,皇龍,2023/03/10,259.3,75.54,1376.96
2206,三陽工業,2023/03/10,4948.1,75.39,9.92
3479,安勤,2023/03/10,622.85,75.31,-5.43
8940,新天地,2023/03/03,114.62,74.95,-41.52
4572,駐龍,2023/03/10,58.57,74.09,-5.21
1524,耿鼎,2023/03/07,201.28,73.73,37.68
2371,大同,2023/03/10,3556.03,73.62,0.49
3661,世芯-KY,2023/03/10,1538.32,73.48,-5.76
8420,明揚,2023/03/07,336.27,72.63,12.5
6527,明達醫,2023/03/09,73.43,72.49,53.34
3540,曜越,2023/03/10,323.28,72.1,-10.2
1108,幸福,2023/03/10,361.75,71.74,22.67
3207,耀勝,2023/03/10,120.92,71.09,8.63
1234,黑松,2023/03/10,795.91,70.93,-23.78
8222,寶一,2023/03/09,54.27,70.92,20.14
4770,上品,2023/03/07,616.78,70.2,17.46
5276,達輝-KY,2023/03/06,71.86,70.12,5.6
4503,金雨,2023/03/10,13.51,70.09,-13.43
1104,環泥,2023/03/10,591.52,69.81,17.28
4139,馬光-KY,2023/03/08,89.53,69.35,4.54
8097,常珵,2023/03/10,56.85,69.33,-20.99
2543,皇昌,2023/03/10,727.18,69.21,47.59
1465,偉全,2023/03/07,51.75,69.17,60.78
2520,冠德,2023/03/10,2214.16,68.89,134.56
6751,智聯服務,2023/03/06,132.86,68.66,14.37
4147,中裕,2023/03/03,24.15,68.21,-3.19
5864,致和證,2023/03/07,236.5,68.11,96.0
4161,聿新科,2023/03/06,52.8,68.0,53.27
6669,緯穎,2023/03/08,22994.65,67.61,40.06
3004,豐達科,2023/03/02,225.89,67.28,8.92
5403,中菲,2023/03/08,426.29,66.87,73.06
3191,和進,2023/03/10,18.58,66.5,46.23
5703,亞都,2023/03/09,30.53,66.21,-33.46
8467,波力-KY,2023/03/09,144.61,65.67,47.69
6624,萬年清,2023/03/10,17.37,65.3,83.05
3443,創意,2023/03/06,2248.82,65.19,7.75
6641,基士德-KY,2023/03/06,128.57,65.13,73.86
4527,方土霖,2023/03/09,208.66,64.87,59.51
8050,廣積,2023/03/09,613.52,64.86,35.31
2345,智邦,2023/03/06,6111.79,64.25,-2.52
3522,御頂,2023/03/10,54.99,63.7,-50.38
2427,三商電,2023/03/09,391.95,62.25,47.04
4943,康控-KY,2023/03/09,158.92,62.13,53.69
8064,東捷,2023/03/09,281.52,61.96,2.73
4126,太醫,2023/03/06,225.41,61.36,18.64
6143,振曜,2023/03/10,565.74,61.16,10.71
5209,新鼎,2023/03/09,358.17,61.1,19.42
2739,寒舍,2023/03/10,357.8,61.03,-21.84
8921,沈氏,2023/03/09,68.26,60.74,33.75
3580,友威科,2023/03/08,60.02,60.4,283.37
3290,東浦,2023/03/08,115.84,60.4,20.83
5213,亞昕,2023/03/10,27.92,60.39,-11.57
5281,大峽谷-KY,2023/03/08,39.35,60.31,230.57
2504,國產,2023/03/08,1534.53,60.04,7.85
5301,寶得利,2023/03/07,8.5,59.95,-14.8
1796,金穎生技,2023/03/07,63.55,59.75,15.19
6160,欣技,2023/03/10,129.79,59.58,20.64
8938,明安,2023/03/07,1751.4,59.47,8.41
6414,樺漢,2023/03/07,9521.47,59.23,7.64
6139,亞翔,2023/03/10,2988.5,59.03,27.44
6263,普萊德,2023/03/08,168.68,58.94,86.61
3067,全域,2023/03/08,3.35,58.46,-78.36
1618,合機,2023/03/08,220.22,58.33,45.0
1256,鮮活果汁-KY,2023/03/06,274.91,58.01,54.28
2630,亞航,2023/03/09,331.26,57.75,5.6
3284,太普高,2023/03/09,52.17,57.6,35.6
1103,嘉泥,2023/03/10,211.05,57.43,10.37
4541,晟田,2023/03/08,108.55,57.26,49.38
3024,憶聲,2023/03/09,143.59,56.59,17.03
1626,艾美特-KY,2023/03/07,493.93,56.51,15.02
3494,誠研,2023/03/10,59.79,56.48,71.43
2231,為升,2023/03/06,430.5,56.28,33.74
3564,其陽,2023/03/02,144.0,56.15,-27.94
6235,華孚,2023/03/02,438.62,55.73,8.75
6859,伯特光,2023/03/09,81.53,55.7,133.02
6441,廣錠,2023/03/07,54.04,55.5,21.34
2314,台揚,2023/03/10,433.73,54.88,-3.25
1570,力肯,2023/03/10,48.44,54.57,89.8
3680,家登,2023/03/10,426.53,53.93,36.05
5488,松普,2023/03/10,89.31,53.85,57.27
5902,德記,2023/03/10,204.49,53.53,19.64
6715,嘉基,2023/03/08,240.22,53.46,38.21
3022,威強電,2023/03/07,722.84,53.33,8.4
6691,洋基工程,2023/03/09,1194.91,52.98,41.59
8099,大世科,2023/03/07,393.45,52.91,15.32
6285,啟碁,2023/03/08,8261.71,52.3,8.16
1102,亞泥,2023/03/10,6241.24,52.2,29.63
4562,穎漢,2023/03/09,71.39,52.12,6.12
5222,全訊,2023/03/03,85.22,52.1,15.43
6438,迅得,2023/03/02,523.15,52.03,-1.7
8930,青鋼,2023/03/06,124.69,52.0,64.53
6248,沛波,2023/03/09,815.68,51.9,120.2
1589,永冠-KY,2023/03/09,699.23,51.75,32.37
6806,森崴能源,2023/03/08,439.43,51.74,-21.89
2020,美亞,2023/03/10,660.57,51.74,54.2
2705,六福,2023/03/10,149.57,50.62,-20.69
3499,環天科,2023/03/10,32.22,49.99,128.17
3062,建漢,2023/03/10,328.98,49.36,30.61
6245,立端,2023/03/10,708.22,49.22,-13.53
4526,東台,2023/03/10,682.43,49.12,57.17
2204,中華,2023/03/10,2852.44,48.85,-0.63
5520,力泰,2023/03/08,260.49,48.33,15.48
2618,長榮航,2023/03/10,12883.12,48.26,-15.13
6655,科定,2023/03/10,172.71,47.79,75.34
8077,洛碁,2023/03/10,62.74,47.63,7.49
3031,佰鴻,2023/03/10,111.03,47.54,84.27
3088,艾訊,2023/03/07,515.81,47.14,26.05
4906,正文,2023/03/09,2333.66,47.13,33.85
1525,江申,2023/03/08,141.81,46.76,12.51
1475,業旺,2023/03/06,111.25,46.64,8.38
5546,永固-KY,2023/03/10,246.22,46.18,31.01
6666,羅麗芬-KY,2023/03/10,68.69,46.1,283.14
5284,jpp-KY,2023/03/06,185.1,46.07,1.43
6590,普鴻,2023/03/03,49.4,45.12,-1.84
1446,宏和,2023/03/10,9.17,45.0,19.32
9942,茂順,2023/03/06,378.33,44.79,25.05
6026,福邦證,2023/03/09,117.09,44.67,-12.54
4502,健信,2023/03/10,119.42,44.61,82.18
6266,泰詠,2023/03/08,287.0,44.31,-21.01
9930,中聯資源,2023/03/08,1036.05,44.25,18.15
2067,嘉鋼,2023/03/10,101.41,44.22,41.66
6606,建德工業,2023/03/10,61.79,43.84,40.07
5388,中磊,2023/03/06,5395.12,43.56,9.48
5009,榮剛,2023/03/10,1059.82,43.29,4.25
3704,合勤控,2023/03/10,2920.63,43.25,-1.82
4581,光隆精密-KY,2023/03/10,98.88,43.23,3.53
3535,晶彩科,2023/03/09,30.44,43.01,-44.9
8047,星雲,2023/03/10,49.48,42.84,24.78
1264,德麥,2023/03/08,383.64,42.79,-9.02
1449,佳和,2023/03/08,208.01,42.73,46.74
6462,神盾,2023/03/10,320.12,42.65,25.26
6418,詠昇,2023/03/09,48.99,42.32,18.59
4557,永新-KY,2023/03/08,217.48,41.98,1.48
1225,福懋油,2023/03/09,1326.12,41.89,16.69
2706,第一店,2023/03/10,32.88,41.62,8.37
1339,昭輝,2023/03/09,172.41,41.43,24.34
3587,閎康,2023/03/06,369.79,40.97,2.25
1720,生達,2023/03/09,454.88,40.94,-7.83
1232,大統益,2023/03/09,2067.5,40.93,0.87
1817,凱撒衛,2023/03/09,130.74,40.89,3.51
6259,百徽,2023/03/10,41.45,40.71,65.77
8446,華研,2023/03/09,89.0,40.43,22.58
4538,大詠城,2023/03/09,47.59,40.34,9.7
2388,威盛,2023/03/10,726.95,40.26,32.59
4909,新復興,2023/03/10,43.64,40.18,-24.59
6208,日揚,2023/03/07,368.33,39.9,-4.05
8107,大億金茂,2023/03/09,66.69,39.69,4.8
4977,眾達-KY,2023/03/09,257.0,39.67,-1.36
4114,健喬,2023/03/07,346.78,39.54,-17.91
6703,軒郁,2023/03/08,145.21,39.41,12.81
2605,新興,2023/03/10,314.06,39.39,-25.14
3272,東碩,2023/03/08,278.68,39.21,-30.96
3454,晶睿,2023/03/07,867.12,39.12,1.98
1319,東陽,2023/03/08,1931.21,38.94,28.9
6218,豪勉,2023/03/08,88.0,38.9,9.8
4989,榮科,2023/03/09,389.92,38.88,36.38
6205,詮欣,2023/03/06,167.66,38.86,-18.24
6515,穎崴,2023/03/06,320.22,38.75,-24.84
5263,智崴,2023/03/10,62.29,38.61,11.44
4768,晶呈科技,2023/03/10,76.79,38.58,-10.62
2740,天蔥,2023/03/10,12.08,38.42,-17.63
4190,佐登-KY,2023/03/09,251.84,38.36,5.92
6431,光麗-KY,2023/03/10,20.69,38.26,42.99
1513,中興電,2023/03/09,1982.4,38.14,11.63
6129,普誠,2023/03/07,160.25,38.03,17.99
5312,寶島科,2023/03/07,342.11,38.01,12.15
4536,拓凱,2023/03/09,810.2,37.97,-22.21
5258,虹堡,2023/03/10,551.25,37.91,-0.22
2801,彰銀,2023/03/07,2984.1,37.9,-7.18
4540,全球傳動,2023/03/07,243.25,37.85,19.61
1590,亞德客-KY,2023/03/03,2368.56,37.84,62.48
4533,協易機,2023/03/08,258.9,37.82,-22.17
3213,茂訊,2023/03/06,254.27,37.79,41.24
5324,士開,2023/03/10,40.8,37.62,-7.75
6203,海韻電,2023/03/10,186.6,37.57,-8.01
2485,兆赫,2023/03/09,502.45,37.5,9.98
3416,融程電,2023/03/07,174.29,37.47,-7.34
8409,商之器,2023/03/06,13.15,37.3,60.9
6419,京晨科,2023/03/10,14.79,37.3,38.53
1605,華新,2023/03/06,17872.16,37.18,17.87
1799,易威,2023/03/10,10.48,37.06,-18.47
3498,陽程,2023/03/10,116.53,37.0,34.77
2538,基泰,2023/03/10,30.78,36.96,26.84
6605,帝寶,2023/03/09,1535.04,36.78,3.31
4142,國光生,2023/03/07,40.83,36.53,4.12
2701,萬企,2023/03/10,26.65,36.46,2.5
1718,中纖,2023/03/09,3131.99,36.43,-1.19
5536,聖暉*,2023/03/09,1829.66,36.22,27.8
6664,群翊,2023/03/09,179.14,36.22,0.43
6504,南六,2023/03/08,445.8,36.2,2.66
2845,遠東銀,2023/03/09,953.83,36.06,-8.51
8176,智捷,2023/03/10,23.0,35.61,-11.86
1258,其祥-KY,2023/03/10,229.87,35.27,-14.8
4137,麗豐-KY,2023/03/07,360.11,35.21,117.83
1809,中釉,2023/03/08,178.12,35.17,33.66
2880,華南金,2023/03/08,4543.53,35.17,-2.45
4192,杏國,2023/03/09,1.02,35.1,-13.19
1615,大山,2023/03/10,294.22,34.88,41.9
1336,台翰,2023/03/10,197.33,34.87,13.55
4130,健亞,2023/03/09,35.85,34.82,-17.61
2444,兆勁,2023/03/08,152.32,34.73,42.49
4726,永昕,2023/03/09,73.18,34.68,238.03
1726,永記,2023/03/09,818.07,34.51,6.74
2702,華園,2023/03/10,100.01,34.45,0.56
1445,大宇,2023/03/07,120.81,34.45,5.32
8422,可寧衛,2023/03/06,463.61,34.37,-0.05
9940,信義,2023/03/10,1189.61,34.33,-42.34
5464,霖宏,2023/03/07,89.03,34.19,18.34
6185,幃翔,2023/03/08,56.18,34.15,0.4
4746,台耀,2023/03/06,276.98,34.08,2.85
1101,台泥,2023/03/10,7306.07,33.91,-0.26
3023,信邦,2023/03/02,2858.52,33.88,3.7
4728,雙美,2023/03/10,149.94,33.79,194.93
9802,鈺齊-KY,2023/03/08,1832.03,33.53,20.42
5439,高技,2023/03/10,353.08,33.53,16.77
6201,亞弘電,2023/03/09,213.42,33.33,1.62
4924,欣厚-KY,2023/03/10,39.9,33.22,7.82
2439,美律,2023/03/06,1935.37,33.08,-28.17
1536,和大,2023/03/09,578.13,32.9,16.13
6662,樂斯科,2023/03/10,20.49,32.85,157.14
6573,虹揚-KY,2023/03/10,102.2,32.84,35.24
3533,嘉澤,2023/03/08,1841.22,32.76,12.66
3653,健策,2023/03/07,911.93,32.76,-0.86
6109,亞元,2023/03/09,98.15,32.75,9.3
6279,胡連,2023/03/07,504.21,32.66,-0.78
8942,森鉅,2023/03/03,508.65,32.55,45.31
3593,力銘,2023/03/10,61.55,32.49,0.79
2633,台灣高鐵,2023/03/03,3729.5,32.38,-14.16
8472,夠麻吉,2023/03/10,26.78,32.37,-3.26
1419,新紡,2023/03/10,256.96,32.0,-2.81
3218,大學光,2023/03/10,327.71,31.94,-1.55
2756,聯發國際,2023/03/09,57.24,31.87,16.41
6592,和潤企業,2023/03/09,2104.72,31.73,-1.59
2645,長榮航太,2023/03/09,1062.61,31.49,3.32
9960,邁達康,2023/03/09,61.63,31.45,4.01
6241,易通展,2023/03/10,51.0,31.4,36.36
2302,麗正,2023/03/10,55.71,31.25,14.01
8279,生展,2023/03/09,137.28,31.08,2.14
5701,劍湖山,2023/03/08,39.07,30.86,-33.46
2390,云辰,2023/03/09,54.66,30.84,22.16
6230,尼得科超眾,2023/03/08,930.54,30.8,-6.83
2305,全友,2023/03/09,41.33,30.77,87.57
2207,和泰車,2023/03/10,21754.36,30.73,18.59
1417,嘉裕,2023/03/10,159.98,30.71,42.02
4129,聯合,2023/03/09,288.29,30.65,9.78
912000,晨訊科-DR,2023/03/13,166.22,30.46,28.04
6179,亞通,2023/03/10,249.47,30.45,4.79
1503,士電,2023/03/10,2629.4,30.36,-16.75
4737,華廣,2023/03/08,150.25,30.33,21.88
8442,威宏-KY,2023/03/07,654.58,30.28,34.07
3594,磐儀,2023/03/10,121.31,30.15,5.57
6804,明係,2023/03/06,292.88,30.01,5.98
1702,南僑,2023/03/10,1643.89,29.87,-0.08
2349,錸德,2023/03/09,590.4,29.87,5.6
1538,正峰,2023/03/06,17.26,29.87,10.51
3447,展達,2023/03/07,358.55,29.79,-20.78
6558,興能高,2023/03/07,90.99,29.78,-14.01
8926,台汽電,2023/03/09,337.31,29.66,-7.6
4105,東洋,2023/03/06,339.87,29.55,-15.06
2937,集雅社,2023/03/10,288.7,29.24,-15.07
1777,生泰,2023/03/06,82.32,29.22,-17.35
6643,M31,2023/03/06,105.21,29.13,16.01
5211,蒙恬,2023/03/07,11.87,29.11,17.12
3202,樺晟,2023/03/10,325.24,29.1,-2.91
4173,久裕,2023/03/09,90.37,29.09,10.16
2947,振宇五金,2023/03/08,143.76,29.08,-11.13
3583,辛耘,2023/03/09,566.37,29.0,22.04
1540,喬福,2023/03/10,20.81,28.99,-68.88
6796,晉弘,2023/03/10,44.13,28.9,48.81
2515,中工,2023/03/09,1538.36,28.88,49.55
2360,致茂,2023/03/08,1394.48,28.69,4.84
2328,廣宇,2023/03/07,2066.89,28.49,7.05
2820,華票,2023/03/10,319.42,28.45,74.9
6865,偉康,2023/03/10,37.74,28.44,11.25
3419,譁裕,2023/03/10,110.99,28.36,-21.43
6111,大宇資,2023/03/10,103.78,28.33,-8.42
5521,工信,2023/03/09,343.16,28.27,19.48
6556,勝品,2023/03/02,170.2,28.05,-10.31
1723,中碳,2023/03/08,839.79,27.91,24.96
3038,全台,2023/03/10,367.5,27.9,1.6
8028,昇陽半導體,2023/03/06,279.46,27.85,7.32
6570,維田,2023/03/08,76.56,27.84,6.34
4419,元勝,2023/03/09,26.93,27.81,-48.6
1471,首利,2023/03/10,15.69,27.67,19.11
1734,杏輝,2023/03/10,212.31,27.33,-7.15
6728,上洋,2023/03/08,195.09,27.29,27.77
2892,第一金,2023/03/07,5802.27,27.05,-5.4
6197,佳必琪,2023/03/06,345.89,27.04,12.94
3032,偉訓,2023/03/09,540.8,26.9,-6.32
9905,大華,2023/03/09,725.65,26.9,26.39
4162,智擎,2023/03/07,20.14,26.8,-21.25
8147,正淩,2023/03/03,80.73,26.77,15.51
5309,系統電,2023/03/09,294.15,26.6,-0.25
6721,信實,2023/03/10,236.27,26.57,2.22
1307,三芳,2023/03/09,959.54,26.39,21.46
8249,菱光,2023/03/10,354.46,26.23,77.69
1229,聯華,2023/03/10,812.32,26.22,-0.18
1707,葡萄王,2023/03/06,610.07,26.13,-8.44
2363,矽統,2023/03/02,9.5,26.11,21.82
4931,新盛力,2023/03/07,197.34,25.99,-14.7
4580,捷流閥業,2023/03/10,226.98,25.98,16.91
3029,零壹,2023/03/06,1335.29,25.97,7.94
3528,安馳,2023/03/10,527.08,25.86,-19.62
6578,達邦蛋白,2023/03/10,33.42,25.85,15.92
8401,白紗科,2023/03/06,110.38,25.79,29.42
8440,綠電,2023/03/03,70.18,25.69,23.21
6194,育富,2023/03/06,87.94,25.61,17.61
8423,保綠-KY,2023/03/08,25.9,25.57,29.44
6788,華景電,2023/03/09,123.66,25.51,29.3
8424,惠普,2023/03/08,78.0,25.49,29.99
1213,大飲,2023/03/09,30.74,25.38,-2.36
1514,亞力,2023/03/08,595.19,25.33,12.96
9939,宏全,2023/03/10,1914.49,25.2,0.35
5516,雙喜,2023/03/07,158.53,25.16,1.56
6589,台康生技,2023/03/09,81.0,25.1,15.62
2755,揚秦,2023/03/09,150.97,24.98,-6.88
5383,金利,2023/03/07,111.23,24.88,14.18
5201,凱衛,2023/03/09,16.14,24.86,4.75
8411,福貞-KY,2023/03/08,566.31,24.73,13.16
1806,冠軍,2023/03/10,196.73,24.67,25.49
6538,倉和,2023/03/02,111.64,24.63,-20.0
8048,德勝,2023/03/10,104.32,24.48,15.2
2904,匯僑,2023/03/09,42.79,24.31,1.1
6217,中探針,2023/03/09,250.58,24.26,30.39
3033,威健,2023/03/09,5912.82,24.04,53.19
6613,朋億*,2023/03/09,466.06,23.99,1.35
2063,世鎧,2023/03/03,95.29,23.93,-6.79
3426,台興,2023/03/09,53.28,23.84,3.79
4976,佳凌,2023/03/08,80.91,23.82,1.98
4163,鐿鈦,2023/03/06,191.69,23.81,-17.8
9941,裕融,2023/03/06,3164.22,23.73,0.01
5880,合庫金,2023/03/09,4263.81,23.42,-12.93
5353,台林,2023/03/10,138.93,23.32,-1.03
4164,承業醫,2023/03/10,198.43,23.29,-7.72
1516,川飛,2023/03/10,184.44,23.2,-7.22
8432,東生華,2023/03/03,34.64,23.17,-16.15
5205,中茂,2023/03/10,0.92,23.16,138.96
2065,世豐,2023/03/06,222.39,23.02,11.55
2227,裕日車,2023/03/10,2159.21,23.02,-12.26
5288,豐祥-KY,2023/03/10,600.2,22.95,7.0
2364,倫飛,2023/03/09,79.59,22.95,12.56
2887,台新金,2023/03/08,6316.04,22.92,-3.82
5457,宣德,2023/03/10,1073.98,22.87,9.84
2421,建準,2023/03/07,1027.4,22.72,22.98
1905,華紙,2023/03/10,1904.78,22.51,33.17
2748,雲品,2023/03/10,200.34,22.44,-27.28
9929,秋雨,2023/03/09,59.52,22.2,9.47
9962,有益,2023/03/07,312.3,22.18,11.07
8033,雷虎,2023/03/09,85.56,22.15,0.2
6228,全譜,2023/03/09,2.92,22.02,18.55
3550,聯穎,2023/03/06,363.28,22.02,135.29
5876,上海商銀,2023/03/09,3706.71,21.97,-1.88
2480,敦陽科,2023/03/10,574.33,21.93,-0.42
2812,台中銀,2023/03/09,1326.7,21.91,-0.47
6712,長聖,2023/03/01,39.04,21.91,17.66
5230,雷笛克光學,2023/03/07,88.33,21.84,7.08
1528,恩德,2023/03/10,242.84,21.84,-14.18
2849,安泰銀,2023/03/10,543.22,21.81,28.02
1593,祺驊,2023/03/09,67.76,21.72,-18.97
8234,新漢,2023/03/07,536.99,21.62,-1.43
9951,皇田,2023/03/10,411.04,21.6,11.47
5530,龍巖,2023/03/10,280.61,21.54,0.67
6741,91APP*-KY,2023/03/10,101.82,21.53,-4.76
1701,中化,2023/03/09,645.12,21.5,-14.38
9950,萬國通,2023/03/10,191.61,21.45,-26.87
6535,順藥,2023/03/08,3.04,21.38,-33.4
4120,友華,2023/03/09,345.56,21.29,-13.28
4506,崇友,2023/03/09,356.53,21.29,-20.83
8171,天宇,2023/03/07,71.2,21.24,-2.57
1580,新麥,2023/03/08,261.66,21.05,8.31
6409,旭隼,2023/03/07,1279.3,20.93,-10.13
2450,神腦,2023/03/09,2703.34,20.78,-0.45
6752,叡揚,2023/03/07,116.51,20.75,-1.48
1813,寶利徠,2023/03/10,31.89,20.74,38.45
6482,弘煜科,2023/03/08,23.35,20.68,-49.93
2886,兆豐金,2023/03/07,5728.42,20.67,-7.71
6505,台塑化,2023/03/07,63164.47,20.66,3.66
6514,芮特-KY,2023/03/04,43.28,20.55,3.78
3520,華盈,2023/03/10,74.06,20.53,79.39
4104,佳醫,2023/03/09,604.74,20.48,-11.04
6140,訊達,2023/03/10,154.64,20.17,41.56
4720,德淵,2023/03/08,239.5,20.14,9.42
1788,杏昌,2023/03/08,284.63,20.13,-16.37
6747,亨泰光,2023/03/09,71.1,19.99,46.93
4967,十銓,2023/03/06,557.53,19.95,26.15
6417,韋僑,2023/03/09,96.57,19.93,-20.58
6469,大樹,2023/03/10,1173.27,19.8,-12.76
2061,風青,2023/03/09,71.62,19.77,34.38
6288,聯嘉,2023/03/07,302.75,19.77,-12.98
5878,台名,2023/03/10,54.12,19.72,-0.84
8054,安國,2023/03/06,131.05,19.65,17.08
2228,劍麟,2023/03/10,341.81,19.58,-3.78
6671,三能-KY,2023/03/08,128.07,19.48,62.46
4138,曜亞,2023/03/09,119.64,19.44,-12.0
5871,中租-KY,2023/03/10,7281.7,19.4,-6.45
3712,永崴投控,2023/03/08,979.39,19.39,-5.47
5514,三豐,2023/03/07,0.55,19.39,0.0
2527,宏璟,2023/03/08,24.77,19.34,-13.58
1313,聯成,2023/03/07,5836.56,19.22,62.05
1216,統一,2023/03/10,40664.83,19.21,-11.44
2834,臺企銀,2023/03/08,2469.6,19.19,-12.6
6855,數泓科,2023/03/09,37.08,19.14,-3.65
2915,潤泰全,2023/03/10,197.26,19.13,-23.12
4953,緯軟,2023/03/06,684.24,18.99,4.35
2754,亞洲藏壽司,2023/03/10,380.13,18.74,-16.89
6661,威健生技,2023/03/09,15.62,18.64,20.44
2610,華航,2023/03/10,12671.12,18.64,-15.4
2752,豆府,2023/03/10,238.88,18.63,-18.57
3615,安可,2023/03/10,82.37,18.61,9.58
4102,永日,2023/03/07,35.75,18.49,1.86
1784,訊聯,2023/03/10,76.06,18.48,10.67
2399,映泰,2023/03/10,236.68,18.46,2.84
6223,旺矽,2023/03/08,584.92,18.38,1.0
3689,湧德,2023/03/02,465.5,18.31,26.77
2459,敦吉,2023/03/09,515.83,18.16,-1.3
6841,長佳智能,2023/03/10,3.7,18.05,-9.61
8085,福華,2023/03/10,58.41,18.0,5.34
1742,台蠟,2023/03/10,31.79,17.99,53.32
1533,車王電,2023/03/07,248.63,17.96,-9.15
5529,鉅陞,2023/03/10,7.3,17.93,-22.46
6291,沛亨,2023/03/06,118.69,17.93,-24.04
8932,宏大,2023/03/10,70.17,17.92,24.35
1737,臺鹽,2023/03/08,250.51,17.89,-21.79
1447,力鵬,2023/03/10,2132.59,17.6,-34.3
9914,美利達,2023/03/10,2699.61,17.52,18.18
4543,萬在,2023/03/07,67.77,17.49,46.83
4133,亞諾法,2023/03/10,32.34,17.46,24.05
2753,八方雲集,2023/03/10,549.52,17.43,-5.06
6112,邁達特,2023/03/02,1065.54,17.43,-7.23
6689,伊雲谷,2023/03/09,668.6,17.39,-7.12
6612,奈米醫材,2023/03/09,51.11,17.33,36.56
5355,佳總,2023/03/10,39.96,17.05,-24.2
3622,洋華,2023/03/08,118.51,16.95,99.72
2471,資通,2023/03/10,61.11,16.95,-19.29
4175,杏一,2023/03/09,540.04,16.88,-4.84
3289,宜特,2023/03/10,332.31,16.85,-0.77
5014,建錩,2023/03/09,1343.37,16.83,73.2
1268,漢來美食,2023/03/10,364.64,16.8,-37.33
2115,六暉-KY,2023/03/06,228.09,16.79,56.64
2230,泰茂,2023/03/10,46.76,16.71,92.69
9917,中保科,2023/03/09,1401.32,16.71,7.73
5475,德宏,2023/03/10,53.72,16.7,6.08
8284,三竹,2023/03/09,188.58,16.59,-0.68
6005,群益證,2023/03/07,912.22,16.56,7.75
8416,實威,2023/03/09,85.07,16.5,-8.11
1233,天仁,2023/03/09,153.52,16.48,-26.6
2889,國票金,2023/03/07,618.98,16.33,12.33
5356,協益,2023/03/09,254.66,16.28,5.25
4116,明基醫,2023/03/02,224.01,16.27,5.6
2816,旺旺保,2023/03/09,767.53,16.0,-2.35
8415,大國鋼,2023/03/09,2116.14,16.0,0.41
3094,聯傑,2023/03/07,24.67,15.98,18.75
6166,凌華,2023/03/10,783.45,15.97,-16.08
8436,大江,2023/03/05,561.02,15.77,-15.24
3664,安瑞-KY,2023/03/09,21.85,15.74,-5.24
2105,正新,2023/03/09,8050.52,15.74,37.42
3555,重鵬,2023/03/07,1.7,15.67,-16.76
6136,富爾特,2023/03/10,38.64,15.58,-2.05
2236,百達-KY,2023/03/10,116.93,15.55,-7.89
3516,亞帝歐,2023/03/07,84.35,15.52,60.86
1201,味全,2023/03/09,1489.92,15.33,-6.01
3130,一零四,2023/03/10,179.15,15.33,23.27
4205,中華食,2023/03/09,138.37,15.31,-23.42
4207,環泰,2023/03/06,388.26,15.31,-4.43
2617,台航,2023/03/10,281.05,15.3,-11.45
8093,保銳,2023/03/10,20.52,15.14,-48.91
8462,柏文,2023/03/10,312.49,15.09,8.98
5203,訊連,2023/03/07,144.29,15.03,-3.7
5011,久陽,2023/03/09,329.56,14.92,16.18
4529,淳紳,2023/03/09,0.27,14.89,-54.55
2890,永豐金,2023/03/07,3979.49,14.87,-6.58
2855,統一證,2023/03/07,503.9,14.81,1.01
3380,明泰,2023/03/02,2389.23,14.8,12.56
2597,潤弘,2023/03/10,1545.6,14.68,16.9
2070,精湛,2023/03/08,33.98,14.64,7.92
3052,夆典,2023/03/10,186.65,14.57,-12.38
4766,南寶,2023/03/08,1532.2,14.55,28.72
2496,卓越,2023/03/09,56.97,14.55,17.11
6275,元山,2023/03/08,268.98,14.53,25.68
3611,鼎翰,2023/03/08,589.26,14.46,-4.93
1219,福壽,2023/03/10,1293.81,14.43,-3.06
6811,宏碁資訊,2023/03/06,520.99,14.29,-21.11
4571,鈞興-KY,2023/03/08,183.44,14.24,-0.34
2402,毅嘉,2023/03/01,593.45,14.21,-1.79
1504,東元,2023/03/10,4601.35,14.19,1.73
5287,數字,2023/03/10,154.31,14.19,-3.53
3552,同致,2023/03/10,681.13,14.04,47.73
5426,振發,2023/03/08,120.01,14.02,-8.96
1730,花仙子,2023/03/10,183.95,13.98,-40.09
5465,富驊,2023/03/09,346.06,13.96,-12.2
3356,奇偶,2023/03/09,90.57,13.87,-8.52
3491,昇達科,2023/03/04,128.15,13.83,10.11
6209,今國光,2023/03/07,232.69,13.73,19.96
1203,味王,2023/03/10,515.62,13.65,0.0
2308,台達電,2023/03/09,29116.66,13.65,-1.51
4154,樂威科-KY,2023/03/10,43.3,13.63,4.49
1236,宏亞,2023/03/09,110.19,13.61,-50.09
4523,永彰,2023/03/10,43.73,13.59,57.68
6861,睿生光電,2023/03/09,166.85,13.53,15.55
5328,華容,2023/03/10,86.23,13.52,19.35
3050,鈺德,2023/03/10,90.0,13.46,7.77
3005,神基,2023/03/07,2593.01,13.44,1.58
2376,技嘉,2023/03/08,10088.98,13.41,22.74
1558,伸興,2023/03/09,490.38,13.34,-2.98
3628,盈正,2023/03/10,216.86,13.31,-18.61
6508,惠光,2023/03/10,162.64,13.3,44.41
3055,蔚華科,2023/03/08,116.98,13.17,-19.71
1609,大亞,2023/03/10,2036.45,13.14,18.31
5511,德昌,2023/03/10,889.76,13.07,71.72
5538,東明-KY,2023/03/09,1184.54,13.06,50.64
3095,及成,2023/03/09,33.08,13.02,30.25
8454,富邦媒,2023/03/10,7899.18,13.0,-9.75
1240,茂生農經,2023/03/10,239.18,12.99,-3.03
2201,裕隆,2023/03/10,5674.96,12.97,-14.04
3672,康聯訊,2023/03/10,42.08,12.91,18.79
1341,富林-KY,2023/03/09,206.28,12.84,53.02
2707,晶華,2023/03/10,494.39,12.77,-28.64
6125,廣運,2023/03/06,451.56,12.72,24.94
5243,乙盛-KY,2023/03/07,1001.62,12.68,18.82
6579,研揚,2023/03/06,613.42,12.65,-3.3
6585,鼎基,2023/03/08,199.45,12.53,8.2
6124,業強,2023/03/07,176.92,12.38,24.71
8927,北基,2023/03/10,538.99,12.36,-9.8
6284,佳邦,2023/03/08,469.28,12.29,16.29
1470,大統新創,2023/03/07,87.01,12.23,50.06
2540,愛山林,2023/03/08,349.96,12.19,54.29
1324,地球,2023/03/09,76.81,12.19,23.86
6790,永豐實,2023/03/10,778.23,12.18,-1.37
8255,朋程,2023/03/07,337.81,12.15,-4.38
3632,研勤,2023/03/10,24.37,12.15,-8.27
1218,泰山,2023/03/10,834.86,12.14,-14.26
5481,新華,2023/03/06,8.13,12.04,15.12
4903,聯光通,2023/03/09,40.31,12.01,-29.08
6195,詩肯,2023/03/09,149.94,12.01,-39.73
2832,台產,2023/03/07,544.24,11.92,5.3
2395,研華,2023/03/07,5229.84,11.91,-7.28
3015,全漢,2023/03/07,1096.08,11.9,-0.39
3293,鈊象,2023/03/06,1058.81,11.9,-7.86
2727,王品,2023/03/09,1824.44,11.86,-15.95
3045,台灣大,2023/03/10,13735.48,11.85,-7.29
2429,銘旺科,2023/03/08,43.29,11.81,41.23
4198,欣大健康,2023/03/09,17.25,11.71,7.25
6488,環球晶,2023/03/07,5981.18,11.67,0.87
1616,億泰,2023/03/07,280.61,11.67,6.72
3306,鼎天,2023/03/10,82.92,11.62,35.86
4716,大立,2023/03/10,49.12,11.51,108.53
2373,震旦行,2023/03/09,994.97,11.46,4.96
6727,亞泰金屬,2023/03/10,135.96,11.36,87.93
2414,精技,2023/03/09,1680.02,11.31,0.26
2354,鴻準,2023/03/04,6354.81,11.29,-31.07
4995,晶達,2023/03/08,86.08,11.22,-6.06
2534,宏盛,2023/03/10,321.08,11.21,-52.64
6442,光聖,2023/03/10,210.55,11.21,11.02
2066,世德,2023/03/09,230.97,11.19,-3.88
6568,宏觀,2023/03/08,79.22,11.19,-23.37
1312,國喬,2023/03/10,1320.96,11.17,2.75
2101,南港,2023/03/06,582.16,11.11,23.14
2423,固緯,2023/03/07,230.7,11.08,7.78
5903,全家,2023/03/09,6935.64,11.05,-15.2
2330,台積電,2023/03/10,163174.1,11.05,-18.43
2912,統一超,2023/03/10,23131.93,11.04,-13.08
1441,大東,2023/03/10,106.81,11.02,19.75
3346,麗清,2023/03/09,400.82,10.99,-20.13
3311,閎暉,2023/03/06,152.66,10.81,4.0
2640,大車隊,2023/03/10,189.9,10.73,-18.23
6698,旭暉應材,2023/03/09,93.84,10.69,8.78
2006,東和鋼鐵,2023/03/09,4508.31,10.63,27.12
8410,森田,2023/03/07,81.73,10.62,20.44
3332,幸康,2023/03/10,103.61,10.6,-26.27
6134,萬旭,2023/03/07,94.59,10.56,-17.19
6443,元晶,2023/03/08,653.83,10.51,-6.89
1215,卜蜂,2023/03/10,2263.47,10.47,-4.48
3511,矽瑪,2023/03/02,269.7,10.46,8.65
3701,大眾控,2023/03/10,903.79,10.33,21.23
3406,玉晶光,2023/03/07,927.37,10.29,-31.19
2038,海光,2023/03/10,818.34,10.24,55.96
4609,唐鋒,2023/03/10,2.81,10.2,-83.39
5398,慕康生醫,2023/03/10,13.7,10.1,-7.74
2457,飛宏,2023/03/08,796.68,10.02,6.42
2897,王道銀行,2023/03/10,839.73,10.01,-4.75
4747,強生,2023/03/10,38.01,9.97,-22.97
3176,基亞,2023/03/10,51.46,9.95,-13.71
4745,合富-KY,2023/03/10,283.5,9.89,-23.98
5321,美而快,2023/03/10,222.63,9.83,-23.85
3264,欣銓,2023/03/07,1055.43,9.78,-8.31
5483,中美晶,2023/03/07,6731.97,9.7,1.12
6843,進典,2023/03/09,62.8,9.69,-17.8
6277,宏正,2023/03/07,394.11,9.68,-16.23
1210,大成,2023/03/10,8240.33,9.63,-10.34
2606,裕民,2023/03/21,878.94,9.47,0.85
1522,堤維西,2023/03/10,1498.87,9.4,-0.03
8367,建新國際,2023/03/07,163.64,9.31,1.08
6615,慧智,2023/03/10,38.8,9.27,13.49
1907,永豐餘,2023/03/10,5860.47,9.24,22.56
6214,精誠,2023/03/09,2566.02,9.22,-14.41
2462,良得電,2023/03/10,316.06,9.18,37.78
3019,亞光,2023/03/03,1212.09,9.13,12.4
6763,綠界科技,2023/03/08,110.72,9.11,-10.87
2509,全坤建,2023/03/07,17.78,9.01,5.62
6465,威潤,2023/03/08,19.56,8.9,-9.76
6152,百一,2023/03/08,192.49,8.89,50.02
5315,光聯,2023/03/01,153.36,8.82,6.36
1521,大億,2023/03/10,381.3,8.79,-0.78
1598,岱宇,2023/03/09,773.51,8.65,-2.19
4563,百德,2023/03/10,199.19,8.64,37.07
4552,力達-KY,2023/03/08,312.09,8.54,182.91
2440,太空梭,2023/03/09,264.91,8.51,189.48
6123,上奇,2023/03/09,395.74,8.49,12.44
3709,鑫聯大投控,2023/03/09,1628.76,8.49,9.4
6192,巨路,2023/03/10,488.46,8.46,5.27
3402,漢科,2023/03/10,359.71,8.43,38.47
3232,昱捷,2023/03/09,111.35,8.4,10.75
8917,欣泰,2023/03/10,230.75,8.39,-0.33
4938,和碩,2023/03/10,92255.34,8.38,-25.96
6791,虎門科技,2023/03/09,44.92,8.35,13.95
2028,威致,2023/03/09,999.2,8.34,41.27
2412,中華電,2023/03/10,17933.48,8.33,0.95
2015,豐興,2023/03/06,2874.78,8.31,36.34
6021,美好證,2023/03/07,60.03,8.15,288.11
8289,泰藝,2023/03/08,160.07,8.08,-2.64
1565,精華,2023/03/07,397.18,7.88,19.02
1337,再生-KY,2023/03/09,51.36,7.87,12.99
2732,六角,2023/03/08,330.45,7.78,0.42
1227,佳格,2023/03/10,1413.14,7.76,-43.15
9908,大台北,2023/03/09,296.72,7.66,-3.43
2114,鑫永銓,2023/03/08,121.94,7.6,21.22
2608,嘉里大榮,2023/03/10,888.91,7.58,-0.92
6625,必應,2023/03/10,64.32,7.56,-3.7
8421,旭源,2023/03/09,95.93,7.52,23.2
1904,正隆,2023/03/09,3532.12,7.52,23.3
4973,廣穎,2023/03/09,350.82,7.49,-7.54
6561,是方,2023/03/06,257.88,7.43,-1.14
4743,合一,2023/03/02,5.58,7.43,13.79
3596,智易,2023/03/08,3523.31,7.29,-5.38
1231,聯華食,2023/03/09,740.03,7.27,-28.35
1713,國化,2023/03/06,54.36,7.26,106.71
4974,亞泰,2023/03/03,284.95,7.23,25.54
1909,榮成,2023/03/06,3720.61,7.17,28.71
8488,吉源-KY,2023/03/10,280.29,7.13,10.95
4530,宏易,2023/03/10,13.64,7.13,4.19
6754,匯僑設計,2023/03/09,279.34,7.12,37.39
1732,毛寶,2023/03/09,43.24,7.12,-4.78
2926,誠品生活,2023/03/10,425.76,7.11,-20.52
2033,佳大,2023/03/08,53.26,7.08,56.79
2614,東森,2023/03/09,409.5,7.07,-19.43
6830,汎銓,2023/03/09,115.17,7.06,-13.08
9911,櫻花,2023/03/07,562.67,7.02,-20.04
2838,聯邦銀,2023/03/03,1390.47,6.95,-4.91
2906,高林,2023/03/10,572.01,6.95,-13.38
2367,燿華,2023/03/09,1028.38,6.94,-0.9
3532,台勝科,2023/03/07,1278.64,6.93,13.67
6506,雙邦,2023/03/08,164.82,6.85,26.99
3685,元創精密,2023/03/09,111.94,6.85,21.7
6874,倍力,2023/03/10,104.79,6.77,-71.18
2712,遠雄來,2023/03/10,45.01,6.76,-39.73
6690,安碁資訊,2023/03/03,118.36,6.73,-4.42
8390,金益鼎,2023/03/10,247.61,6.65,-7.93
1714,和桐,2023/03/08,1589.42,6.59,0.46
5278,尚凡,2023/03/10,145.66,6.55,0.51
4433,興采,2023/03/10,221.04,6.55,9.51
4549,桓達,2023/03/08,99.74,6.52,-6.56
6234,高僑,2023/03/10,50.57,6.49,13.74
6803,崑鼎,2023/03/09,578.48,6.45,-7.57
8091,翔名,2023/03/08,147.46,6.44,15.29
6416,瑞祺電通,2023/03/07,352.27,6.32,17.32
1464,得力,2023/03/06,913.44,6.29,23.95
4111,濟生,2023/03/08,82.4,6.26,-10.64
3501,維熹,2023/03/09,393.97,6.25,0.84
5434,崇越,2023/03/09,3813.64,6.24,-14.11
4904,遠傳,2023/03/10,7161.96,6.03,-8.29
3581,博磊,2023/03/10,118.58,5.99,-9.59
3138,耀登,2023/03/09,113.11,5.99,-32.83
3236,千如,2023/03/08,191.53,5.82,-9.25
5906,台南-KY,2023/03/09,146.03,5.69,-46.75
1587,吉茂,2023/03/08,179.27,5.57,-2.04
1795,美時,2023/03/10,1085.92,5.54,-45.91
3646,艾恩特,2023/03/10,58.77,5.54,-5.35
2443,昶虹,2023/03/10,0.79,5.49,-34.11
3164,景岳,2023/03/09,18.16,5.41,-25.17
9907,統一實,2023/03/10,3081.99,5.41,36.14
1416,廣豐,2023/03/10,19.23,5.36,5.02
3515,華擎,2023/03/10,1325.35,5.32,-7.45
6133,金橋,2023/03/09,58.02,5.32,-40.04
2365,昆盈,2023/03/06,52.37,5.3,1.52
6517,保勝光學,2023/03/09,44.6,5.29,-32.88
1259,安心,2023/03/09,436.18,5.27,-17.1
3017,奇鋐,2023/03/08,4257.92,5.18,51.49
6863,永道-KY,2023/03/09,160.92,5.17,-25.22
4107,邦特,2023/03/10,153.55,5.14,4.02
5603,陸海,2023/03/09,159.81,5.13,5.9
8908,欣雄,2023/03/10,553.69,5.11,16.0
3531,先益,2023/03/09,137.16,5.05,-3.57
6115,鎰勝,2023/03/10,500.03,5.04,24.04
2392,正崴,2023/03/08,5459.34,5.03,-29.66
3591,艾笛森,2023/03/03,141.66,5.03,-7.05
6189,豐藝,2023/03/07,2476.05,4.99,25.73
1731,美吾華,2023/03/06,90.68,4.97,-24.1
3026,禾伸堂,2023/03/07,1283.88,4.94,24.99
4535,至興,2023/03/09,235.58,4.91,17.98
6603,富強鑫,2023/03/08,270.46,4.9,31.31
3652,精聯,2023/03/10,155.26,4.87,-0.49
8121,越峰,2023/03/07,213.02,4.83,12.24
4305,世坤,2023/03/07,76.68,4.82,57.98
9918,欣天然,2023/03/08,190.33,4.73,-14.82
9937,全國,2023/03/07,1824.13,4.7,-6.85
6243,迅杰,2023/03/06,66.0,4.62,2.58
3058,立德,2023/03/09,275.12,4.51,-6.48
2723,美食-KY,2023/03/10,1629.38,4.48,-8.59
8215,明基材,2023/03/02,1335.4,4.47,6.88
4414,如興,2023/03/10,1412.25,4.44,51.8
5425,台半,2023/03/08,1124.94,4.34,-6.37
2850,新產,2023/03/10,1592.19,4.26,-3.49
8473,山林水,2023/03/10,288.73,4.23,7.22
5904,寶雅,2023/03/10,1600.03,4.01,-22.91
1786,科妍,2023/03/08,24.27,3.97,-32.06
1721,三晃,2023/03/08,182.93,3.95,9.83
6667,信紘科,2023/03/09,156.1,3.87,-9.57
2852,第一保,2023/03/06,568.93,3.84,-0.39
1477,聚陽,2023/03/02,2653.73,3.76,11.15
2351,順德,2023/03/08,862.25,3.71,10.2
1456,怡華,2023/03/10,32.68,3.67,31.86
3576,聯合再生,2023/03/08,1600.4,3.64,5.09
4306,炎洲,2023/03/10,1023.02,3.5,37.32
2516,新建,2023/03/10,499.5,3.47,-18.11
1783,和康生,2023/03/05,42.16,3.45,-2.52
2104,國際中橡,2023/03/10,1597.09,3.36,5.06
5212,凌網,2023/03/10,49.4,3.32,8.58
9925,新保,2023/03/09,645.16,3.26,4.73
6023,元大期,2023/03/07,272.18,3.26,35.01
5432,新門,2023/03/09,14.08,3.17,24.66
1535,中宇,2023/03/07,627.49,3.15,-1.03
1440,南紡,2023/03/09,2006.31,3.12,44.12
8072,陞泰,2023/03/09,86.38,3.11,29.27
8489,三貝德,2023/03/10,107.66,3.03,5.61
2332,友訊,2023/03/10,1319.9,3.02,-8.02
4545,銘鈺,2023/03/10,212.03,2.94,18.1
2536,宏普,2023/03/08,14.64,2.89,-0.01
6184,大豐電,2023/03/09,169.71,2.88,1.22
1617,榮星,2023/03/10,261.3,2.88,72.18
1711,永光,2023/03/07,661.75,2.82,19.79
3048,益登,2023/03/08,7541.94,2.76,-6.9
8111,立碁,2023/03/06,64.34,2.73,2.42
7556,意德士,2023/03/08,46.56,2.61,28.39
6683,雍智科技,2023/03/06,120.66,2.59,0.48
3705,永信,2023/03/10,473.12,2.57,-24.15
8481,政伸,2023/03/09,89.44,2.57,17.37
3035,智原,2023/03/07,1077.25,2.53,0.21
3071,協禧,2023/03/09,200.5,2.52,6.05
6840,東研信超,2023/03/03,67.21,2.45,42.59
3551,世禾,2023/03/10,193.24,2.43,4.09
3324,雙鴻,2023/03/07,989.23,2.42,7.1
1781,合世,2023/03/08,32.23,2.35,-48.56
2035,唐榮,2023/03/08,1215.68,2.31,53.15
9931,欣高,2023/03/10,121.11,2.3,10.94
5007,三星,2023/03/09,521.81,2.29,8.19
1437,勤益控,2023/03/03,60.98,2.22,18.17
1506,正道,2023/03/07,86.58,2.17,-6.66
2945,三商家購,2023/03/10,1010.83,2.12,-13.8
4416,三圓,2023/03/08,8.03,2.12,-3.27
1906,寶隆,2023/03/06,312.57,2.12,85.18
2034,允強,2023/03/08,1237.27,2.09,10.77
3303,岱稜,2023/03/09,190.97,1.91,19.22
2103,台橡,2023/03/07,2656.54,1.9,3.5
2030,彰源,2023/03/09,1150.09,1.85,36.36
2419,仲琦,2023/03/02,851.26,1.79,-11.99
4160,創源,2023/03/10,38.71,1.79,4.12
8183,精星,2023/03/08,488.34,1.77,11.41
2428,興勤,2023/03/09,557.14,1.77,3.89
1760,寶齡富錦,2023/03/09,198.13,1.77,120.11
4148,全宇生技-KY,2023/03/07,217.22,1.63,30.76
6776,展碁國際,2023/03/06,1525.55,1.4,-8.99
3687,歐買尬,2023/03/09,116.17,1.37,-11.18
4741,泓瀚,2023/03/08,59.55,1.36,5.33
9926,新海,2023/03/09,210.04,1.35,-10.5
1402,遠東新,2023/03/10,19701.85,1.35,4.05
6496,科懋,2023/03/03,46.94,1.29,-20.33
6146,耕興,2023/03/06,410.08,1.29,-3.54
6670,復盛應用,2023/03/07,2024.78,1.12,-30.8
3362,先進光,2023/03/09,271.92,0.99,20.4
8354,冠好,2023/03/07,48.55,0.97,18.0
8435,鉅邁,2023/03/08,50.07,0.94,-20.42
2453,凌群,2023/03/08,380.07,0.83,-4.12
2506,太設,2023/03/09,51.68,0.78,-27.45
2356,英業達,2023/03/06,35837.6,0.71,-3.78
6577,勁豐,2023/03/07,127.51,0.66,-26.48
2397,友通,2023/03/02,1148.72,0.61,-5.12
4406,新昕纖,2023/03/06,38.53,0.57,83.51
1717,長興,2023/03/09,3292.78,0.54,33.57
1474,弘裕,2023/03/09,237.08,0.53,63.28
6523,達爾膚,2023/03/08,66.25,0.49,-18.67
5228,鈺鎧,2023/03/07,45.82,0.46,16.99
8032,光菱,2023/03/10,262.25,0.4,9.43
8404,百和興業-KY,2023/03/07,454.67,0.39,45.09
1604,聲寶,2023/03/09,635.16,0.35,-35.92
2616,山隆,2023/03/10,1335.3,0.34,6.58
5220,萬達光電,2023/03/09,72.46,0.34,3.52
9904,寶成,2023/03/10,18231.39,0.22,-26.49
8349,恒耀,2023/03/07,870.28,0.22,8.62
2642,宅配通,2023/03/10,307.58,0.2,-19.38
3577,泓格,2023/03/09,91.64,0.13,73.47
4183,福永生技,2023/03/09,29.62,0.08,-12.98
2338,光罩,2023/03/08,545.0,0.06,16.13
4958,臻鼎-KY,2023/03/06,9943.89,0.04,-20.35
6492,生華科,2023/03/07,0.08,0.0,1.2
4956,光鋐,2023/03/06,94.45,-0.03,3.55
6807,峰源-KY,2023/03/10,232.74,-0.04,-5.14
9943,好樂迪,2023/03/08,228.86,-0.06,-32.74
5474,聰泰,2023/03/10,87.11,-0.13,9.85
8933,愛地雅,2023/03/10,329.1,-0.15,-8.94
4121,優盛,2023/03/09,274.68,-0.21,-16.16
8084,巨虹,2023/03/10,85.46,-0.26,-15.81
5478,智冠,2023/03/10,495.66,-0.27,-26.29
8046,南電,2023/03/03,4109.48,-0.28,0.09
9944,新麗,2023/03/09,216.69,-0.31,39.51
2913,農林,2023/03/09,30.41,-0.32,-14.22
9910,豐泰,2023/03/07,6458.49,-0.42,1.48
1432,大魯閣,2023/03/09,94.61,-0.45,-23.89
8088,品安,2023/03/10,103.52,-0.47,-24.19
4106,雃博,2023/03/10,191.69,-0.63,-18.31
2489,瑞軒,2023/03/07,1113.17,-0.64,5.16
2911,麗嬰房,2023/03/09,242.03,-0.68,-31.5
8444,綠河-KY,2023/03/10,360.36,-0.7,36.08
8210,勤誠,2023/03/10,535.12,-0.71,26.8
4551,智伸科,2023/03/07,622.17,-0.71,7.16
6593,台灣銘板,2023/03/10,41.24,-0.75,14.44
2027,大成鋼,2023/03/09,8925.02,-0.78,-9.86
2375,凱美,2023/03/06,411.43,-0.78,49.48
8374,羅昇,2023/03/02,251.1,-0.78,2.67
5601,台聯櫃,2023/03/06,6.96,-0.83,1.4
3040,遠見,2023/03/09,11.88,-0.87,-12.56
2013,中鋼構,2023/03/07,1218.23,-0.94,-32.81
6532,瑞耘,2023/03/06,40.5,-0.96,-12.63
2486,一詮,2023/03/03,377.81,-0.98,17.99
6151,晉倫,2023/03/09,135.62,-0.98,17.71
2221,大甲,2023/03/10,106.95,-1.05,8.76
4577,達航,2023/03/10,94.61,-1.06,35.76
3684,榮昌,2023/03/09,81.0,-1.14,-3.53
2836,高雄銀,2023/03/08,281.01,-1.15,-8.14
3036,文曄,2023/03/09,32119.08,-1.18,-34.45
2493,揚博,2023/03/09,273.97,-1.32,3.36
2374,佳能,2023/03/08,245.76,-1.33,-18.58
1217,愛之味,2023/03/10,308.66,-1.35,-31.09
2472,立隆電,2023/03/07,690.0,-1.38,14.68
3665,貿聯-KY,2023/03/06,4008.44,-1.47,-1.67
2347,聯強,2023/03/07,26084.15,-1.5,-7.13
3338,泰碩,2023/03/09,280.51,-1.52,15.96
1712,興農,2023/03/10,1526.68,-1.53,-18.75
5607,遠雄港,2023/03/09,227.62,-1.53,7.53
6668,中揚光,2023/03/10,72.07,-1.6,-3.21
6294,智基,2023/03/09,72.89,-1.63,7.79
3694,海華,2023/03/10,617.79,-1.67,-6.83
6155,鈞寶,2023/03/09,48.08,-1.68,16.11
8455,大拓-KY,2023/03/10,127.38,-1.72,7.42
3171,新洲,2023/03/10,117.12,-1.74,8.71
3623,富晶通,2023/03/08,28.39,-1.76,-21.23
9105,泰金寶-DR,2023/03/09,11015.42,-1.93,3.41
3163,波若威,2023/03/08,189.66,-2.07,-1.83
1611,中電,2023/03/03,99.4,-2.08,-5.34
3008,大立光,2023/03/05,2565.34,-2.11,-21.37
3607,谷崧,2023/03/10,192.67,-2.19,26.95
6156,松上,2023/03/10,272.67,-2.22,33.38
4109,加捷生醫,2023/03/10,21.34,-2.23,-13.68
3430,奇鈦科,2023/03/10,99.24,-2.25,1.48
6126,信音,2023/03/08,263.31,-2.3,4.15
2106,建大,2023/03/10,2649.26,-2.3,13.45
6281,全國電,2023/03/08,1376.03,-2.32,-27.97
2722,夏都,2023/03/10,57.48,-2.34,-25.63
1326,台化,2023/03/07,28017.46,-2.44,9.54
3257,虹冠電,2023/03/06,50.49,-2.49,10.29
3682,亞太電,2023/03/10,978.97,-2.51,-5.23
1722,台肥,2023/03/09,1078.96,-2.55,-7.02
4417,金洲,2023/03/10,197.36,-2.55,-8.69
4939,亞電,2023/03/07,110.24,-2.56,47.22
5515,建國,2023/03/09,335.0,-2.61,-4.69
1560,中砂,2023/03/03,516.4,-2.69,9.78
4534,慶騰,2023/03/10,53.52,-2.72,31.79
5493,三聯,2023/03/10,268.04,-2.75,13.18
3090,日電貿,2023/03/06,821.9,-2.85,-4.54
2916,滿心,2023/03/07,110.77,-2.86,-53.3
6167,久正,2023/03/09,150.07,-2.87,10.23
1614,三洋電,2023/03/08,447.14,-2.99,-9.9
3147,大綜,2023/03/10,227.24,-3.06,-1.14
6224,聚鼎,2023/03/10,232.59,-3.08,17.81
6509,聚和,2023/03/09,314.92,-3.11,-27.69
3537,堡達,2023/03/08,190.93,-3.16,-11.1
6464,台數科,2023/03/10,343.36,-3.33,-2.3
3047,訊舟,2023/03/08,358.6,-3.38,-6.25
2613,中櫃,2023/03/09,219.17,-3.41,-5.82
8928,鉅明,2023/03/07,273.0,-3.5,-16.5
8114,振樺電,2023/03/10,710.64,-3.52,2.15
9938,百和,2023/03/07,1069.4,-3.55,37.21
8105,凌巨,2023/03/09,737.67,-3.57,-13.22
6270,倍微,2023/03/08,323.58,-3.6,-14.53
5381,合正,2023/03/10,19.9,-3.61,-8.42
3413,京鼎,2023/03/06,1075.52,-3.66,-8.5
5604,中連,2023/03/08,13.12,-3.76,-5.19
4128,中天,2023/03/02,105.52,-3.8,-24.29
2208,台船,2023/03/10,1543.37,-3.85,-33.92
2903,遠百,2023/03/10,2487.25,-3.9,-32.75
2355,敬鵬,2023/03/10,1212.2,-3.92,-11.29
2885,元大金,2023/03/07,7365.97,-3.92,-3.85
3231,緯創,2023/03/08,62066.82,-3.97,12.92
2312,金寶,2023/03/09,13203.29,-4.0,3.92
1789,神隆,2023/03/08,184.67,-4.02,-14.65
1340,勝悅-KY,2023/03/09,44.01,-4.05,278.0
5269,祥碩,2023/03/10,385.52,-4.05,10.4
2449,京元電子,2023/03/06,2497.8,-4.15,-2.59
2729,瓦城,2023/03/09,435.08,-4.15,-33.32
2062,橋椿,2023/03/07,541.93,-4.19,63.55
1773,勝一,2023/03/02,851.28,-4.41,15.25
4714,永捷,2023/03/10,69.68,-4.46,49.25
1323,永裕,2023/03/10,244.56,-4.52,0.64
3390,旭軟,2023/03/09,59.82,-4.55,9.15
6227,茂綸,2023/03/10,1122.42,-4.6,12.74
6108,競國,2023/03/10,460.3,-4.66,6.36
3663,鑫科,2023/03/08,190.52,-4.77,19.38
3541,西柏,2023/03/08,128.14,-4.78,27.02
5704,老爺知,2023/03/06,44.45,-4.88,-23.49
3003,健和興,2023/03/07,335.64,-4.9,1.37
2901,欣欣,2023/03/08,9.52,-4.94,-17.56
3710,連展投控,2023/03/10,394.26,-4.98,22.78
6695,芯鼎,2023/03/10,76.36,-5.0,16.66
2377,微星,2023/03/09,14111.27,-5.1,7.26
1810,和成,2023/03/10,405.55,-5.1,44.11
2476,鉅祥,2023/03/07,457.52,-5.12,8.64
2008,高興昌,2023/03/09,162.43,-5.19,11.87
9912,偉聯,2023/03/10,37.19,-5.2,-18.79
9919,康那香,2023/03/09,246.87,-5.57,-7.66
6642,富致,2023/03/06,33.98,-5.63,14.14
6404,通訊-KY,2023/03/10,0.5,-5.65,-9.24
2884,玉山金,2023/03/08,3613.65,-5.79,-42.39
4556,旭然,2023/03/09,40.02,-5.96,1.29
5244,弘凱,2023/03/06,63.41,-6.0,9.52
2548,華固,2023/03/06,784.83,-6.01,11.14
4706,大恭,2023/03/10,81.87,-6.02,36.65
6128,上福,2023/03/08,424.9,-6.06,-3.29
2643,捷迅,2023/03/08,329.97,-6.06,4.07
6542,隆中,2023/03/09,63.12,-6.06,-4.46
8066,來思達,2023/03/10,299.35,-6.1,13.49
3294,英濟,2023/03/10,291.52,-6.18,32.23
9934,成霖,2023/03/09,1491.32,-6.22,0.17
3546,宇峻,2023/03/08,120.23,-6.25,-20.29
2420,新巨,2023/03/07,152.5,-6.35,-19.52
1903,士紙,2023/03/09,13.02,-6.44,1.77
2468,華經,2023/03/10,123.54,-6.47,-14.98
4566,時碩工業,2023/03/09,362.28,-6.47,-8.14
2461,光群雷,2023/03/10,412.43,-6.55,-17.08
1454,台富,2023/03/07,112.57,-6.56,13.19
2612,中航,2023/03/09,281.29,-6.66,-11.57
3325,旭品,2023/03/10,100.62,-6.69,13.45
2301,光寶科,2023/03/07,10811.25,-6.72,1.24
3093,港建*,2023/03/08,140.89,-6.76,-5.79
2002,中鋼,2023/03/09,31254.51,-6.76,19.09
3483,力致,2023/03/08,463.24,-6.81,-18.39
4430,耀億,2023/03/09,158.21,-6.86,6.53
8403,盛弘,2023/03/10,242.32,-6.89,-22.41
6609,瀧澤科,2023/03/10,236.42,-6.9,-19.03
6164,華興,2023/03/06,49.67,-6.93,-8.72
3388,崇越電,2023/03/10,580.17,-7.02,19.38
2329,華泰,2023/03/07,1031.83,-7.1,5.69
2327,國巨,2023/03/08,8588.05,-7.13,1.0
2031,新光鋼,2023/03/08,1179.5,-7.17,44.53
6221,晉泰,2023/03/09,327.32,-7.2,-22.05
5450,南良,2023/03/10,187.8,-7.25,20.86
6761,穩得,2023/03/08,131.68,-7.39,-8.04
9958,世紀鋼,2023/03/09,758.7,-7.4,10.09
3679,新至陞,2023/03/09,214.22,-7.47,17.78
2211,長榮鋼,2023/03/10,853.55,-7.52,67.7
2851,中再保,2023/03/10,1720.58,-7.62,-10.99
4303,信立,2023/03/09,22.68,-7.67,21.34
6290,良維,2023/03/10,460.85,-7.68,-11.53
3296,勝德,2023/03/10,100.54,-7.77,-21.2
1434,福懋,2023/03/06,2460.97,-7.81,-0.19
6276,安鈦克,2023/03/10,86.99,-7.87,18.9
3149,正達,2023/03/08,111.03,-7.9,-3.32
9928,中視,2023/03/09,51.15,-7.96,-39.81
2382,廣達,2023/03/09,83351.19,-8.09,-7.46
5410,國眾,2023/03/10,232.14,-8.18,-24.9
3083,網龍,2023/03/10,24.51,-8.19,-41.18
3675,德微,2023/03/02,143.6,-8.39,1.95
6282,康舒,2023/03/08,1571.0,-8.39,-12.56
8916,光隆,2023/03/10,502.99,-8.43,-2.89
2430,燦坤,2023/03/08,1528.68,-8.47,-25.25
2939,凱羿-KY,2023/03/10,18.56,-8.5,-3.04
1537,廣隆,2023/03/07,362.04,-8.64,-26.1
8478,東哥遊艇,2023/03/09,283.91,-8.65,-30.63
6216,居易,2023/03/10,66.86,-8.66,97.87
4736,泰博,2023/03/08,439.98,-8.69,-35.64
2492,華新科,2023/03/09,2581.86,-8.71,4.86
3252,海灣,2023/03/10,47.59,-8.71,-1.78
2009,第一銅,2023/03/09,199.42,-8.72,21.36
4987,科誠,2023/03/09,97.5,-8.76,37.53
3711,日月光投控,2023/03/09,39984.57,-8.77,-11.4
6486,互動,2023/03/02,104.69,-8.78,6.73
6165,浪凡,2023/03/10,201.1,-8.8,-9.89
2736,富野,2023/03/10,67.25,-8.86,-5.14
3206,志豐,2023/03/08,183.0,-8.86,-39.3
2464,盟立,2023/03/10,749.46,-8.99,2.45
3357,臺慶科,2023/03/08,385.08,-8.99,0.4
6220,岳豐,2023/03/10,662.54,-9.02,2.21
4711,永純,2023/03/08,85.19,-9.08,85.85
4108,懷特,2023/03/10,8.71,-9.15,-0.25
8074,鉅橡,2023/03/08,81.0,-9.17,8.78
3010,華立,2023/03/10,4720.8,-9.28,0.15
6226,光鼎,2023/03/07,44.48,-9.54,10.12
2233,宇隆,2023/03/09,236.44,-9.7,0.16
6491,晶碩,2023/03/02,443.34,-9.72,-11.12
3529,力旺,2023/03/06,213.44,-9.72,-45.87
6182,合晶,2023/03/08,893.99,-9.77,-1.23
3434,哲固,2023/03/10,43.46,-9.8,50.49
8431,匯鑽科,2023/03/10,77.26,-9.8,62.63
1725,元禎,2023/03/06,613.63,-9.87,14.23
6271,同欣電,2023/03/09,961.19,-10.01,-1.05
4584,君帆,2023/03/09,69.6,-10.04,19.13
3455,由田,2023/03/10,127.52,-10.26,-11.13
2547,日勝生,2023/03/09,387.89,-10.43,6.72
1709,和益,2023/03/09,695.86,-10.45,-5.88
2431,聯昌,2023/03/10,67.99,-10.48,78.44
4930,燦星網,2023/03/09,422.88,-10.5,-19.72
4915,致伸,2023/03/06,4533.64,-10.57,12.12
8044,網家,2023/03/10,3307.0,-10.61,-6.99
3563,牧德,2023/03/02,182.99,-10.62,12.17
8923,時報,2023/03/10,27.63,-10.65,-20.01
8131,福懋科,2023/03/06,734.28,-10.67,-1.24
5289,宜鼎,2023/03/06,679.72,-10.7,-6.16
3322,建舜電,2023/03/10,172.61,-10.78,12.81
6449,鈺邦,2023/03/06,181.85,-10.89,8.99
6269,台郡,2023/03/07,2508.4,-10.95,-19.01
3265,台星科,2023/03/10,273.15,-10.96,-1.37
4555,氣立,2023/03/07,124.41,-10.97,66.59
3152,璟德,2023/03/06,105.06,-11.01,4.3
1468,昶和,2023/03/08,74.18,-11.06,-33.92
4561,健椿,2023/03/06,96.39,-11.18,102.46
5013,強新,2023/03/07,569.16,-11.21,48.05
4583,台灣精銳,2023/03/07,228.7,-11.22,40.03
6188,廣明,2023/03/06,802.73,-11.26,-5.11
3021,鴻名,2023/03/10,253.89,-11.42,8.85
2239,英利-KY,2023/03/10,1223.16,-11.49,-36.55
3310,佳穎,2023/03/08,102.72,-11.51,-14.37
3441,聯一光,2023/03/10,27.24,-11.54,34.84
3373,熱映,2023/03/10,36.65,-11.59,-34.63
2317,鴻海,2023/03/05,402035.37,-11.65,-39.12
2010,春源,2023/03/10,1606.58,-11.73,30.81
2024,志聯,2023/03/10,83.74,-11.79,51.24
1321,大洋,2023/03/08,441.56,-11.79,11.38
4764,雙鍵,2023/03/10,162.19,-11.9,7.09
2352,佳世達,2023/03/03,15735.89,-11.94,-0.36
4991,環宇-KY,2023/03/08,78.73,-11.98,75.59
6121,新普,2023/03/03,6364.46,-12.0,5.48
8163,達方,2023/03/06,1835.58,-12.03,-2.92
3044,健鼎,2023/03/09,4643.87,-12.07,-0.38
3543,州巧,2023/03/10,195.48,-12.07,-12.23
2102,泰豐,2023/03/03,89.97,-12.14,-5.93
1736,喬山,2023/03/07,2087.74,-12.15,0.74
1315,達新,2023/03/10,117.99,-12.21,-51.14
6569,醫揚,2023/03/08,106.06,-12.24,8.26
6118,建達,2023/03/10,613.96,-12.29,-8.63
8076,伍豐,2023/03/10,139.61,-12.29,-42.62
3128,昇銳,2023/03/10,60.86,-12.3,-43.91
1612,宏泰,2023/03/06,415.69,-12.34,-4.3
2032,新鋼,2023/03/09,254.85,-12.37,21.05
6510,精測,2023/03/03,223.0,-12.38,3.11
4760,勤凱,2023/03/06,70.77,-12.4,27.02
1463,強盛,2023/03/10,32.33,-12.41,34.31
2460,建通,2023/03/07,185.16,-12.42,48.87
5016,松和,2023/03/10,165.24,-12.46,9.88
5340,建榮,2023/03/08,98.96,-12.48,-9.55
2022,聚亨,2023/03/10,664.81,-12.53,45.66
2393,億光,2023/03/06,1403.78,-12.57,-0.42
6525,捷敏-KY,2023/03/06,357.8,-12.61,6.37
5364,力麗店,2023/03/10,35.04,-12.61,-16.43
2368,金像電,2023/03/08,1886.09,-12.63,-6.4
4167,松瑞藥,2023/03/07,62.3,-12.67,-19.32
8271,宇瞻,2023/03/06,550.81,-12.85,-0.57
2433,互盛電,2023/03/10,227.72,-12.87,-7.47
1526,日馳,2023/03/10,118.06,-12.88,5.73
5469,瀚宇博,2023/03/09,3219.24,-12.89,-1.39
5452,佶優,2023/03/06,455.48,-13.19,14.07
3227,原相,2023/03/07,357.36,-13.22,16.04
2357,華碩,2023/03/09,34853.83,-13.37,27.7
6183,關貿,2023/03/08,180.82,-13.38,-5.18
8011,台通,2023/03/10,125.38,-13.58,-2.69
2467,志聖,2023/03/08,315.13,-13.61,1.11
3617,碩天,2023/03/08,646.81,-13.69,-30.9
8464,億豐,2023/03/10,1848.7,-13.73,-0.13
3605,宏致,2023/03/10,623.05,-13.82,-6.21
6191,精成科,2023/03/09,1685.99,-13.83,6.86
6117,迎廣,2023/03/10,157.44,-13.86,6.69
3042,晶技,2023/03/06,812.13,-13.89,11.11
4532,瑞智,2023/03/07,1316.56,-13.92,16.17
8383,千附,2023/03/08,243.09,-13.94,-10.09
1583,程泰,2023/03/10,323.5,-14.03,16.41
1220,台榮,2023/03/09,178.57,-14.06,-3.73
6231,系微,2023/03/10,89.3,-14.08,-4.52
1301,台塑,2023/03/07,17688.19,-14.1,22.77
5905,南仁湖,2023/03/10,80.77,-14.14,-28.95
2250,IKKA-KY,2023/03/10,238.95,-14.14,5.78
9927,泰銘,2023/03/10,550.91,-14.25,-0.55
6274,台燿,2023/03/03,1255.32,-14.31,15.89
6412,群電,2023/03/03,2571.96,-14.34,-2.99
6292,迅德,2023/03/10,93.36,-14.4,-14.2
1409,新纖,2023/03/10,3143.43,-14.42,13.08
9933,中鼎,2023/03/09,6696.72,-14.44,-3.98
4804,大略-KY,2023/03/10,17.45,-14.47,-2.71
1304,台聚,2023/03/07,4507.16,-14.48,14.64
2340,台亞,2023/03/06,264.23,-14.5,1.11
2478,大毅,2023/03/10,369.32,-14.51,19.65
8071,能率網通,2023/03/09,162.67,-14.57,7.76
6213,聯茂,2023/03/05,2063.3,-14.59,5.46
2014,中鴻,2023/03/09,3212.57,-14.7,18.77
8929,富堡,2023/03/07,42.83,-14.8,-4.51
6233,旺玖,2023/03/07,26.81,-14.81,4.77
1599,宏佳騰,2023/03/10,166.21,-14.82,148.66
1305,華夏,2023/03/07,1338.69,-14.83,4.77
6781,AES-KY,2023/03/03,1022.7,-14.86,15.56
4919,新唐,2023/03/08,2975.67,-14.89,27.16
9921,巨大,2023/03/10,5690.7,-14.91,-2.36
1444,力麗,2023/03/10,691.15,-14.97,-3.03
2108,南帝,2023/03/06,856.1,-14.98,42.63
2323,中環,2023/03/10,534.61,-15.12,-5.52
1309,台達化,2023/03/07,1201.3,-15.13,21.89
3066,李洲,2023/03/07,12.3,-15.16,-27.57
5460,同協,2023/03/09,24.68,-15.22,-26.74
1815,富喬,2023/03/09,303.24,-15.27,-4.72
2425,承啟,2023/03/10,345.16,-15.29,11.04
1308,亞聚,2023/03/07,566.12,-15.32,24.7
5348,系通,2023/03/06,7.41,-15.33,-31.64
1597,直得,2023/03/10,99.78,-15.37,-4.05
2601,益航,2023/03/10,437.22,-15.43,-26.84
6168,宏齊,2023/03/09,173.62,-15.44,1.13
3037,欣興,2023/03/08,8071.85,-15.51,-17.89
1338,廣華-KY,2023/03/09,483.3,-15.57,26.18
2007,燁興,2023/03/09,457.38,-15.67,12.07
5285,界霖,2023/03/08,426.22,-15.69,3.51
5245,智晶,2023/03/10,91.12,-15.71,17.79
2012,春雨,2023/03/09,674.58,-15.86,14.07
1776,展宇,2023/03/09,101.5,-15.92,-1.89
3545,敦泰,2023/03/09,1053.04,-15.99,38.97
3624,光頡,2023/03/07,213.94,-16.01,3.52
5283,禾聯碩,2023/03/10,307.5,-16.09,4.16
1527,鑽全,2023/03/10,220.87,-16.14,-19.18
3450,聯鈞,2023/03/07,424.0,-16.19,3.7
4439,冠星-KY,2023/03/08,416.6,-16.24,6.2
2929,淘帝-KY,2023/03/09,99.58,-16.27,-43.59
3114,好德,2023/03/08,182.4,-16.35,-8.8
4927,泰鼎-KY,2023/03/06,1072.84,-16.39,-5.83
2481,強茂,2023/03/10,921.96,-16.41,8.63
3131,弘塑,2023/03/09,250.08,-16.47,0.92
2514,龍邦,2023/03/10,622.21,-16.64,71.5
2867,三商壽,2023/03/10,6746.74,-16.76,-42.03
6015,宏遠證,2023/03/07,126.94,-16.83,269.3
8358,金居,2023/03/09,582.58,-16.86,-6.29
1325,恒大,2023/03/10,33.3,-17.02,-5.1
8110,華東,2023/03/10,638.56,-17.14,13.08
1802,台玻,2023/03/09,3073.74,-17.25,15.56
4767,誠泰科技,2023/03/09,76.99,-17.28,-26.19
3374,精材,2023/03/10,411.91,-17.33,-8.22
1735,日勝化,2023/03/08,188.06,-17.34,46.67
6654,天正國際,2023/03/10,33.55,-17.36,67.48
5907,大洋-KY,2023/03/10,297.59,-17.38,-29.05
3073,天方能源,2023/03/07,2.54,-17.4,-10.56
2385,群光,2023/03/08,6863.31,-17.44,-3.18
3707,漢磊,2023/03/09,560.26,-17.55,-7.73
8201,無敵,2023/03/10,30.42,-17.68,-61.68
9949,琉園,2023/03/10,12.8,-17.68,-15.32
8906,花王,2023/03/09,12.37,-17.74,-34.14
5522,遠雄,2023/03/07,1694.69,-17.87,-22.93
6693,廣閎科,2023/03/06,90.22,-18.0,25.89
3224,三顧,2023/03/10,120.34,-18.04,-12.11
3630,新鉅科,2023/03/03,109.4,-18.14,23.13
6697,東捷資訊,2023/03/10,85.8,-18.15,-64.15
5543,桓鼎-KY,2023/03/08,204.67,-18.15,-17.1
2049,上銀,2023/03/06,2006.2,-18.24,38.61
3064,泰偉,2023/03/10,6.39,-18.26,-8.28
6835,圓裕,2023/03/10,138.76,-18.31,-31.89
2442,新美齊,2023/03/10,9.2,-18.39,0.99
6246,臺龍,2023/03/10,128.91,-18.47,15.34
3444,利機,2023/03/10,68.5,-18.51,16.9
4438,廣越,2023/03/08,785.08,-18.52,-18.82
1608,華榮,2023/03/09,730.69,-18.6,-7.67
2303,聯電,2023/03/06,16931.08,-18.64,-13.57
1710,東聯,2023/03/10,1900.47,-18.65,23.06
6257,矽格,2023/03/10,1169.59,-18.74,-0.59
2324,仁寶,2023/03/09,66983.4,-18.75,6.79
8059,凱碩,2023/03/07,89.62,-18.78,-9.69
6548,長科*,2023/03/06,889.74,-18.89,-10.16
2383,台光電,2023/03/03,2365.26,-18.94,7.64
1586,和勤,2023/03/03,153.69,-18.98,22.9
5306,桂盟,2023/03/10,425.0,-19.05,9.37
3597,映興,2023/03/06,57.72,-19.13,26.87
3556,禾瑞亞,2023/03/03,97.08,-19.15,-1.83
6190,萬泰科,2023/03/08,538.27,-19.16,13.41
3536,誠創,2023/03/08,21.66,-19.32,16.38
9924,福興,2023/03/10,473.15,-19.38,-33.07
6127,九豪,2023/03/09,60.61,-19.39,-5.32
3141,晶宏,2023/03/03,179.85,-19.39,-6.05
6239,力成,2023/03/07,5216.12,-19.52,4.31
3205,佰研,2023/03/10,33.63,-19.53,-2.79
4729,熒茂,2023/03/10,95.27,-19.56,-6.24
3526,凡甲,2023/03/08,139.18,-19.62,8.16
5498,凱崴,2023/03/10,82.72,-19.67,14.43
2069,運錩,2023/03/09,947.46,-19.69,-0.49
3518,柏騰,2023/03/08,33.4,-19.69,41.52
1785,光洋科,2023/03/10,1487.52,-19.74,-4.4
2497,怡利電,2023/03/06,219.76,-19.88,-20.69
2362,藍天,2023/03/09,1701.24,-19.98,-2.21
6158,禾昌,2023/03/01,115.71,-19.98,1.67
3312,弘憶股,2023/03/10,1187.87,-20.22,21.02
1460,宏遠,2023/03/10,644.7,-20.24,5.0
3706,神達,2023/03/09,2314.45,-20.48,-13.07
3669,圓展,2023/03/05,173.53,-20.51,32.58
1410,南染,2023/03/10,20.35,-20.59,22.88
6432,今展科,2023/03/07,77.32,-20.6,2.04
1342,八貫,2023/03/07,148.75,-20.62,-39.66
1582,信錦,2023/03/08,584.0,-20.69,16.23
1530,亞崴,2023/03/10,148.1,-20.7,-9.31
2369,菱生,2023/03/09,412.62,-20.71,10.02
3527,聚積,2023/03/07,159.28,-20.75,10.62
2535,達欣工,2023/03/09,1155.91,-20.77,27.57
4420,光明,2023/03/06,54.7,-20.85,15.21
8443,阿瘦,2023/03/10,88.13,-20.91,-30.47
2313,華通,2023/03/03,4001.68,-20.92,-18.47
2029,盛餘,2023/03/10,947.38,-21.01,22.65
2405,輔信,2023/03/10,124.04,-21.02,-15.73
1532,勤美,2023/03/10,957.22,-21.06,17.92
2426,鼎元,2023/03/08,169.14,-21.28,-1.51
3673,TPK-KY,2023/03/09,5365.46,-21.29,-2.26
2235,謚源,2023/03/09,31.64,-21.38,-5.6
3708,上緯投控,2023/03/08,528.2,-21.38,15.22
2498,宏達電,2023/03/06,251.29,-21.38,17.01
3317,尼克森,2023/03/07,180.01,-21.4,-9.34
6153,嘉聯益,2023/03/08,550.83,-21.49,-0.46
8342,益張,2023/03/06,93.67,-21.52,11.06
1466,聚隆,2023/03/10,165.73,-21.58,25.25
6512,啟發電,2023/03/09,17.51,-21.61,49.06
8070,長華*,2023/03/06,1330.24,-21.66,-5.39
6768,志強-KY,2023/03/07,802.66,-21.67,-28.63
8341,日友,2023/03/09,259.46,-21.69,-9.64
3260,威剛,2023/03/08,2493.04,-21.74,14.5
2908,特力,2023/03/08,2220.72,-21.75,-30.72
3211,順達,2023/03/05,1092.14,-21.8,-9.29
3557,嘉威,2023/03/09,413.14,-21.89,-32.39
5392,能率,2023/03/10,657.65,-21.89,8.67
3376,新日興,2023/03/09,522.65,-21.92,-18.36
2483,百容,2023/03/03,135.61,-21.97,-2.1
5371,中光電,2023/03/09,3130.47,-21.99,9.9
3014,聯陽,2023/03/08,375.67,-22.0,-14.51
2387,精元,2023/03/08,1331.02,-22.02,9.63
5291,邑昇,2023/03/10,87.82,-22.19,11.6
4961,天鈺,2023/03/02,1309.54,-22.25,14.29
6516,勤崴國際,2023/03/06,38.62,-22.36,4.66
1727,中華化,2023/03/09,147.73,-22.4,10.32
5223,安力-KY,2023/03/10,99.13,-22.54,-19.0
2466,冠西電,2023/03/10,47.28,-22.58,21.37
6485,點序,2023/03/07,136.23,-22.7,28.65
2380,虹光,2023/03/06,131.65,-22.71,5.65
5512,力麒,2023/03/10,379.15,-22.83,-6.03
3217,優群,2023/03/09,177.99,-22.86,-4.08
1708,東鹼,2023/03/07,525.02,-22.93,20.64
4971,IET-KY,2023/03/07,53.27,-22.98,1.47
1595,川寶,2023/03/07,122.08,-23.19,10.81
2025,千興,2023/03/09,102.53,-23.23,174.06
2417,圓剛,2023/03/05,226.5,-23.24,22.02
2451,創見,2023/03/10,804.02,-23.24,5.02
4576,大銀微系統,2023/03/07,171.82,-23.28,8.53
3321,同泰,2023/03/03,108.26,-23.38,32.64
6823,濾能,2023/03/10,43.07,-23.47,-41.02
4744,皇將,2023/03/08,32.64,-23.53,25.64
2511,太子,2023/03/03,980.36,-23.77,52.62
6651,全宇昕,2023/03/09,94.88,-23.81,-9.12
2017,官田鋼,2023/03/10,194.96,-23.91,-9.3
2064,晉椿,2023/03/10,116.41,-23.97,10.87
8039,台虹,2023/03/06,431.26,-23.98,5.18
6530,創威,2023/03/07,13.44,-23.99,-10.72
2358,廷鑫,2023/03/10,83.89,-23.99,-1.81
6024,群益期,2023/03/07,164.44,-24.06,21.71
2607,榮運,2023/03/10,990.27,-24.16,-0.77
1443,立益物流,2023/03/09,49.07,-24.21,-7.71
8042,金山電,2023/03/10,226.87,-24.23,20.54
2454,聯發科,2023/03/10,30309.64,-24.28,35.41
1455,集盛,2023/03/08,581.92,-24.31,32.94
3521,鴻翊,2023/03/09,16.97,-24.43,-37.23
6174,安碁,2023/03/08,34.92,-24.45,-29.41
2726,雅茗-KY,2023/03/10,53.44,-24.47,-14.06
4127,天良,2023/03/08,34.08,-24.48,-30.08
8155,博智,2023/03/09,228.35,-24.55,-5.55
6672,騰輝電子-KY,2023/03/06,383.69,-24.63,6.03
5438,東友,2023/03/10,73.71,-24.79,-5.72
8482,商億-KY,2023/03/10,218.28,-24.88,-38.66
2321,東訊,2023/03/10,59.21,-25.03,2.77
5234,達興材料,2023/03/03,282.82,-25.07,-9.75
1314,中石化,2023/03/10,1671.64,-25.13,46.43
4755,三福化,2023/03/03,369.25,-25.19,3.22
8433,弘帆,2023/03/09,139.1,-25.3,-42.84
2109,華豐,2023/03/09,338.7,-25.37,6.78
2241,艾姆勒,2023/03/03,57.86,-25.38,13.79
4707,磐亞,2023/03/08,95.59,-25.57,2.27
5225,東科-KY,2023/03/03,605.95,-25.68,10.36
4510,高鋒,2023/03/09,117.17,-25.69,1.16
6154,順發,2023/03/09,307.03,-25.74,-11.53
3287,廣寰科,2023/03/08,25.79,-25.79,-32.39
4933,友輝,2023/03/08,145.96,-25.88,34.72
3702,大聯大,2023/03/10,45293.69,-25.9,2.79
4722,國精化,2023/03/07,251.11,-26.09,54.28
2441,超豐,2023/03/07,1000.64,-26.15,19.56
1414,東和,2023/03/07,48.82,-26.36,38.74
4739,康普,2023/03/08,528.7,-26.37,9.48
4994,傳奇,2023/03/07,128.36,-26.39,0.79
3028,增你強,2023/03/10,2480.65,-26.43,26.43
1467,南緯,2023/03/10,362.47,-26.46,-0.82
4908,前鼎,2023/03/10,54.41,-26.56,6.75
1303,南亞,2023/03/07,21842.84,-26.76,7.65
2342,茂矽,2023/03/10,126.55,-26.81,-6.01
4554,橙的,2023/03/10,24.38,-26.94,48.76
4440,宜新實業,2023/03/07,92.9,-26.98,26.24
3297,杭特,2023/03/07,10.27,-26.99,18.72
5344,立衛,2023/03/06,15.56,-27.07,-8.61
1733,五鼎,2023/03/08,135.34,-27.1,-4.07
6834,天二科技,2023/03/08,70.48,-27.17,10.0
6264,富裔,2023/03/10,22.04,-27.27,-61.06
6173,信昌電,2023/03/06,285.67,-27.31,4.78
5236,凌陽創新,2023/03/03,113.51,-27.41,12.4
1568,倉佑,2023/03/09,101.47,-27.48,-10.09
3189,景碩,2023/03/06,2109.8,-27.5,-0.6
8043,蜜望實,2023/03/08,373.42,-27.8,-18.84
1476,儒鴻,2023/03/08,2000.86,-27.82,-4.9
6411,晶焱,2023/03/10,203.62,-27.92,9.19
1517,利奇,2023/03/09,216.17,-27.94,33.36
6175,立敦,2023/03/07,253.65,-27.95,2.83
4735,豪展,2023/03/06,60.03,-27.96,-34.97
8092,建暐,2023/03/10,30.29,-27.98,20.0
2704,國賓,2023/03/10,92.28,-28.27,-53.49
6114,久威,2023/03/08,98.69,-28.32,12.81
6170,統振,2023/03/08,172.06,-28.37,-11.1
4968,立積,2023/03/03,180.4,-28.43,-18.13
8182,加高,2023/03/10,159.96,-28.51,-9.97
4972,湯石照明,2023/03/02,43.01,-28.66,10.11
9935,慶豐富,2023/03/08,245.94,-28.78,-34.37
3016,嘉晶,2023/03/09,345.07,-28.97,-9.43
5489,彩富,2023/03/08,120.77,-29.01,4.24
2415,錩新,2023/03/21,143.05,-29.01,-15.23
8450,霹靂,2023/03/10,27.27,-29.23,-22.28
3363,上詮,2023/03/10,80.11,-29.24,-29.5
3567,逸昌,2023/03/10,24.05,-29.28,-0.2
2458,義隆,2023/03/06,789.46,-29.32,-3.09
6799,來頡,2023/03/06,71.4,-29.37,1.08
3481,群創,2023/03/09,15493.6,-29.41,23.0
1531,高林股,2023/03/09,126.97,-29.47,20.13
2611,志信,2023/03/10,43.91,-29.49,34.91
2023,燁輝,2023/03/10,5370.44,-29.55,1.7
3221,台嘉碩,2023/03/08,156.11,-29.69,-6.76
3339,泰谷,2023/03/09,42.6,-29.88,11.68
6176,瑞儀,2023/03/08,2860.79,-29.96,-11.49
8935,邦泰,2023/03/07,57.82,-29.97,-10.0
3226,至寶電,2023/03/09,132.9,-30.1,16.6
5519,隆大,2023/03/09,106.56,-30.11,55.63
6792,詠業,2023/03/07,92.42,-30.16,-5.76
5015,華祺,2023/03/03,141.07,-30.18,43.35
1457,宜進,2023/03/09,258.24,-30.22,22.03
8438,昶昕,2023/03/08,247.59,-30.26,-3.12
2316,楠梓電,2023/03/10,260.15,-30.47,0.24
5215,科嘉-KY,2023/03/10,124.4,-30.49,7.82
8034,榮群,2023/03/10,8.64,-30.66,1.1
4513,福裕,2023/03/10,77.76,-30.74,-12.56
4528,江興鍛,2023/03/06,150.4,-30.77,0.89
4960,誠美材,2023/03/10,581.43,-30.77,1.3
3323,加百裕,2023/03/03,525.27,-30.85,17.63
8418,捷必勝-KY,2023/03/09,106.04,-31.05,6.38
7402,邑錡,2023/03/06,34.13,-31.11,109.07
3059,華晶科,2023/03/10,723.74,-31.29,-7.76
6574,霈方,2023/03/10,40.03,-31.42,0.94
9946,三發地產,2023/03/10,60.06,-31.46,220.0
8150,南茂,2023/03/10,1437.31,-31.46,8.06
8103,瀚荃,2023/03/09,175.12,-31.49,-17.65
2331,精英,2023/03/10,1294.68,-31.55,-16.09
1436,華友聯,2023/03/07,2.88,-31.63,105.56
3259,鑫創,2023/03/08,23.8,-31.68,-38.23
6113,亞矽,2023/03/09,125.37,-31.77,54.1
4951,精拓科,2023/03/08,33.93,-31.84,0.17
2641,正德,2023/03/10,75.64,-31.89,-9.88
6477,安集,2023/03/08,158.09,-31.91,94.99
6283,淳安,2023/03/10,75.9,-31.92,39.52
2379,瑞昱,2023/03/08,6196.61,-31.94,12.85
6716,應廣,2023/03/07,52.16,-31.98,14.99
3508,位速,2023/03/07,57.25,-32.19,-14.14
6147,頎邦,2023/03/07,1403.8,-32.19,-1.91
3530,晶相光,2023/03/02,122.62,-32.37,-12.45
3609,三一東林,2023/03/10,42.02,-32.39,-12.15
1423,利華,2023/03/09,8.36,-32.49,-1.01
8081,致新,2023/03/10,530.88,-32.61,-5.18
8021,尖點,2023/03/10,194.31,-32.63,-12.32
3051,力特,2023/03/08,152.64,-32.67,7.97
6265,方土昶,2023/03/07,66.72,-32.69,10.65
2484,希華,2023/03/08,163.97,-32.74,-27.49
1473,台南,2023/03/10,509.24,-32.78,-37.05
8040,九暘,2023/03/06,67.62,-32.82,-17.78
6141,柏承,2023/03/10,158.0,-33.06,24.85
6629,泰金-KY,2023/03/06,73.01,-33.12,-15.5
5345,天揚,2023/03/03,0.31,-33.19,-49.09
5274,信驊,2023/03/06,223.11,-33.2,1.2
6782,視陽,2023/03/08,142.12,-33.21,-26.22
2344,華邦電,2023/03/08,5746.02,-33.23,17.61
3360,尚立,2023/03/09,642.37,-33.59,-6.29
4905,台聯電,2023/03/09,3.02,-33.74,-55.79
3703,欣陸,2023/03/10,2136.27,-33.84,2.12
4999,鑫禾,2023/03/08,135.89,-33.85,25.66
4942,嘉彰,2023/03/09,482.14,-33.92,5.84
3209,全科,2023/03/09,2554.73,-33.96,-57.91
6204,艾華,2023/03/08,19.26,-33.97,12.99
6144,得利影,2023/03/09,14.34,-34.09,-20.09
2059,川湖,2023/03/06,301.53,-34.17,-24.4
8101,華冠,2023/03/10,20.96,-34.24,-5.39
6101,寬魚國際,2023/03/06,26.52,-34.37,-87.05
6120,達運,2023/03/08,1128.6,-34.47,32.59
6732,昇佳電子,2023/03/07,262.53,-34.82,4.32
3034,聯詠,2023/03/06,7641.45,-34.83,5.79
3041,揚智,2023/03/10,165.54,-34.88,102.13
6207,雷科,2023/03/08,59.7,-34.96,-17.42
9955,佳龍,2023/03/08,84.2,-35.05,0.93
8437,大地-KY,2023/03/08,27.2,-35.15,77.67
6552,易華電,2023/03/08,114.41,-35.22,12.56
5210,寶碩,2023/03/10,16.96,-35.58,-15.98
6180,橘子,2023/03/09,855.15,-35.78,-28.29
3276,宇環,2023/03/10,89.92,-35.81,49.03
2353,宏碁,2023/03/10,14678.09,-35.92,7.67
6789,采鈺,2023/03/10,488.5,-35.97,-6.92
3230,錦明,2023/03/10,52.75,-36.03,45.51
3060,銘異,2023/03/08,180.01,-36.1,1.1
8213,志超,2023/03/10,1309.58,-36.19,-9.73
6435,大中,2023/03/06,178.54,-36.49,3.3
6616,特昇-KY,2023/03/10,73.29,-36.62,7.16
2474,可成,2023/03/06,1077.56,-36.7,-8.74
3081,聯亞,2023/03/03,94.93,-36.77,-7.08
3523,迎輝,2023/03/09,9.65,-36.94,-34.46
2436,偉詮電,2023/03/06,177.97,-37.24,10.89
4568,科際精密,2023/03/08,55.31,-37.28,-26.98
2409,友達,2023/03/09,16052.41,-37.45,0.64
1451,年興,2023/03/07,399.57,-37.76,-28.39
4912,聯德控股-KY,2023/03/08,254.86,-37.91,-8.84
2438,翔耀,2023/03/07,10.23,-38.04,144.54
3349,寶德,2023/03/10,22.32,-38.16,-35.68
8299,群聯,2023/03/10,3274.87,-38.3,13.78
3504,揚明光,2023/03/09,208.02,-38.39,-4.75
2406,國碩,2023/03/10,356.87,-38.48,3.93
3642,駿熠電,2023/03/06,11.49,-38.51,36.53
6171,大城地產,2023/03/07,12.8,-38.86,
1569,濱川,2023/03/09,249.7,-39.29,-17.98
4923,力士,2023/03/08,63.73,-39.31,7.13
1413,宏洲,2023/03/09,159.37,-39.39,26.77
6261,久元,2023/03/09,255.97,-39.46,-18.44
1459,聯發,2023/03/10,107.22,-39.54,47.73
3379,彬台,2023/03/09,20.95,-39.6,-29.35
3086,華義,2023/03/10,9.07,-39.66,-7.33
6829,千附精密,2023/03/08,103.86,-39.69,37.6
3631,晟楠,2023/03/10,4.51,-39.77,-33.01
1435,中福,2023/03/08,0.73,-39.77,-1.49
8240,華宏,2023/03/08,475.04,-39.88,-2.89
6287,元隆,2023/03/09,92.13,-39.95,6.52
2348,海悅,2023/03/07,201.71,-40.1,48.45
4560,強信-KY,2023/03/08,90.7,-40.13,48.63
6215,和椿,2023/03/09,94.9,-40.46,37.95
5490,同亨,2023/03/02,60.94,-40.49,168.98
4131,晶宇,2023/03/09,3.42,-40.51,-58.71
3122,笙泉,2023/03/08,23.97,-40.53,34.24
8112,至上,2023/03/06,8557.45,-40.53,26.79
4188,安克,2023/03/10,3.09,-40.81,8.43
5443,均豪,2023/03/10,175.27,-40.97,-31.47
3490,單井,2023/03/09,30.81,-40.98,11.32
3092,鴻碩,2023/03/09,157.07,-41.04,-4.56
3169,亞信,2023/03/09,61.02,-41.12,-0.14
2488,漢平,2023/03/10,75.04,-41.22,-45.57
6743,安普新,2023/03/10,240.48,-41.26,-21.68
3548,兆利,2023/03/07,387.81,-41.29,5.08
2401,凌陽,2023/03/10,396.4,-41.29,22.43
5347,世界,2023/03/09,2484.15,-41.48,-22.43
6229,研通,2023/03/10,74.94,-41.52,26.86
1519,華城,2023/03/10,306.96,-41.54,66.81
6640,均華,2023/03/10,70.09,-41.59,-0.36
5202,力新,2023/03/07,5.87,-41.74,-39.31
3049,和鑫,2023/03/05,106.99,-41.76,24.01
8477,創業家,2023/03/06,116.22,-42.08,-7.87
6415,矽力*-KY,2023/03/10,1093.7,-42.14,6.23
8086,宏捷科,2023/03/02,104.95,-42.31,-11.56
3714,富采,2023/03/06,1464.44,-42.32,14.42
5471,松翰,2023/03/07,175.61,-42.35,8.64
8016,矽創,2023/03/07,1057.55,-42.38,1.35
4401,東隆興,2023/03/10,196.3,-42.39,37.02
2434,統懋,2023/03/10,3.21,-42.67,-1.77
4558,寶緯,2023/03/10,83.91,-42.73,-2.65
1452,宏益,2023/03/02,84.18,-42.73,23.18
6138,茂達,2023/03/06,340.71,-42.82,2.87
2337,旺宏,2023/03/07,2068.62,-42.91,-6.47
3085,新零售,2023/03/10,6.76,-42.98,7.16
2637,慧洋-KY,2023/03/03,924.1,-43.09,-30.69
3006,晶豪科,2023/03/07,889.85,-43.11,12.97
4807,日成-KY,2023/03/10,59.41,-43.14,-24.4
3030,德律,2023/03/01,285.69,-43.2,11.97
6588,東典光電,2023/03/08,9.2,-43.22,24.1
3002,歐格,2023/03/07,28.63,-43.24,-40.99
6494,九齊,2023/03/09,93.42,-43.43,54.6
8261,富鼎,2023/03/06,197.37,-43.91,0.83
6581,鋼聯,2023/03/06,103.04,-44.11,-32.56
6770,力積電,2023/03/07,3690.92,-44.25,-6.14
8936,國統,2023/03/10,162.12,-44.4,-35.54
6206,飛捷,2023/03/08,243.86,-44.47,-9.01
6457,紘康,2023/03/08,48.24,-44.58,42.72
3305,昇貿,2023/03/10,483.32,-44.77,5.66
8941,關中,2023/03/08,142.73,-45.0,-22.45
6405,悅城,2023/03/09,21.94,-45.09,58.08
4721,美琪瑪,2023/03/09,201.31,-45.09,-14.39
6210,慶生,2023/03/10,26.59,-45.31,-3.92
5487,通泰,2023/03/08,14.48,-45.4,2.14
3484,崧騰,2023/03/08,263.09,-45.82,0.68
4155,訊映,2023/03/07,54.76,-45.86,-62.48
3438,類比科,2023/03/10,58.22,-46.04,7.31
5534,長虹,2023/03/10,80.59,-46.07,-42.43
3268,海德威,2023/03/08,39.59,-46.21,-24.07
3625,西勝,2023/03/02,73.76,-46.37,25.3
6150,撼訊,2023/03/10,380.1,-46.42,-18.43
8024,佑華,2023/03/08,20.43,-46.51,113.44
3057,喬鼎,2023/03/10,38.35,-46.79,-0.77
5508,永信建,2023/03/01,177.27,-46.83,124.23
8499,鼎炫-KY,2023/03/10,109.08,-46.86,-25.0
3354,律勝,2023/03/10,6.65,-47.25,-16.29
8067,志旭,2023/03/10,7.26,-47.39,-4.06
2359,所羅門,2023/03/09,250.56,-47.55,-2.65
4432,銘旺實,2023/03/09,72.1,-47.59,-34.7
2465,麗臺,2023/03/08,209.88,-47.61,5.79
6161,捷波,2023/03/09,79.84,-47.73,4.53
5608,四維航,2023/03/07,249.73,-47.74,-23.35
6679,鈺太,2023/03/03,116.52,-47.82,28.21
6591,動力-KY,2023/03/10,98.14,-47.95,24.45
4946,辣椒,2023/03/10,3.0,-48.07,-20.43
6116,彩晶,2023/03/09,766.58,-48.24,-1.78
8429,金麗-KY,2023/03/10,5.04,-48.29,0.66
5609,中菲行,2023/03/06,1593.36,-48.29,-16.22
2724,富驛-KY,2023/03/09,2.14,-48.63,-7.08
3011,今皓,2023/03/09,70.4,-48.73,-14.64
8027,鈦昇,2023/03/03,103.54,-48.75,-9.06
6708,天擎,2023/03/09,10.79,-48.93,1.49
6735,美達科技,2023/03/09,15.39,-49.12,35.48
1310,台苯,2023/03/07,569.24,-49.23,-3.48
6278,台表科,2023/03/06,2941.77,-49.36,16.46
8096,擎亞,2023/03/07,1114.86,-49.36,23.58
6237,驊訊,2023/03/07,26.73,-49.8,-15.27
6546,正基,2023/03/09,150.8,-49.85,26.04
8083,瑞穎,2023/03/06,75.04,-49.88,24.76
6531,愛普*,2023/03/05,239.51,-50.27,18.05
5468,凱鈺,2023/03/09,7.69,-50.61,1.32
3592,瑞鼎,2023/03/08,1189.37,-50.74,2.09
5272,笙科,2023/03/06,28.93,-50.79,98.09
3105,穩懋,2023/03/06,857.65,-52.08,-1.7
5386,青雲,2023/03/06,133.4,-52.27,18.92
6596,寬宏藝術,2023/03/10,104.68,-52.59,76.58
3372,典範,2023/03/06,54.11,-53.54,8.98
6104,創惟,2023/03/06,179.87,-53.55,29.56
3686,達能,2023/03/09,2.91,-53.55,694.01
8089,康全電訊,2023/03/07,67.12,-53.64,40.67
6456,GIS-KY,2023/03/06,4354.39,-53.65,0.16
8466,美吉吉-KY,2023/03/06,123.1,-53.67,-27.72
3691,碩禾,2023/03/10,228.5,-53.8,-23.99
3188,鑫龍騰,2023/03/07,7.69,-53.98,-92.52
4564,元翎,2023/03/08,85.68,-54.21,-36.86
4945,陞達科技,2023/03/06,20.79,-54.81,-0.11
4935,茂林-KY,2023/03/07,294.49,-54.83,-14.06
3666,光耀,2023/03/03,52.7,-54.86,0.65
2891,中信金,2023/03/09,7601.96,-55.59,-7.52
8068,全達,2023/03/10,27.55,-55.87,12.95
3489,森寶,2023/03/06,27.08,-56.1,-69.17
4966,譜瑞-KY,2023/03/06,841.53,-56.45,-27.09
6719,力智,2023/03/07,237.65,-56.96,-10.12
6225,天瀚,2023/03/10,1.5,-57.14,-29.11
5299,杰力,2023/03/06,102.15,-57.75,-14.31
3588,通嘉,2023/03/07,70.19,-57.94,7.92
6426,統新,2023/03/10,23.6,-58.14,1.46
3437,榮創,2023/03/09,112.58,-58.17,-20.41
3645,達邁,2023/03/09,85.67,-58.79,8.02
3234,光環,2023/03/07,37.38,-58.84,-20.04
6425,易發,2023/03/10,35.53,-58.87,41.18
4952,凌通,2023/03/08,130.32,-58.91,13.07
2545,皇翔,2023/03/08,208.4,-59.2,-18.89
5302,太欣,2023/03/06,0.34,-59.26,-45.21
3219,倚強科,2023/03/10,44.53,-60.05,-28.57
1541,錩泰,2023/03/10,152.0,-60.28,-25.46
3228,金麗科,2023/03/01,29.5,-60.55,53.53
6756,威鋒電子,2023/03/06,114.75,-60.65,3.6
3465,進泰電子,2023/03/10,36.36,-60.76,3.45
4402,福大,2023/03/08,4.65,-61.55,-35.21
4171,瑞基,2023/03/10,13.26,-62.1,-42.71
2455,全新,2023/03/03,98.24,-62.58,-12.29
2882,國泰金,2023/03/10,13276.7,-62.71,-50.27
1515,力山,2023/03/09,146.64,-62.92,-34.29
6202,盛群,2023/03/08,263.12,-62.95,4.98
2107,厚生,2023/03/10,102.8,-63.39,20.05
8291,尚茂,2023/03/10,4.34,-63.45,18.25
5351,鈺創,2023/03/09,188.32,-64.03,13.34
6684,安格,2023/03/03,15.04,-64.23,-29.4
6187,萬潤,2023/03/09,72.46,-64.72,-2.54
2636,台驊投控,2023/03/08,977.71,-65.58,-17.97
2609,陽明,2023/03/10,11308.55,-65.99,-11.08
2603,長榮,2023/03/09,18680.18,-66.22,-28.82
8277,商丞,2023/03/08,9.18,-66.39,-75.96
5525,順天,2023/03/10,98.49,-66.89,-10.59
3167,大量,2023/03/10,68.82,-67.66,-38.66
2408,南亞科,2023/03/03,2026.43,-68.5,-9.99
8476,台境,2023/03/10,48.67,-68.77,-37.05
2888,新光金,2023/03/09,3309.31,-69.03,40.79
2910,統領,2023/03/10,37.5,-69.12,-8.26
2615,萬海,2023/03/10,7311.64,-69.12,-23.0
3629,地心引力,2023/03/10,3.38,-69.47,-10.93
4907,富宇,2023/03/06,0.05,-69.83,1.89
6582,申豐,2023/03/09,38.14,-71.85,-59.06
1439,雋揚,2023/03/10,13.55,-72.0,-69.81
3018,同開,2023/03/10,42.65,-72.08,-42.57
2477,美隆電,2023/03/09,57.26,-72.6,-63.45
4950,牧東,2023/03/10,1.53,-73.58,-80.78
6594,展匯科,2023/03/06,11.35,-74.35,-1.44
4702,中美實,2023/03/09,48.1,-75.41,-25.55
4944,兆遠,2023/03/10,9.04,-75.6,6.27
8080,永利聯合,2023/03/10,5.03,-76.04,-69.02
1539,巨庭,2023/03/09,51.68,-76.48,-43.0
6560,欣普羅,2023/03/10,12.92,-76.82,22.43
6674,鋐寶科技,2023/03/09,55.6,-77.69,-50.27
6706,惠特,2023/03/10,131.64,-78.25,0.26
2505,國揚,2023/03/06,66.29,-79.95,-30.85
2883,開發金,2023/03/09,2284.05,-81.29,-59.62
2881,富邦金,2023/03/10,7432.35,-82.32,-53.96
4157,太景*-KY,2023/03/08,1.17,-83.49,-58.42
3089,億杰,2023/03/10,2.01,-83.62,63.26
2524,京城,2023/03/09,55.97,-85.67,-49.66
2924,宏太-KY,2023/03/10,2.01,-85.81,-28.65
6222,上揚,2023/03/10,0.16,-85.85,-14.36
6198,瑞築,2023/03/10,0.02,-88.62,111.11
4413,飛寶企業,2023/03/10,7.33,-89.44,-90.75
4174,浩鼎,2023/03/09,0.07,-89.8,28.57
1591,駿吉-KY,2023/03/10,5.74,-91.17,0.58
2923,鼎固-KY,2023/03/10,202.22,-93.07,-93.76
2905,三商,2023/03/10,866.67,-94.33,-97.22
2491,吉祥全,2023/03/10,12.47,-94.55,2.87
6461,益得,2023/03/10,0.13,-96.57,-94.06
6219,富旺,2023/03/10,0.45,-96.58,2.71
6541,泰福-KY,2023/03/09,0.02,-97.37,-98.97
3115,富榮綱,2023/03/09,0.28,-98.7,350.79
1805,寶徠,2023/03/09,0.44,-99.07,-25.0
4113,聯上,2023/03/10,0.06,-99.73,-99.62
2537,聯上發,2023/03/08,0.17,-99.76,-99.18
1453,大將,2023/03/07,0.06,-99.92,0.0
5455,昇益,2023/03/09,0.18,-99.95,-3.14
6547,高端疫苗,2023/03/10,0.0,-100.0,
4712,南璋,2023/03/10,0.0,-100.0,
3313,斐成,2023/03/10,0.0,-100.0,-100.0
6550,北極星藥業-KY,2023/03/10,0.0,-100.0,-100.0
1438,三地開發,2023/03/10,150.18,,42.34
3715,定穎投控,2023/03/08,1137.99,,-0.63
4168,醣聯,2023/03/10,0.0,,-100.0
4806,昇華,2023/03/10,0.0,,
5206,坤悅,2023/03/08,587.06,,
