代號,名稱,rev_period,營收(百萬),yoy％,mom％
1101,台泥,* 2023/03,10183.69,2.13,39.39
1102,亞泥,* 2023/03,7037.14,-13.76,12.75
1103,嘉泥,* 2023/03,216.9,-1.61,2.77
1104,環泥,* 2023/03,680.25,14.99,15.0
1108,幸福,* 2023/03,409.0,18.34,13.06
1109,信大,* 2023/03,635.16,29.46,54.56
1110,東泥,* 2023/03,162.42,-9.25,-6.72
1201,味全,* 2023/03,1513.49,-4.81,1.58
1203,味王,* 2023/03,563.63,8.99,9.31
1210,大成,* 2023/03,8895.38,3.93,7.95
1213,大飲,* 2023/03,25.7,-15.96,-16.4
1215,卜蜂,* 2023/03,2389.17,-3.57,5.55
1216,統一,* 2023/03,43254.68,2.71,6.37
1217,愛之味,* 2023/03,395.73,2.55,28.21
1218,泰山,* 2023/03,891.94,-3.85,6.84
1219,福壽,* 2023/03,1487.41,-9.91,14.96
1220,台榮,* 2023/03,266.93,-6.58,49.48
1225,福懋油,* 2023/03,1354.37,5.85,2.13
1227,佳格,* 2023/03,1689.06,-24.91,19.53
1229,聯華,* 2023/03,959.02,-11.3,18.06
1231,聯華食,* 2023/03,830.68,2.51,12.25
1232,大統益,* 2023/03,2179.99,0.56,5.44
1233,天仁,* 2023/03,143.1,3.38,-6.79
1234,黑松,* 2023/03,727.33,13.95,-8.62
1235,興泰,* 2023/03,1.6,4.58,-6.43
1236,宏亞,* 2023/03,153.16,-6.59,39.0
1240,茂生農經,* 2023/03,277.28,1.06,15.93
1256,鮮活果汁-KY,* 2023/03,275.31,-17.38,0.15
1258,其祥-KY,* 2023/03,224.95,10.25,-2.14
1259,安心,* 2023/03,472.02,-0.62,8.22
1264,德麥,* 2023/03,445.2,4.56,16.05
1268,漢來美食,* 2023/03,307.55,-1.45,-15.66
1301,台塑,* 2023/03,20862.68,-21.2,17.95
1303,南亞,* 2023/03,27740.92,-25.03,27.0
1304,台聚,* 2023/03,5392.79,-5.92,19.65
1305,華夏,* 2023/03,1523.78,-17.44,13.83
1307,三芳,* 2023/03,1287.98,26.21,34.23
1308,亞聚,* 2023/03,746.53,4.54,31.87
1309,台達化,* 2023/03,1400.55,-14.63,16.59
1310,台苯,* 2023/03,733.24,-43.43,28.81
1312,國喬,* 2023/03,1399.62,-18.21,5.95
1313,聯成,* 2023/03,5972.9,-26.87,2.34
1314,中石化,* 2023/03,1998.32,-23.39,19.54
1315,達新,* 2023/03,220.46,-12.89,86.85
1316,上曜,* 2023/03,208.67,33.45,1.45
1319,東陽,* 2023/03,2029.73,7.38,5.1
1321,大洋,* 2023/03,553.5,-17.91,25.35
1323,永裕,* 2023/03,300.41,-19.21,22.84
1324,地球,* 2023/03,96.72,-3.13,25.92
1325,恒大,* 2023/03,49.84,19.01,49.67
1326,台化,* 2023/03,32581.68,-10.41,16.29
1336,台翰,* 2023/03,194.67,-0.39,-1.35
1337,再生-KY,* 2023/03,59.86,97.1,16.55
1338,廣華-KY,* 2023/03,574.43,-20.54,18.86
1339,昭輝,* 2023/03,175.51,9.15,1.8
1340,勝悅-KY,* 2023/03,35.83,-18.62,-18.59
1341,富林-KY,* 2023/03,332.71,-11.37,61.29
1342,八貫,* 2023/03,217.27,-1.07,46.06
1402,遠東新,* 2023/03,22288.67,-5.09,13.13
1409,新纖,* 2023/03,3927.3,-14.58,24.94
1410,南染,* 2023/03,35.13,-14.3,72.63
1413,宏洲,* 2023/03,254.33,-25.05,59.58
1414,東和,* 2023/03,64.06,4.71,31.22
1416,廣豐,* 2023/03,30.81,73.58,60.22
1417,嘉裕,* 2023/03,108.98,-26.39,-31.88
1418,東華,* 2023/03,3.69,15.31,9.5
1419,新紡,* 2023/03,300.02,1.95,16.76
1423,利華,* 2023/03,17.02,-41.59,103.59
1432,大魯閣,* 2023/03,117.93,35.12,24.65
1434,福懋,* 2023/03,3441.48,3.02,39.84
1435,中福,* 2023/03,1.02,-9.73,39.73
1436,華友聯,* 2023/03,413.8,82660.0,14268.06
1437,勤益控,* 2023/03,58.8,7.38,-3.57
1438,三地開發,* 2023/03,,,0.0
1439,雋揚,* 2023/03,89.76,177.81,562.44
1440,南紡,* 2023/03,2197.66,6.65,9.54
1441,大東,* 2023/03,161.11,-11.13,50.84
1442,名軒,* 2023/03,251.47,121.03,58.69
1443,立益物流,* 2023/03,65.8,-4.91,34.09
1444,力麗,* 2023/03,1052.45,1.23,52.28
1445,大宇,* 2023/03,142.42,14.28,17.89
1446,宏和,* 2023/03,19.02,55.01,107.42
1447,力鵬,* 2023/03,2850.65,-4.4,33.67
1449,佳和,* 2023/03,216.25,-18.0,3.96
1451,年興,* 2023/03,751.72,13.65,88.13
1452,宏益,* 2023/03,161.01,-16.58,91.27
1453,大將,* 2023/03,9.33,-82.41,15450.0
1454,台富,* 2023/03,161.8,-8.14,43.73
1455,集盛,* 2023/03,752.71,-33.94,29.35
1456,怡華,* 2023/03,22.25,-30.99,-31.92
1457,宜進,* 2023/03,381.98,-15.48,47.92
1459,聯發,* 2023/03,190.36,-20.03,77.54
1460,宏遠,* 2023/03,786.6,-18.02,22.01
1463,強盛,* 2023/03,58.81,11.47,81.91
1464,得力,* 2023/03,1176.54,3.21,28.8
1465,偉全,* 2023/03,60.52,10.16,16.95
1466,聚隆,* 2023/03,248.77,-22.05,50.11
1467,南緯,* 2023/03,397.46,-38.24,9.65
1468,昶和,* 2023/03,120.74,9.18,62.77
1470,大統新創,* 2023/03,84.65,-35.0,-2.71
1471,首利,* 2023/03,26.92,28.31,71.57
1472,三洋實業,* 2023/03,71.15,3.63,-33.34
1473,台南,* 2023/03,729.07,-5.18,43.17
1474,弘裕,* 2023/03,296.42,-15.26,25.03
1475,業旺,* 2023/03,77.73,-25.39,-30.13
1476,儒鴻,* 2023/03,3010.01,-19.19,50.44
1477,聚陽,* 2023/03,2906.05,13.68,9.51
1503,士電,* 2023/03,2829.01,2.52,7.59
1504,東元,* 2023/03,4843.3,-6.44,5.26
1506,正道,* 2023/03,112.75,15.83,30.23
1512,瑞利,* 2023/03,76.89,19.26,-22.25
1513,中興電,* 2023/03,2000.74,1.21,0.93
1514,亞力,* 2023/03,652.12,10.8,9.57
1515,力山,* 2023/03,223.12,-40.39,52.15
1516,川飛,* 2023/03,156.27,-26.12,-15.27
1517,利奇,* 2023/03,364.01,-28.95,68.39
1519,華城,* 2023/03,573.02,0.51,86.68
1521,大億,* 2023/03,457.73,3.38,20.04
1522,堤維西,* 2023/03,1731.39,-0.76,15.51
1524,耿鼎,* 2023/03,235.87,5.52,17.19
1525,江申,* 2023/03,153.58,20.46,8.3
1526,日馳,* 2023/03,162.58,-23.3,37.71
1527,鑽全,* 2023/03,338.06,-28.98,53.06
1528,恩德,* 2023/03,381.75,5.42,57.2
1529,樂事綠能,* 2023/03,32.57,141.44,-13.88
1530,亞崴,* 2023/03,289.95,65.32,95.78
1531,高林股,* 2023/03,210.64,-31.45,65.9
1532,勤美,* 2023/03,1109.84,-38.78,15.94
1533,車王電,* 2023/03,254.83,10.13,2.49
1535,中宇,* 2023/03,732.77,3.99,16.78
1536,和大,* 2023/03,643.32,2.55,11.28
1537,廣隆,* 2023/03,733.79,19.61,102.68
1538,正峰,* 2023/03,27.37,36.44,58.57
1539,巨庭,* 2023/03,164.38,-41.22,218.07
1540,喬福,* 2023/03,49.28,12.82,136.81
1541,錩泰,* 2023/03,253.02,-55.94,66.46
1558,伸興,* 2023/03,645.02,-19.38,31.53
1560,中砂,* 2023/03,575.86,-1.23,11.51
1565,精華,* 2023/03,436.52,-14.26,9.9
1568,倉佑,* 2023/03,152.34,-15.3,50.13
1569,濱川,* 2023/03,394.14,-37.37,57.85
1570,力肯,* 2023/03,58.37,-22.83,20.5
1580,新麥,* 2023/03,276.54,-12.05,5.69
1582,信錦,* 2023/03,808.06,-26.0,38.37
1583,程泰,* 2023/03,569.02,32.08,75.89
1584,精剛,* 2023/03,174.51,32.11,-31.08
1586,和勤,* 2023/03,179.65,-30.82,16.89
1587,吉茂,* 2023/03,206.93,-11.08,15.43
1589,永冠-KY,* 2023/03,771.45,13.52,10.33
1590,亞德客-KY,* 2023/03,2455.09,-13.54,3.65
1591,駿吉-KY,* 2023/03,61.98,-13.01,979.79
1593,祺驊,* 2023/03,68.23,43.16,0.69
1595,川寶,* 2023/03,125.78,-23.43,3.03
1597,直得,* 2023/03,133.19,-8.09,33.48
1598,岱宇,* 2023/03,628.3,-23.46,-18.77
1599,宏佳騰,* 2023/03,240.57,-42.21,44.74
1603,華電,* 2023/03,404.68,27.92,31.62
1604,聲寶,* 2023/03,696.38,-7.21,9.64
1605,華新,* 2023/03,15001.5,-6.46,-16.06
1608,華榮,* 2023/03,954.59,-8.46,30.64
1609,大亞,* 2023/03,2387.13,-9.83,17.22
1611,中電,* 2023/03,133.04,-10.16,33.84
1612,宏泰,* 2023/03,610.64,5.37,46.9
1614,三洋電,* 2023/03,424.71,-7.88,-5.02
1615,大山,* 2023/03,332.58,-30.63,13.04
1616,億泰,* 2023/03,323.67,-12.77,15.35
1617,榮星,* 2023/03,317.42,-19.86,21.48
1618,合機,* 2023/03,205.88,-39.15,-6.51
1626,艾美特-KY,* 2023/03,1147.82,13.82,132.39
1701,中化,* 2023/03,721.75,6.28,11.88
1702,南僑,* 2023/03,1670.68,-1.13,1.63
1707,葡萄王,* 2023/03,883.99,1.86,44.9
1708,東鹼,* 2023/03,600.38,-7.35,14.35
1709,和益,* 2023/03,938.5,-9.42,34.87
1710,東聯,* 2023/03,1883.21,-13.59,-0.91
1711,永光,* 2023/03,848.83,-7.59,28.27
1712,興農,* 2023/03,2204.65,1.08,44.41
1713,國化,* 2023/03,49.95,-10.42,-8.11
1714,和桐,* 2023/03,2078.86,7.75,30.79
1717,長興,* 2023/03,4158.32,-17.69,26.29
1718,中纖,* 2023/03,2980.37,6.61,-4.84
1720,生達,* 2023/03,514.0,18.52,13.0
1721,三晃,* 2023/03,290.54,-15.22,58.83
1722,台肥,* 2023/03,1334.61,-9.93,23.69
1723,中碳,* 2023/03,989.96,11.74,17.88
1725,元禎,* 2023/03,780.16,-27.2,27.14
1726,永記,* 2023/03,858.97,-11.2,5.0
1727,中華化,* 2023/03,190.69,-18.37,29.08
1730,花仙子,* 2023/03,183.0,-2.16,-0.52
1731,美吾華,* 2023/03,94.15,-3.94,3.83
1732,毛寶,* 2023/03,49.6,3.46,14.71
1733,五鼎,* 2023/03,183.48,4.68,35.57
1734,杏輝,* 2023/03,277.41,5.75,30.66
1735,日勝化,* 2023/03,273.81,-18.23,45.6
1736,喬山,* 2023/03,2641.41,2.38,26.52
1737,臺鹽,* 2023/03,285.47,-23.19,13.96
1742,台蠟,* 2023/03,51.54,-20.45,62.13
1752,南光,* 2023/03,195.98,38.85,17.78
1760,寶齡富錦,* 2023/03,149.18,6.4,-24.71
1762,中化生,* 2023/03,198.66,-26.11,-30.45
1773,勝一,* 2023/03,891.22,-18.65,4.69
1776,展宇,* 2023/03,152.49,-17.47,50.24
1777,生泰,* 2023/03,116.93,83.02,42.04
1781,合世,* 2023/03,70.85,36.12,119.83
1783,和康生,* 2023/03,61.88,33.45,46.77
1784,訊聯,* 2023/03,87.2,-1.81,14.65
1785,光洋科,* 2023/03,2013.62,-35.97,35.37
1786,科妍,* 2023/03,62.57,9.81,157.81
1788,杏昌,* 2023/03,413.0,20.92,45.1
1789,神隆,* 2023/03,250.03,-17.09,35.39
1795,美時,* 2023/03,1248.44,5.21,14.97
1796,金穎生技,* 2023/03,56.24,11.17,-11.5
1799,易威,* 2023/03,27.93,67.25,166.51
1802,台玻,* 2023/03,3578.56,-5.65,16.42
1805,寶徠,* 2023/03,46.62,-68.33,10495.45
1806,冠軍,* 2023/03,239.67,-22.51,21.83
1808,潤隆,* 2023/03,310.81,26.57,-39.6
1809,中釉,* 2023/03,227.01,-8.26,27.45
1810,和成,* 2023/03,434.56,-5.95,7.15
1813,寶利徠,* 2023/03,34.29,19.19,7.53
1815,富喬,* 2023/03,387.66,20.39,27.84
1817,凱撒衛,* 2023/03,247.93,-8.96,89.64
1903,士紙,* 2023/03,28.84,72.49,121.51
1904,正隆,* 2023/03,3682.92,-9.74,4.27
1905,華紙,* 2023/03,2268.72,2.41,19.11
1906,寶隆,* 2023/03,286.9,-44.84,-8.21
1907,永豐餘,* 2023/03,6862.75,-6.43,17.1
1909,榮成,* 2023/03,3337.29,-38.66,-10.3
2002,中鋼,* 2023/03,36354.4,-12.74,16.32
2006,東和鋼鐵,* 2023/03,5185.88,-14.91,15.03
2007,燁興,* 2023/03,578.11,-23.82,26.4
2008,高興昌,* 2023/03,172.63,33.15,6.28
2009,第一銅,* 2023/03,262.38,-6.31,31.57
2010,春源,* 2023/03,1912.03,-21.1,19.01
2012,春雨,* 2023/03,892.54,-32.18,32.31
2013,中鋼構,* 2023/03,1708.76,3.86,40.27
2014,中鴻,* 2023/03,3595.2,-26.27,11.91
2015,豐興,* 2023/03,3372.72,-17.0,17.32
2017,官田鋼,* 2023/03,303.48,-27.43,55.66
2020,美亞,* 2023/03,631.07,1.12,-4.47
2022,聚亨,* 2023/03,852.67,5.53,28.26
2023,燁輝,* 2023/03,6575.82,-16.7,22.44
2024,志聯,* 2023/03,99.2,-33.75,18.46
2025,千興,* 2023/03,105.08,-37.53,2.49
2027,大成鋼,* 2023/03,9825.31,-19.15,10.09
2028,威致,* 2023/03,1106.92,-28.26,10.78
2029,盛餘,* 2023/03,986.62,-38.89,4.14
2030,彰源,* 2023/03,1355.71,-29.81,17.88
2031,新光鋼,* 2023/03,1425.2,-31.12,20.83
2032,新鋼,* 2023/03,271.13,-34.45,6.39
2033,佳大,* 2023/03,71.18,-30.83,33.65
2034,允強,* 2023/03,1499.87,5.68,21.22
2035,唐榮,* 2023/03,1236.75,-22.61,1.73
2038,海光,* 2023/03,1035.84,1.01,26.58
2049,上銀,* 2023/03,2083.03,-23.19,3.83
2059,川湖,* 2023/03,627.73,-4.13,108.18
2061,風青,* 2023/03,90.71,4.65,26.65
2062,橋椿,* 2023/03,614.88,-32.55,13.46
2063,世鎧,* 2023/03,120.64,0.3,26.6
2064,晉椿,* 2023/03,176.06,-36.6,51.24
2065,世豐,* 2023/03,242.32,9.58,8.96
2066,世德,* 2023/03,270.47,18.48,17.1
2067,嘉鋼,* 2023/03,115.95,25.79,14.34
2069,運錩,* 2023/03,1058.1,-16.54,11.68
2070,精湛,* 2023/03,57.34,17.12,68.75
2101,南港,* 2023/03,600.68,-9.58,3.18
2102,泰豐,* 2023/03,144.51,7.35,60.62
2103,台橡,* 2023/03,3169.76,2.07,19.32
2104,國際中橡,* 2023/03,1977.56,9.15,23.82
2105,正新,* 2023/03,9578.03,-2.48,18.97
2106,建大,* 2023/03,3426.31,-10.11,29.33
2107,厚生,* 2023/03,211.92,16.24,106.15
2108,南帝,* 2023/03,966.01,-28.06,12.84
2109,華豐,* 2023/03,454.75,-11.98,34.26
2114,鑫永銓,* 2023/03,150.26,-11.68,23.22
2115,六暉-KY,* 2023/03,281.14,-1.57,23.26
2201,裕隆,* 2023/03,6424.42,-0.07,13.21
2204,中華,* 2023/03,2645.71,5.35,-7.25
2206,三陽工業,* 2023/03,4644.71,10.84,-6.13
2207,和泰車,* 2023/03,21716.86,2.39,-0.17
2208,台船,* 2023/03,1531.36,5.86,-0.78
2211,長榮鋼,* 2023/03,928.18,-18.04,8.74
2221,大甲,* 2023/03,123.16,-8.99,15.16
2227,裕日車,* 2023/03,2099.01,-14.92,-2.79
2228,劍麟,* 2023/03,445.06,7.56,30.21
2230,泰茂,* 2023/03,41.42,9.0,-11.42
2231,為升,* 2023/03,396.1,12.96,-7.99
2233,宇隆,* 2023/03,281.53,-13.47,19.07
2235,謚源,* 2023/03,60.26,-23.38,90.46
2236,百達-KY,* 2023/03,129.51,15.41,10.76
2239,英利-KY,* 2023/03,1322.61,5.31,8.13
2241,艾姆勒,* 2023/03,53.7,-34.58,-7.19
2243,宏旭-KY,* 2023/03,296.91,6.38,1713.74
2247,汎德永業,* 2023/03,3963.32,15.32,31.49
2250,IKKA-KY,* 2023/03,273.82,-4.49,14.59
2301,光寶科,* 2023/03,13835.02,-8.66,27.97
2302,麗正,* 2023/03,59.94,-12.67,7.59
2303,聯電,* 2023/03,21804.98,-1.52,28.79
2305,全友,* 2023/03,46.44,-0.09,12.36
2308,台達電,* 2023/03,31754.3,3.61,9.06
2312,金寶,* 2023/03,14658.13,6.12,11.02
2313,華通,* 2023/03,5331.28,-12.47,33.23
2314,台揚,* 2023/03,400.54,3.03,-7.65
2316,楠梓電,* 2023/03,421.94,-22.42,62.19
2317,鴻海,* 2023/03,482999.82,-4.81,20.14
2321,東訊,* 2023/03,81.96,-11.43,38.42
2323,中環,* 2023/03,665.07,-1.19,24.4
2324,仁寶,* 2023/03,86596.77,-15.73,29.28
2327,國巨,* 2023/03,8627.83,-18.8,0.46
2328,廣宇,* 2023/03,2024.62,-3.06,-2.05
2329,華泰,* 2023/03,1353.22,-9.59,31.15
2330,台積電,* 2023/03,195707.47,13.81,19.94
2331,精英,* 2023/03,2147.68,-22.94,65.89
2332,友訊,* 2023/03,1548.36,0.34,17.31
2337,旺宏,* 2023/03,3147.56,-26.06,52.16
2338,光罩,* 2023/03,576.58,-5.06,5.79
2340,台亞,* 2023/03,354.93,-22.88,34.33
2342,茂矽,* 2023/03,159.48,-12.37,26.02
2344,華邦電,* 2023/03,6630.85,-28.06,15.4
2345,智邦,* 2023/03,7037.21,4.26,15.14
2347,聯強,* 2023/03,34169.02,-15.48,31.0
2348,海悅,* 2023/03,299.75,-38.82,48.6
2349,錸德,* 2023/03,695.14,12.65,17.74
2351,順德,* 2023/03,953.1,-3.13,10.54
2352,佳世達,* 2023/03,18912.52,-15.76,20.19
2353,宏碁,* 2023/03,22186.67,-26.8,51.16
2354,鴻準,* 2023/03,5291.21,-39.68,-16.74
2355,敬鵬,* 2023/03,1584.33,4.63,30.7
2356,英業達,* 2023/03,43310.78,-19.15,20.85
2357,華碩,* 2023/03,43214.17,-21.48,23.99
2358,廷鑫,* 2023/03,140.78,-35.21,67.81
2359,所羅門,* 2023/03,413.93,-0.4,65.2
2360,致茂,* 2023/03,1882.69,0.48,35.01
2362,藍天,* 2023/03,1598.8,-28.65,-6.02
2363,矽統,* 2023/03,16.14,-25.24,69.89
2364,倫飛,* 2023/03,86.98,14.93,9.29
2365,昆盈,* 2023/03,99.55,9.34,90.09
2367,燿華,* 2023/03,1425.49,-0.19,38.62
2368,金像電,* 2023/03,2617.12,-0.47,38.76
2369,菱生,* 2023/03,478.36,-25.6,15.93
2371,大同,* 2023/03,3283.89,13.45,-7.65
2373,震旦行,* 2023/03,1007.61,0.9,1.27
2374,佳能,* 2023/03,435.8,4.62,77.33
2375,凱美,* 2023/03,460.08,-18.1,11.82
2376,技嘉,* 2023/03,9117.26,-4.04,-9.63
2377,微星,* 2023/03,14253.28,-19.84,1.01
2379,瑞昱,* 2023/03,7799.22,-25.36,25.86
2380,虹光,* 2023/03,233.24,-22.12,77.17
2382,廣達,* 2023/03,96534.77,-12.47,15.82
2383,台光電,* 2023/03,2803.16,-18.58,18.51
2385,群光,* 2023/03,9017.21,-14.96,31.38
2387,精元,* 2023/03,1870.4,-19.1,40.52
2388,威盛,* 2023/03,823.37,-12.3,13.26
2390,云辰,* 2023/03,48.95,-13.27,-10.45
2392,正崴,* 2023/03,6796.08,24.11,24.49
2393,億光,* 2023/03,1629.54,-19.76,16.08
2395,研華,* 2023/03,5903.44,-3.28,12.88
2397,友通,* 2023/03,1235.36,-15.88,7.54
2399,映泰,* 2023/03,205.06,3.26,-13.36
2401,凌陽,* 2023/03,468.47,-38.49,18.18
2402,毅嘉,* 2023/03,658.43,2.85,10.95
2404,漢唐,* 2023/03,4568.02,136.09,-3.46
2405,輔信,* 2023/03,146.41,13.26,18.03
2406,國碩,* 2023/03,570.98,0.28,60.0
2408,南亞科,* 2023/03,3655.37,-45.77,80.38
2409,友達,* 2023/03,18042.21,-35.66,12.4
2412,中華電,* 2023/03,17020.15,-1.75,-5.09
2413,環科,* 2023/03,472.99,33.35,7.67
2414,精技,* 2023/03,2034.07,-5.81,21.07
2415,錩新,* 2023/03,202.58,-27.16,41.61
2417,圓剛,* 2023/03,280.65,-14.58,23.91
2419,仲琦,* 2023/03,1046.09,15.14,22.89
2420,新巨,* 2023/03,200.32,-19.07,31.36
2421,建準,* 2023/03,1149.52,6.05,11.89
2423,固緯,* 2023/03,262.66,8.16,13.85
2424,隴華,* 2023/03,6.14,-47.48,37.05
2425,承啟,* 2023/03,416.89,-26.81,20.78
2426,鼎元,* 2023/03,190.22,-19.05,12.46
2427,三商電,* 2023/03,319.15,-4.06,-18.57
2428,興勤,* 2023/03,573.22,0.74,2.89
2429,銘旺科,* 2023/03,49.17,-20.92,13.58
2430,燦坤,* 2023/03,1503.03,-12.24,-1.68
2431,聯昌,* 2023/03,93.76,-9.02,37.9
2433,互盛電,* 2023/03,257.7,-5.39,13.17
2434,統懋,* 2023/03,8.36,0.6,160.44
2436,偉詮電,* 2023/03,205.85,-36.58,15.67
2438,翔耀,* 2023/03,18.85,-23.5,84.26
2439,美律,* 2023/03,2639.55,20.53,36.38
2440,太空梭,* 2023/03,282.43,-10.45,6.61
2441,超豐,* 2023/03,1180.57,-29.64,17.98
2442,新美齊,* 2023/03,45.56,351.09,395.22
2443,昶虹,* 2023/03,8.45,159.2,969.62
2444,兆勁,* 2023/03,157.26,-14.35,3.24
2449,京元電子,* 2023/03,2931.32,-10.87,17.36
2450,神腦,* 2023/03,2505.06,-13.57,-7.33
2451,創見,* 2023/03,1066.96,-13.36,32.7
2453,凌群,* 2023/03,417.14,-5.97,9.75
2454,聯發科,* 2023/03,41322.08,-30.18,36.33
2455,全新,* 2023/03,198.22,-30.76,101.77
2457,飛宏,* 2023/03,1060.99,-5.74,33.18
2458,義隆,* 2023/03,943.85,-42.65,19.56
2459,敦吉,* 2023/03,629.37,11.63,22.01
2460,建通,* 2023/03,220.86,-38.34,19.28
2461,光群雷,* 2023/03,576.66,-2.42,39.82
2462,良得電,* 2023/03,334.79,-20.07,5.93
2464,盟立,* 2023/03,822.22,-6.94,9.71
2465,麗臺,* 2023/03,328.07,-18.7,56.31
2466,冠西電,* 2023/03,81.03,41.34,71.38
2467,志聖,* 2023/03,477.15,8.85,51.41
2468,華經,* 2023/03,186.08,-8.79,50.62
2471,資通,* 2023/03,61.49,-4.7,0.62
2472,立隆電,* 2023/03,822.68,-13.47,19.23
2474,可成,* 2023/03,2371.9,-11.61,120.12
2476,鉅祥,* 2023/03,537.16,0.9,17.41
2477,美隆電,* 2023/03,195.5,-28.89,241.43
2478,大毅,* 2023/03,422.85,-20.01,14.49
2480,敦陽科,* 2023/03,587.06,7.05,2.22
2481,強茂,* 2023/03,1041.02,-19.66,12.91
2482,連宇,* 2023/03,136.7,138.44,-14.26
2483,百容,* 2023/03,174.12,-15.84,28.4
2484,希華,* 2023/03,254.22,-15.93,55.04
2485,兆赫,* 2023/03,560.63,6.06,11.58
2486,一詮,* 2023/03,418.24,-16.14,10.7
2488,漢平,* 2023/03,163.53,-0.97,117.92
2489,瑞軒,* 2023/03,1221.74,-26.49,9.75
2491,吉祥全,* 2023/03,-2.28,-95.45,-118.28
2492,華新科,* 2023/03,2686.64,-23.17,4.06
2493,揚博,* 2023/03,282.83,-5.02,3.23
2495,普安,* 2023/03,123.77,16.69,1.58
2496,卓越,* 2023/03,64.78,14.63,13.71
2497,怡利電,* 2023/03,276.57,1.44,25.85
2498,宏達電,* 2023/03,376.02,-11.61,49.64
2501,國建,* 2023/03,1174.15,249.9,17.97
2504,國產,* 2023/03,1858.44,-4.91,21.11
2505,國揚,* 2023/03,535.35,-67.34,707.59
2506,太設,* 2023/03,68.36,-18.29,32.28
2509,全坤建,* 2023/03,33.04,112.89,85.83
2511,太子,* 2023/03,922.28,-38.66,-5.92
2514,龍邦,* 2023/03,763.17,-2.54,22.65
2515,中工,* 2023/03,1130.02,4.37,-26.54
2516,新建,* 2023/03,440.97,-5.61,-11.72
2520,冠德,* 2023/03,1697.59,-1.22,-23.33
2524,京城,* 2023/03,216.79,-19.9,287.33
2527,宏璟,* 2023/03,109.16,-34.03,340.69
2528,皇普,* 2023/03,749.56,33.61,-34.68
2530,華建,* 2023/03,91.19,-60.03,5023.03
2534,宏盛,* 2023/03,685.4,28.72,113.47
2535,達欣工,* 2023/03,1309.27,10.27,13.27
2536,宏普,* 2023/03,25.95,82.36,77.25
2537,聯上發,* 2023/03,109.84,-85.35,64511.76
2538,基泰,* 2023/03,58.23,166.13,89.18
2539,櫻花建,* 2023/03,199.15,inf,-59.87
2540,愛山林,* 2023/03,344.81,-19.87,-1.47
2542,興富發,* 2023/03,2761.95,39.87,-1.35
2543,皇昌,* 2023/03,646.15,-16.49,-11.14
2545,皇翔,* 2023/03,455.41,-47.53,118.53
2546,根基,* 2023/03,1374.11,40.41,12.41
2547,日勝生,* 2023/03,367.31,-5.89,-5.31
2548,華固,* 2023/03,817.67,-19.56,4.18
2596,綠意,* 2023/03,8.97,44750.0,-3.44
2597,潤弘,* 2023/03,1884.43,-8.7,21.92
2601,益航,* 2023/03,480.47,-13.64,9.89
2603,長榮,* 2023/03,38558.8,-34.28,106.42
2605,新興,* 2023/03,306.13,-1.33,-2.52
2606,裕民,* 2023/03,1011.49,-16.85,15.08
2607,榮運,* 2023/03,1397.87,-5.73,41.16
2608,嘉里大榮,* 2023/03,1068.17,-8.95,20.17
2609,陽明,* 2023/03,22948.52,-39.39,102.93
2610,華航,* 2023/03,11722.81,-4.72,-7.48
2611,志信,* 2023/03,49.23,-24.98,12.12
2612,中航,* 2023/03,364.69,-1.07,29.65
2613,中櫃,* 2023/03,258.77,-7.48,18.07
2614,東森,* 2023/03,431.26,-15.92,5.31
2615,萬海,* 2023/03,15339.2,-36.91,109.79
2616,山隆,* 2023/03,1513.15,-16.91,13.32
2617,台航,* 2023/03,321.88,7.91,14.53
2618,長榮航,* 2023/03,11259.79,4.78,-12.6
2630,亞航,* 2023/03,367.63,0.13,10.98
2633,台灣高鐵,* 2023/03,3695.8,14.7,-0.9
2634,漢翔,* 2023/03,2819.58,18.72,-11.66
2636,台驊投控,* 2023/03,1511.26,-54.16,54.57
2637,慧洋-KY,* 2023/03,1809.58,-17.87,95.82
2640,大車隊,* 2023/03,212.29,0.01,11.79
2641,正德,* 2023/03,98.07,-26.44,29.65
2642,宅配通,* 2023/03,323.65,-3.05,5.22
2643,捷迅,* 2023/03,434.3,4.03,31.62
2645,長榮航太,* 2023/03,1063.25,4.84,0.06
2701,萬企,* 2023/03,20.87,2.5,-21.69
2702,華園,* 2023/03,109.16,4.21,9.15
2704,國賓,* 2023/03,116.86,-8.67,26.64
2705,六福,* 2023/03,111.77,22.61,-25.27
2706,第一店,* 2023/03,27.66,15.35,-15.88
2707,晶華,* 2023/03,457.17,0.42,-7.53
2712,遠雄來,* 2023/03,35.11,65.93,-22.0
2718,晶悅,* 2023/03,6.27,33.12,-10.81
2719,燦星旅,* 2023/03,10.23,459.02,-75.37
2722,夏都,* 2023/03,63.5,14.56,10.47
2723,美食-KY,* 2023/03,1615.1,-0.12,-0.88
2724,富驛-KY,* 2023/03,3.78,-10.0,76.64
2726,雅茗-KY,* 2023/03,53.39,-3.31,-0.09
2727,王品,* 2023/03,1394.83,5.1,-23.55
2729,瓦城,* 2023/03,360.38,-0.24,-17.17
2731,雄獅,* 2023/03,499.69,167.9,-49.95
2732,六角,* 2023/03,340.2,-1.63,2.95
2734,易飛網,* 2023/03,76.39,370.67,-27.2
2736,富野,* 2023/03,50.95,3.77,-24.24
2739,寒舍,* 2023/03,318.61,13.53,-10.95
2740,天蔥,* 2023/03,8.64,19.17,-28.48
2743,山富,* 2023/03,80.73,343.08,-62.52
2745,五福,* 2023/03,69.96,646.64,-67.01
2748,雲品,* 2023/03,179.59,3.66,-10.36
2752,豆府,* 2023/03,204.61,8.92,-14.35
2753,八方雲集,* 2023/03,567.45,4.25,3.26
2754,亞洲藏壽司,* 2023/03,342.23,9.72,-9.97
2755,揚秦,* 2023/03,156.93,0.26,3.95
2756,聯發國際,* 2023/03,62.26,1.75,8.77
2801,彰銀,* 2023/03,3094.21,9.65,3.69
2809,京城銀,* 2023/03,433.63,-224.61,-59.07
2812,台中銀,* 2023/03,1253.09,-0.95,-5.55
2816,旺旺保,* 2023/03,703.48,-5.02,-8.34
2820,華票,* 2023/03,128.39,-14.01,-59.81
2832,台產,* 2023/03,492.8,0.19,-9.45
2834,臺企銀,* 2023/03,2462.94,20.19,-0.27
2836,高雄銀,* 2023/03,354.99,1.28,26.33
2838,聯邦銀,* 2023/03,1189.16,25.68,-14.48
2845,遠東銀,* 2023/03,884.6,2.05,-7.26
2849,安泰銀,* 2023/03,505.8,-10.87,-6.89
2850,新產,* 2023/03,1476.61,-4.51,-7.26
2851,中再保,* 2023/03,1616.09,2.2,-6.07
2852,第一保,* 2023/03,539.13,-6.81,-5.24
2855,統一證,* 2023/03,456.62,-0.51,-9.38
2867,三商壽,* 2023/03,9807.11,-8.71,45.36
2880,華南金,* 2023/03,3037.13,-38.99,-33.15
2881,富邦金,* 2023/03,14491.93,-53.97,94.98
2882,國泰金,* 2023/03,30132.36,-40.51,126.96
2883,開發金,* 2023/03,7394.07,-53.42,223.73
2884,玉山金,* 2023/03,4631.87,-1.08,28.18
2885,元大金,* 2023/03,7429.81,-18.34,0.87
2886,兆豐金,* 2023/03,4464.58,-19.26,-22.06
2887,台新金,* 2023/03,4665.19,-16.22,-26.14
2888,新光金,* 2023/03,5357.68,-66.66,61.9
2889,國票金,* 2023/03,456.71,-6.11,-26.22
2890,永豐金,* 2023/03,3696.83,-17.35,-7.1
2891,中信金,* 2023/03,8335.31,-48.79,9.65
2892,第一金,* 2023/03,5963.35,-1.14,2.78
2897,王道銀行,* 2023/03,1036.34,48.26,23.41
2901,欣欣,* 2023/03,9.22,-8.8,-3.15
2903,遠百,* 2023/03,3107.24,-0.23,24.93
2904,匯僑,* 2023/03,43.38,-0.44,1.38
2905,三商,* 2023/03,18933.0,-22.64,2084.57
2906,高林,* 2023/03,714.49,-0.83,24.91
2908,特力,* 2023/03,3123.64,-3.26,40.66
2910,統領,* 2023/03,87.53,161.99,133.41
2911,麗嬰房,* 2023/03,263.68,-3.83,8.95
2912,統一超,* 2023/03,24395.28,5.11,5.46
2913,農林,* 2023/03,29.21,1.88,-3.95
2915,潤泰全,* 2023/03,203.56,-2.04,3.19
2916,滿心,* 2023/03,119.47,3.93,7.85
2923,鼎固-KY,* 2023/03,811.6,-70.8,301.35
2924,宏太-KY,* 2023/03,5.0,-37.73,148.76
2926,誠品生活,* 2023/03,453.82,11.85,6.59
2929,淘帝-KY,* 2023/03,288.78,-23.22,190.0
2937,集雅社,* 2023/03,236.89,-14.5,-17.95
2939,凱羿-KY,* 2023/03,49.58,-25.66,167.13
2945,三商家購,* 2023/03,1117.16,4.35,10.52
2947,振宇五金,* 2023/03,148.54,-0.19,3.32
3002,歐格,* 2023/03,59.03,-24.91,106.18
3003,健和興,* 2023/03,403.13,-0.58,20.11
3004,豐達科,* 2023/03,238.93,62.32,5.77
3005,神基,* 2023/03,2777.94,5.72,7.13
3006,晶豪科,* 2023/03,1244.75,-31.64,39.88
3008,大立光,* 2023/03,3910.94,4.12,52.45
3010,華立,* 2023/03,5745.57,-18.39,21.71
3011,今皓,* 2023/03,95.78,-30.72,36.05
3013,晟銘電,* 2023/03,599.06,40.82,12.68
3014,聯陽,* 2023/03,354.84,-35.36,-5.54
3015,全漢,* 2023/03,1240.97,-2.38,13.22
3016,嘉晶,* 2023/03,441.21,-12.24,27.86
3017,奇鋐,* 2023/03,4264.02,1.71,0.14
3018,隆銘綠能,* 2023/03,125.17,-39.4,193.48
3019,亞光,* 2023/03,1492.04,-15.49,23.1
3021,鴻名,* 2023/03,293.38,-18.26,15.55
3022,威強電,* 2023/03,703.64,50.84,-2.66
3023,信邦,* 2023/03,2587.54,5.47,-9.48
3024,憶聲,* 2023/03,129.5,-21.34,-9.81
3025,星通,* 2023/03,31.83,-21.37,3.82
3026,禾伸堂,* 2023/03,1307.63,-11.2,1.85
3027,盛達,* 2023/03,96.16,18.63,-30.07
3028,增你強,* 2023/03,3044.78,-31.48,22.74
3029,零壹,* 2023/03,1167.3,5.02,-12.58
3030,德律,* 2023/03,545.72,-22.29,91.02
3031,佰鴻,* 2023/03,135.07,3.85,21.65
3032,偉訓,* 2023/03,585.55,8.16,8.27
3033,威健,* 2023/03,6139.3,-7.85,3.83
3034,聯詠,* 2023/03,7234.94,-41.98,-5.32
3035,智原,* 2023/03,1041.29,-5.78,-3.34
3036,文曄,* 2023/03,45948.75,-2.63,43.06
3037,欣興,* 2023/03,10666.3,-0.13,32.14
3038,全台,* 2023/03,385.76,13.37,4.97
3040,遠見,* 2023/03,13.91,8.59,17.09
3041,揚智,* 2023/03,188.37,-29.15,13.79
3042,晶技,* 2023/03,944.44,-17.09,16.29
3043,科風,* 2023/03,111.49,44.75,19.95
3044,健鼎,* 2023/03,4822.06,-13.41,3.84
3045,台灣大,* 2023/03,13589.76,1.61,-1.06
3046,建碁,* 2023/03,299.83,-12.82,-36.36
3047,訊舟,* 2023/03,469.13,-7.58,30.82
3048,益登,* 2023/03,9072.81,-15.01,20.3
3049,和鑫,* 2023/03,190.95,-26.54,78.47
3050,鈺德,* 2023/03,92.13,-6.98,2.37
3051,力特,* 2023/03,216.77,-18.22,42.01
3052,夆典,* 2023/03,245.86,7.28,31.72
3054,立萬利,* 2023/03,4.06,32.25,10.03
3055,蔚華科,* 2023/03,177.22,-16.5,51.5
3056,總太,* 2023/03,3499.5,80719.86,3665.74
3057,喬鼎,* 2023/03,74.16,-32.46,93.38
3058,立德,* 2023/03,363.44,7.25,32.1
3059,華晶科,* 2023/03,1085.95,-17.93,50.05
3060,銘異,* 2023/03,263.46,-30.06,46.36
3062,建漢,* 2023/03,504.88,107.1,53.47
3064,泰偉,* 2023/03,9.12,47.81,42.72
3066,李洲,* 2023/03,27.3,-12.56,121.95
3067,全域,* 2023/03,7.36,1288.68,119.7
3071,協禧,* 2023/03,213.04,-3.71,6.25
3073,天方能源,* 2023/03,8.17,325.52,221.65
3078,僑威,* 2023/03,564.1,4.9,-22.74
3081,聯亞,* 2023/03,222.9,30.87,134.8
3083,網龍,* 2023/03,28.79,2.78,17.46
3085,新零售,* 2023/03,15.57,19.49,130.33
3086,華義,* 2023/03,11.37,-16.4,25.36
3088,艾訊,* 2023/03,568.24,-4.88,10.16
3089,億杰,* 2023/03,6.79,-43.37,237.81
3090,日電貿,* 2023/03,880.92,-18.67,7.18
3092,鴻碩,* 2023/03,271.04,-32.78,72.56
3093,港建*,* 2023/03,255.99,10.83,81.69
3094,聯傑,* 2023/03,24.69,-10.54,0.08
3095,及成,* 2023/03,37.64,-22.22,13.78
3105,穩懋,* 2023/03,1236.17,-33.11,44.13
3114,好德,* 2023/03,251.81,-6.43,38.05
3115,富榮綱,* 2023/03,1.46,-91.38,421.43
3118,進階,* 2023/03,57.32,6.84,22.53
3122,笙泉,* 2023/03,32.15,-46.62,34.13
3128,昇銳,* 2023/03,90.15,-13.95,48.13
3130,一零四,* 2023/03,201.49,-4.75,12.47
3131,弘塑,* 2023/03,248.8,-13.8,-0.51
3138,耀登,* 2023/03,161.52,16.71,42.8
3141,晶宏,* 2023/03,191.79,-23.06,6.64
3147,大綜,* 2023/03,256.2,-10.92,12.74
3149,正達,* 2023/03,176.18,10.81,58.68
3152,璟德,* 2023/03,120.03,-14.32,14.25
3162,精確,* 2023/03,268.27,101.96,-32.84
3163,波若威,* 2023/03,263.38,-10.35,38.87
3164,景岳,* 2023/03,38.1,13.6,109.8
3167,大量,* 2023/03,144.49,-47.54,109.95
3169,亞信,* 2023/03,88.43,-33.54,44.92
3171,新洲,* 2023/03,129.51,-14.45,10.58
3176,基亞,* 2023/03,56.23,-65.2,9.27
3178,公準,* 2023/03,139.4,6.75,-4.16
3188,鑫龍騰,* 2023/03,103.61,537.21,1247.33
3189,景碩,* 2023/03,3083.45,-17.66,46.15
3191,和進,* 2023/03,20.39,-5.29,9.74
3202,樺晟,* 2023/03,346.58,-21.09,6.56
3205,佰研,* 2023/03,44.35,5.14,31.88
3206,志豐,* 2023/03,307.37,-11.85,67.96
3207,耀勝,* 2023/03,118.2,22.58,-2.25
3209,全科,* 2023/03,4779.38,1.05,87.08
3211,順達,* 2023/03,1627.56,-4.14,49.02
3213,茂訊,* 2023/03,244.73,31.01,-3.75
3217,優群,* 2023/03,209.26,-24.19,17.57
3218,大學光,* 2023/03,266.61,-3.27,-18.64
3219,倚強科,* 2023/03,78.87,15.07,77.12
3221,台嘉碩,* 2023/03,271.04,8.91,73.62
3224,三顧,* 2023/03,149.4,-35.51,24.15
3226,至寶電,* 2023/03,172.08,-31.29,29.48
3227,原相,* 2023/03,404.94,-18.39,13.31
3228,金麗科,* 2023/03,29.79,7.27,0.98
3229,晟鈦,* 2023/03,96.42,149.92,12.68
3230,錦明,* 2023/03,74.33,-23.4,40.91
3231,緯創,* 2023/03,77576.69,-18.22,24.99
3232,昱捷,* 2023/03,112.52,-9.96,1.05
3234,光環,* 2023/03,78.63,-21.79,110.35
3236,千如,* 2023/03,236.95,-13.91,23.71
3252,海灣,* 2023/03,38.77,-10.54,-18.53
3257,虹冠電,* 2023/03,37.46,-50.38,-25.81
3259,鑫創,* 2023/03,30.99,-17.58,30.21
3260,威剛,* 2023/03,2885.51,-11.34,15.74
3264,欣銓,* 2023/03,1115.75,0.79,5.72
3265,台星科,* 2023/03,321.05,-11.04,17.54
3266,昇陽,* 2023/03,281.38,-82.74,24.28
3268,海德威,* 2023/03,78.87,-54.3,99.22
3272,東碩,* 2023/03,588.16,9.93,111.05
3276,宇環,* 2023/03,88.38,-47.89,-1.71
3284,太普高,* 2023/03,79.09,43.59,51.6
3285,微端,* 2023/03,69.08,40.78,-16.03
3287,廣寰科,* 2023/03,29.48,-11.82,14.31
3288,點晶,* 2023/03,15.28,40.83,66.63
3289,宜特,* 2023/03,337.0,10.7,1.41
3290,東浦,* 2023/03,121.73,27.09,5.08
3293,鈊象,* 2023/03,1021.74,0.9,-3.5
3294,英濟,* 2023/03,310.73,-39.73,6.59
3296,勝德,* 2023/03,170.19,0.65,69.28
3297,杭特,* 2023/03,16.69,-18.94,62.51
3303,岱稜,* 2023/03,253.93,-5.89,32.97
3305,昇貿,* 2023/03,549.72,-37.27,13.74
3306,鼎天,* 2023/03,94.51,-14.39,13.98
3308,聯德,* 2023/03,44.71,73.7,-14.64
3310,佳穎,* 2023/03,142.97,0.48,39.18
3311,閎暉,* 2023/03,168.15,-2.15,10.15
3312,弘憶股,* 2023/03,1488.85,-27.03,25.34
3313,斐成,* 2023/03,0.84,27.27,inf
3317,尼克森,* 2023/03,207.48,-17.01,15.26
3321,同泰,* 2023/03,124.54,-33.64,15.04
3322,建舜電,* 2023/03,203.63,-24.96,17.97
3323,加百裕,* 2023/03,835.87,-35.25,59.13
3324,雙鴻,* 2023/03,1096.47,-17.75,10.84
3325,旭品,* 2023/03,106.13,52.14,5.48
3332,幸康,* 2023/03,148.06,29.95,42.9
3338,泰碩,* 2023/03,388.54,-20.51,38.51
3339,泰谷,* 2023/03,50.19,-28.64,17.82
3346,麗清,* 2023/03,361.47,-41.57,-9.82
3349,寶德,* 2023/03,37.1,-41.48,66.22
3354,律勝,* 2023/03,11.73,-47.38,76.39
3356,奇偶,* 2023/03,119.56,6.07,32.01
3357,臺慶科,* 2023/03,423.94,-21.56,10.09
3360,尚立,* 2023/03,852.06,-26.95,32.64
3362,先進光,* 2023/03,263.11,-26.68,-3.24
3363,上詮,* 2023/03,111.93,-25.75,39.72
3372,典範,* 2023/03,82.24,-38.7,51.99
3373,熱映,* 2023/03,53.08,5.25,44.83
3374,精材,* 2023/03,562.2,-15.45,36.49
3376,新日興,* 2023/03,807.37,-24.95,54.48
3379,彬台,* 2023/03,63.7,262.96,204.06
3380,明泰,* 2023/03,2960.96,2.93,23.93
3388,崇越電,* 2023/03,766.23,-18.21,32.07
3390,旭軟,* 2023/03,71.85,-11.6,20.11
3402,漢科,* 2023/03,384.53,6.38,6.9
3406,玉晶光,* 2023/03,1075.48,-12.97,15.97
3413,京鼎,* 2023/03,1184.89,2.05,10.17
3416,融程電,* 2023/03,228.44,-19.98,31.07
3419,譁裕,* 2023/03,157.97,18.56,42.33
3426,台興,* 2023/03,58.6,-9.67,9.98
3430,奇鈦科,* 2023/03,143.28,-7.12,44.38
3432,台端,* 2023/03,2.13,97.22,36.54
3434,哲固,* 2023/03,68.24,-39.74,57.02
3437,榮創,* 2023/03,198.24,-34.58,76.09
3438,類比科,* 2023/03,83.9,-39.54,44.11
3441,聯一光,* 2023/03,37.7,-25.85,38.4
3443,創意,* 2023/03,2180.44,44.68,-3.04
3444,利機,* 2023/03,85.4,-25.39,24.67
3447,展達,* 2023/03,569.36,66.49,58.8
3450,聯鈞,* 2023/03,571.92,4.65,34.89
3454,晶睿,* 2023/03,1012.06,42.04,16.72
3455,由田,* 2023/03,188.2,26.73,47.58
3465,進泰電子,* 2023/03,118.36,-26.53,225.52
3466,致振,* 2023/03,141.15,658.46,44.16
3479,安勤,* 2023/03,732.73,8.0,17.64
3481,群創,* 2023/03,16752.04,-29.98,8.12
3483,力致,* 2023/03,563.46,-29.74,21.63
3484,崧騰,* 2023/03,424.02,-29.3,61.17
3489,森寶,* 2023/03,212.87,154.63,686.08
3490,單井,* 2023/03,37.43,-36.67,21.49
3491,昇達科,* 2023/03,152.84,-15.3,19.27
3492,長盛,* 2023/03,81.5,37.69,48.37
3494,誠研,* 2023/03,53.16,17.79,-11.09
3498,陽程,* 2023/03,163.77,280.06,40.54
3499,環天科,* 2023/03,28.13,-22.68,-12.69
3501,維熹,* 2023/03,486.97,-14.11,23.61
3504,揚明光,* 2023/03,396.93,-17.8,90.81
3508,位速,* 2023/03,89.92,-34.43,57.07
3511,矽瑪,* 2023/03,227.76,-34.16,-15.55
3512,皇龍,* 2023/03,82.44,-65.28,-68.21
3515,華擎,* 2023/03,1288.21,-17.03,-2.8
3516,亞帝歐,* 2023/03,57.52,-21.27,-31.81
3518,柏騰,* 2023/03,34.07,-53.65,2.01
3520,華盈,* 2023/03,61.46,-31.07,-17.01
3521,鴻翊,* 2023/03,21.66,32.4,27.64
3522,御頂,* 2023/03,63.96,-8.05,16.31
3523,迎輝,* 2023/03,10.37,-23.64,7.46
3526,凡甲,* 2023/03,173.3,-17.46,24.52
3527,聚積,* 2023/03,211.35,-27.48,32.69
3528,安馳,* 2023/03,595.27,4.27,12.94
3529,力旺,* 2023/03,78.4,37.18,-63.27
3530,晶相光,* 2023/03,160.09,-47.41,30.56
3531,先益,* 2023/03,159.63,-15.19,16.38
3532,台勝科,* 2023/03,1376.86,5.56,7.68
3533,嘉澤,* 2023/03,2100.11,-12.66,14.06
3535,晶彩科,* 2023/03,200.63,-17.06,559.1
3536,誠創,* 2023/03,40.15,-13.3,85.36
3537,堡達,* 2023/03,217.75,-28.52,14.05
3540,曜越,* 2023/03,293.16,33.18,-9.32
3541,西柏,* 2023/03,161.52,-16.65,26.05
3543,州巧,* 2023/03,243.03,-20.26,24.32
3545,敦泰,* 2023/03,947.68,-24.89,-10.01
3546,宇峻,* 2023/03,130.43,7.95,8.48
3548,兆利,* 2023/03,425.75,-36.38,9.78
3550,聯穎,* 2023/03,382.34,-10.01,5.25
3551,世禾,* 2023/03,194.29,0.87,0.54
3552,同致,* 2023/03,714.45,-9.61,4.89
3555,重鵬,* 2023/03,2.53,-43.78,48.82
3556,禾瑞亞,* 2023/03,112.34,-35.13,15.72
3557,嘉威,* 2023/03,439.01,-11.5,6.26
3558,神準,* 2023/03,1404.7,19.15,-4.38
3563,牧德,* 2023/03,191.59,-5.97,4.7
3564,其陽,* 2023/03,192.06,7.13,33.38
3567,逸昌,* 2023/03,27.42,-26.9,14.01
3570,大塚,* 2023/03,155.15,0.96,10.13
3576,聯合再生,* 2023/03,1793.43,8.58,12.06
3577,泓格,* 2023/03,111.02,26.43,21.15
3580,友威科,* 2023/03,63.07,10.19,5.08
3581,博磊,* 2023/03,121.97,0.02,2.86
3583,辛耘,* 2023/03,429.93,10.79,-24.09
3587,閎康,* 2023/03,330.26,0.07,-10.69
3588,通嘉,* 2023/03,102.52,-44.01,46.06
3591,艾笛森,* 2023/03,191.27,17.18,35.02
3592,瑞鼎,* 2023/03,1552.33,-41.58,30.52
3593,力銘,* 2023/03,79.73,8.24,29.54
3594,磐儀,* 2023/03,144.86,20.18,19.41
3596,智易,* 2023/03,3837.12,5.87,8.91
3597,映興,* 2023/03,83.5,-5.35,44.66
3605,宏致,* 2023/03,762.53,-26.85,22.39
3607,谷崧,* 2023/03,235.54,-24.62,22.25
3609,三一東林,* 2023/03,53.14,-33.09,26.46
3611,鼎翰,* 2023/03,728.07,6.72,23.56
3615,安可,* 2023/03,87.29,-30.07,5.97
3617,碩天,* 2023/03,897.03,4.54,38.69
3622,洋華,* 2023/03,118.71,-39.6,0.17
3623,富晶通,* 2023/03,29.76,-22.94,4.83
3624,光頡,* 2023/03,244.54,-19.61,14.3
3625,西勝,* 2023/03,103.93,-49.89,40.9
3628,盈正,* 2023/03,271.24,29.75,25.08
3629,地心引力,* 2023/03,5.22,-66.82,54.44
3630,新鉅科,* 2023/03,126.79,-42.74,15.9
3631,晟楠,* 2023/03,8.84,-35.05,96.01
3632,研勤,* 2023/03,35.59,54.81,46.04
3642,駿熠電,* 2023/03,19.87,-33.94,72.93
3645,達邁,* 2023/03,125.85,-44.22,46.9
3646,艾恩特,* 2023/03,65.04,0.06,10.67
3652,精聯,* 2023/03,209.13,-9.16,34.7
3653,健策,* 2023/03,1033.96,9.98,13.38
3661,世芯-KY,* 2023/03,1524.04,78.32,-0.93
3663,鑫科,* 2023/03,239.43,0.53,25.67
3664,安瑞-KY,* 2023/03,56.17,98.83,157.07
3665,貿聯-KY,* 2023/03,4083.8,-6.44,1.88
3666,光耀,* 2023/03,63.49,-49.08,20.47
3669,圓展,* 2023/03,216.06,-10.66,24.51
3672,康聯訊,* 2023/03,47.55,-34.32,13.0
3673,TPK-KY,* 2023/03,7924.41,-24.94,47.69
3675,德微,* 2023/03,175.41,-6.29,22.15
3679,新至陞,* 2023/03,263.45,-19.93,22.98
3680,家登,* 2023/03,351.57,-14.24,-17.57
3682,亞太電,* 2023/03,1037.44,-5.03,5.97
3684,榮昌,* 2023/03,91.06,14.67,12.42
3685,元創精密,* 2023/03,114.0,-13.14,1.84
3686,達能,* 2023/03,2.0,35.14,-31.27
3687,歐買尬,* 2023/03,142.28,-2.37,22.48
3689,湧德,* 2023/03,483.2,-23.65,3.8
3691,碩禾,* 2023/03,448.31,-10.55,96.2
3693,營邦,* 2023/03,545.09,73.42,29.82
3694,海華,* 2023/03,749.4,-13.06,21.3
3701,大眾控,* 2023/03,960.3,2.8,6.25
3702,大聯大,* 2023/03,62729.61,-21.63,38.5
3703,欣陸,* 2023/03,2412.49,-40.66,12.93
3704,合勤控,* 2023/03,2963.22,14.39,1.46
3705,永信,* 2023/03,564.63,-23.16,19.34
3706,神達,* 2023/03,3910.24,-8.41,68.95
3707,漢磊,* 2023/03,689.63,-6.08,23.09
3708,上緯投控,* 2023/03,698.21,-21.74,32.19
3709,鑫聯大投控,* 2023/03,1822.33,-1.12,11.88
3710,連展投控,* 2023/03,527.18,-13.58,33.71
3711,日月光投控,* 2023/03,49855.82,-4.1,24.69
3712,永崴投控,* 2023/03,1064.46,8.3,8.69
3713,新晶投控,* 2023/03,103.62,0.97,101.09
3714,富采,* 2023/03,2217.01,-24.99,51.39
3715,定穎投控,* 2023/03,1231.93,,0.24
4102,永日,* 2023/03,52.07,57.12,45.65
4104,佳醫,* 2023/03,610.88,8.38,1.02
4105,東洋,* 2023/03,423.88,15.42,24.72
4106,雃博,* 2023/03,263.69,25.22,37.56
4107,邦特,* 2023/03,162.14,4.27,5.59
4108,懷特,* 2023/03,9.64,-32.82,10.68
4109,加捷生醫,* 2023/03,29.97,14.04,40.44
4111,濟生,* 2023/03,91.97,-8.8,11.61
4113,聯上,* 2023/03,2.13,-89.99,3450.0
4114,健喬,* 2023/03,389.41,14.71,12.29
4116,明基醫,* 2023/03,250.87,11.11,11.99
4119,旭富,* 2023/03,91.88,-5.9,-14.64
4120,友華,* 2023/03,462.92,11.5,33.96
4121,優盛,* 2023/03,339.53,20.29,23.61
4123,晟德,* 2023/03,111.54,101.08,-9.02
4126,太醫,* 2023/03,224.19,20.26,-0.54
4127,天良,* 2023/03,43.16,-7.68,26.64
4128,中天,* 2023/03,142.86,7.65,35.39
4129,聯合,* 2023/03,297.62,1.96,3.24
4130,健亞,* 2023/03,40.14,14.13,11.97
4131,晶宇,* 2023/03,6.07,-25.43,77.49
4133,亞諾法,* 2023/03,34.5,-6.4,6.68
4137,麗豐-KY,* 2023/03,314.59,-23.2,-12.64
4138,曜亞,* 2023/03,110.23,18.48,-7.87
4139,馬光-KY,* 2023/03,88.04,4.96,-1.66
4142,國光生,* 2023/03,62.13,213.79,52.17
4147,中裕,* 2023/03,46.13,257.87,91.01
4148,全宇生技-KY,* 2023/03,265.16,-20.72,22.07
4153,鈺緯,* 2023/03,74.01,2.18,-20.32
4154,樂威科-KY,* 2023/03,39.56,14.5,-8.64
4155,訊映,* 2023/03,116.54,-31.6,112.82
4157,太景*-KY,* 2023/03,1.03,27.16,-11.97
4160,創源,* 2023/03,49.13,-15.77,26.92
4161,聿新科,* 2023/03,70.49,32.8,33.5
4162,智擎,* 2023/03,51.0,-61.51,153.23
4163,鐿鈦,* 2023/03,221.11,11.22,15.35
4164,承業醫,* 2023/03,237.14,5.11,19.51
4167,松瑞藥,* 2023/03,112.45,-22.61,80.5
4168,醣聯,* 2023/03,7.61,-43.12,inf
4171,瑞基,* 2023/03,48.06,-35.74,262.44
4173,久裕,* 2023/03,90.22,0.34,-0.17
4174,浩鼎,* 2023/03,0.36,-35.71,414.29
4175,杏一,* 2023/03,606.81,4.6,12.36
4183,福永生技,* 2023/03,36.5,81.59,23.23
4188,安克,* 2023/03,4.57,-22.54,47.9
4190,佐登-KY,* 2023/03,255.98,17.33,1.64
4192,杏國,* 2023/03,1.01,-28.37,-0.98
4198,欣大健康,* 2023/03,19.41,-8.31,12.52
4205,中華食,* 2023/03,147.57,2.49,6.65
4207,環泰,* 2023/03,468.67,10.35,20.71
4303,信立,* 2023/03,34.8,-6.38,53.44
4304,勝昱,* 2023/03,60.85,69.78,17.36
4305,世坤,* 2023/03,91.95,-18.48,19.91
4306,炎洲,* 2023/03,1307.99,-18.68,27.86
4401,東隆興,* 2023/03,337.19,-26.49,71.77
4402,福大,* 2023/03,13.64,-40.15,193.33
4406,新昕纖,* 2023/03,52.96,1.79,37.45
4413,飛寶企業,* 2023/03,37.84,-49.19,416.23
4414,如興,* 2023/03,1219.01,-7.05,-13.68
4416,三圓,* 2023/03,7.48,-5.32,-6.85
4417,金洲,* 2023/03,332.8,75.3,68.63
4419,元勝,* 2023/03,16.09,-28.84,-40.25
4420,光明,* 2023/03,86.93,-7.77,58.92
4426,利勤,* 2023/03,192.46,88.58,30.72
4430,耀億,* 2023/03,172.57,-26.18,9.08
4432,銘旺實,* 2023/03,89.94,10.18,24.74
4433,興采,* 2023/03,270.86,-30.38,22.54
4438,廣越,* 2023/03,847.17,-10.43,7.91
4439,冠星-KY,* 2023/03,711.64,-20.41,70.82
4440,宜新實業,* 2023/03,121.69,-14.35,30.99
4502,健信,* 2023/03,111.95,-6.26,-6.26
4503,金雨,* 2023/03,19.29,132.41,42.78
4506,崇友,* 2023/03,408.81,5.3,14.66
4510,高鋒,* 2023/03,138.44,-28.77,18.15
4513,福裕,* 2023/03,140.42,-14.12,80.58
4523,永彰,* 2023/03,54.01,-7.2,23.51
4526,東台,* 2023/03,739.19,11.7,8.32
4527,方方土霖,* 2023/03,264.08,6.95,26.56
4528,江興鍛,* 2023/03,163.17,-13.81,8.49
4529,淳紳,* 2023/03,0.2,33.33,-25.93
4530,宏易,* 2023/03,19.23,28.8,40.98
4532,瑞智,* 2023/03,1587.93,-18.5,20.61
4533,協易機,* 2023/03,328.27,-1.56,26.79
4534,慶騰,* 2023/03,84.56,-13.72,58.0
4535,至興,* 2023/03,293.2,16.61,24.46
4536,拓凱,* 2023/03,897.44,12.56,10.77
4538,大詠城,* 2023/03,52.36,-6.47,10.02
4540,全球傳動,* 2023/03,294.57,-10.37,21.1
4541,晟田,* 2023/03,126.88,2.81,16.89
4542,科嶠,* 2023/03,60.33,-10.13,-18.26
4543,萬在,* 2023/03,92.28,-0.62,36.17
4545,銘鈺,* 2023/03,163.43,-8.29,-22.92
4549,桓達,* 2023/03,129.11,31.79,29.45
4550,長佳,* 2023/03,94.61,-10.31,-43.33
4551,智伸科,* 2023/03,711.75,-11.32,14.4
4552,力達-KY,* 2023/03,286.85,14.12,-8.09
4554,橙的,* 2023/03,27.1,-39.32,11.16
4555,氣立,* 2023/03,144.37,-11.22,16.04
4556,旭然,* 2023/03,55.88,-8.63,39.63
4557,永新-KY,* 2023/03,254.77,-2.46,17.15
4558,寶緯,* 2023/03,147.95,-26.98,76.32
4560,強信-KY,* 2023/03,127.74,-28.69,40.84
4561,健椿,* 2023/03,93.81,-22.66,-2.68
4562,穎漢,* 2023/03,60.2,-9.08,-15.67
4563,百德,* 2023/03,218.6,-18.0,9.74
4564,元翎,* 2023/03,145.38,-21.34,69.68
4566,時碩工業,* 2023/03,456.79,-4.41,26.09
4568,科際精密,* 2023/03,77.93,-27.1,40.9
4571,鈞興-KY,* 2023/03,217.29,-10.89,18.45
4572,駐龍,* 2023/03,58.79,15.61,0.38
4576,大銀微系統,* 2023/03,279.03,-17.86,62.4
4577,達航科技,* 2023/03,137.9,-19.08,45.76
4580,捷流閥業,* 2023/03,213.68,-4.08,-5.86
4581,光隆精密-KY,* 2023/03,90.02,17.95,-8.96
4583,台灣精銳,* 2023/03,312.41,-8.34,36.6
4584,君帆,* 2023/03,86.1,-15.11,23.71
4609,唐鋒,* 2023/03,7.77,-25.36,176.51
4702,中美實,* 2023/03,91.38,-21.02,89.98
4706,大恭,* 2023/03,125.09,-10.55,52.79
4707,磐亞,* 2023/03,142.08,58.94,48.63
4711,永純,* 2023/03,119.53,-17.87,40.31
4712,南璋,* 2023/03,-9.38,-3450.0,-inf
4714,永捷,* 2023/03,127.64,27.95,83.18
4716,大立,* 2023/03,72.14,3.37,46.86
4720,德淵,* 2023/03,322.29,-4.59,34.57
4721,美琪瑪,* 2023/03,368.54,-26.76,83.07
4722,國精化,* 2023/03,371.54,-31.35,47.96
4726,永昕,* 2023/03,61.32,-59.28,-16.21
4728,雙美,* 2023/03,106.99,4.06,-28.64
4729,熒茂,* 2023/03,116.06,2.21,21.82
4735,豪展,* 2023/03,118.4,24.61,97.23
4736,泰博,* 2023/03,737.28,30.13,67.57
4737,華廣,* 2023/03,169.4,-34.69,12.75
4739,康普,* 2023/03,740.15,-28.21,39.99
4741,泓瀚,* 2023/03,67.8,9.6,13.85
4743,合一,* 2023/03,106.23,1101.7,1803.76
4744,皇將,* 2023/03,83.85,-6.7,156.89
4745,合富-KY,* 2023/03,417.13,-30.16,47.14
4746,台耀,* 2023/03,326.57,-4.6,17.9
4747,強生,* 2023/03,44.94,24.38,18.23
4754,國碳科,* 2023/03,35.21,-13.38,-38.68
4755,三福化,* 2023/03,413.73,-27.78,12.05
4760,勤凱,* 2023/03,66.86,-34.72,-5.52
4763,材料-KY,* 2023/03,408.53,21.43,-10.98
4764,雙鍵,* 2023/03,229.74,-20.96,41.65
4766,南寶,* 2023/03,1976.22,0.01,28.98
4767,誠泰科技,* 2023/03,110.68,-11.98,43.76
4768,晶呈科技,* 2023/03,92.67,27.52,20.68
4770,上品,* 2023/03,583.38,-0.53,-5.42
4804,大略-KY,* 2023/03,20.15,14.23,15.47
4806,昇華,* 2023/03,0.27,inf,inf
4807,日成-KY,* 2023/03,105.71,-16.38,77.93
4903,聯光通,* 2023/03,84.45,89.39,109.5
4904,遠傳,* 2023/03,7084.51,-0.34,-1.08
4905,台聯電,* 2023/03,10.34,-7.51,242.38
4906,正文,* 2023/03,2443.15,31.16,4.69
4907,富宇,* 2023/03,21.47,-86.56,42840.0
4908,前鼎,* 2023/03,66.64,-24.3,22.48
4909,新復興,* 2023/03,52.1,3.19,19.39
4911,德英,* 2023/03,7.49,120.29,-44.27
4912,聯德控股-KY,* 2023/03,480.67,-26.16,88.6
4915,致伸,* 2023/03,6085.79,-12.36,34.24
4916,事欣科,* 2023/03,347.73,47.7,14.98
4919,新唐,* 2023/03,3052.54,-19.44,2.58
4923,力士,* 2023/03,78.45,-27.55,23.1
4924,欣厚-KY,* 2023/03,63.85,-12.17,60.03
4927,泰鼎-KY,* 2023/03,1033.79,-18.81,-3.64
4930,燦星網,* 2023/03,524.62,-26.66,24.06
4931,新盛力,* 2023/03,206.32,-14.86,4.55
4933,友輝,* 2023/03,166.06,-39.35,13.77
4934,太極,* 2023/03,224.01,96.53,-1.12
4935,茂林-KY,* 2023/03,683.8,-28.86,132.2
4938,和碩,* 2023/03,89055.71,-22.94,-3.47
4939,亞電,* 2023/03,128.51,-21.96,16.57
4942,嘉彰,* 2023/03,587.49,-25.08,21.85
4943,康控-KY,* 2023/03,95.19,-48.69,-40.1
4944,兆遠,* 2023/03,22.64,-33.02,150.44
4945,陞達科技,* 2023/03,45.79,-30.05,120.25
4946,辣椒,* 2023/03,9.14,-41.93,204.67
4950,牧東,* 2023/03,4.33,-81.68,183.01
4951,精拓科,* 2023/03,37.32,-28.16,9.99
4952,凌通,* 2023/03,212.85,-41.95,63.33
4953,緯軟,* 2023/03,631.14,-3.54,-7.76
4956,光鋐,* 2023/03,102.51,-15.49,8.53
4958,臻鼎-KY,* 2023/03,10490.43,-22.42,5.5
4960,誠美材,* 2023/03,763.35,-19.97,31.29
4961,天鈺,* 2023/03,1314.91,-41.27,0.41
4966,譜瑞-KY,* 2023/03,1348.97,-33.11,60.3
4967,十銓,* 2023/03,564.85,-13.77,1.31
4968,立積,* 2023/03,285.72,-14.45,58.38
4971,IET-KY,* 2023/03,65.05,-17.01,22.11
4972,湯石照明,* 2023/03,67.47,-21.19,56.87
4973,廣穎,* 2023/03,362.39,-1.53,3.3
4974,亞泰,* 2023/03,358.66,-26.2,25.87
4976,佳凌,* 2023/03,102.65,16.69,26.87
4977,眾達-KY,* 2023/03,295.06,38.68,14.81
4979,華星光,* 2023/03,134.06,48.59,-16.63
4987,科誠,* 2023/03,100.41,-20.21,2.98
4989,榮科,* 2023/03,381.13,-15.74,-2.25
4991,環宇-KY,* 2023/03,132.67,-8.42,68.51
4994,傳奇,* 2023/03,136.83,-16.73,6.6
4995,晶達,* 2023/03,116.19,-26.21,34.98
4999,鑫禾,* 2023/03,161.13,-16.48,18.57
5007,三星,* 2023/03,669.01,-6.46,28.21
5009,榮剛,* 2023/03,1149.65,10.52,8.48
5011,久陽,* 2023/03,339.32,-31.14,2.96
5013,強新,* 2023/03,780.59,-15.38,37.15
5014,建錩,* 2023/03,1758.26,-7.21,30.88
5015,華祺,* 2023/03,220.37,-0.8,56.21
5016,松和,* 2023/03,221.55,-19.27,34.08
5201,凱衛,* 2023/03,22.13,-12.56,37.11
5202,力新,* 2023/03,14.8,-24.49,152.13
5203,訊連,* 2023/03,138.64,7.33,-3.92
5205,中茂,* 2023/03,1.43,81.01,55.43
5206,坤悅,* 2023/03,244.93,inf,-58.28
5209,新鼎,* 2023/03,357.13,56.1,-0.29
5210,寶碩,* 2023/03,23.13,-27.9,36.38
5211,蒙恬,* 2023/03,14.18,-1.12,19.46
5212,凌網,* 2023/03,63.2,-9.91,27.94
5213,亞昕,* 2023/03,1242.01,6471.48,4348.46
5215,科嘉-KY,* 2023/03,185.96,-20.45,49.49
5220,萬達光電,* 2023/03,71.85,-29.9,-0.84
5222,全訊,* 2023/03,84.05,61.42,-1.37
5223,安力-KY,* 2023/03,140.89,-41.42,42.13
5225,東科-KY,* 2023/03,952.21,-1.84,57.14
5227,立凱-KY,* 2023/03,63.77,14.04,38.75
5228,鈺鎧,* 2023/03,60.92,-18.05,32.96
5230,雷笛克光學,* 2023/03,110.04,4.21,24.58
5234,達興材料,* 2023/03,303.79,-26.5,7.41
5236,凌陽創新,* 2023/03,104.81,-43.89,-7.66
5243,乙盛-KY,* 2023/03,1137.75,-4.24,13.59
5244,弘凱,* 2023/03,80.62,-16.78,27.14
5245,智晶,* 2023/03,112.73,-12.71,23.72
5251,天鉞電,* 2023/03,29.26,109.45,159.4
5258,虹堡,* 2023/03,625.56,23.56,13.48
5263,智崴,* 2023/03,75.43,25.47,21.09
5269,祥碩,* 2023/03,443.82,-8.11,15.12
5272,笙科,* 2023/03,38.45,-34.93,32.91
5274,信驊,* 2023/03,382.45,-11.67,71.42
5276,達輝-KY,* 2023/03,85.48,-8.49,18.95
5278,尚凡,* 2023/03,137.48,-3.75,-5.62
5281,大峽谷-KY,* 2023/03,43.55,-39.24,10.67
5283,禾聯碩,* 2023/03,528.6,-33.31,71.9
5284,jpp-KY,* 2023/03,171.6,25.73,-7.29
5285,界霖,* 2023/03,481.5,-12.04,12.97
5287,數字,* 2023/03,165.81,5.32,7.45
5288,豐祥-KY,* 2023/03,722.65,13.94,20.4
5289,宜鼎,* 2023/03,864.13,-7.42,27.13
5291,邑昇,* 2023/03,122.44,-10.23,39.42
5299,杰力,* 2023/03,150.44,-40.4,47.27
5301,寶得利,* 2023/03,4.82,11.57,-43.29
5302,太欣,* 2023/03,2.26,56.94,564.71
5306,桂盟,* 2023/03,550.76,-19.56,29.59
5309,系統電,* 2023/03,289.23,-6.74,-1.67
5310,天剛,* 2023/03,1.34,-70.74,135.09
5312,寶島科,* 2023/03,303.35,5.44,-11.33
5314,世紀,* 2023/03,5.79,412.39,36.56
5315,光聯,* 2023/03,166.54,7.26,8.59
5321,美而快,* 2023/03,250.99,-2.72,12.74
5324,士開,* 2023/03,30.71,12.2,-24.73
5328,華容,* 2023/03,82.18,-10.18,-4.7
5340,建榮,* 2023/03,120.45,1.69,21.72
5344,立衛,* 2023/03,20.36,-28.51,30.85
5345,天揚,* 2023/03,0.71,-31.73,129.03
5347,世界,* 2023/03,4109.85,-18.91,65.44
5348,系通,* 2023/03,9.41,-20.46,26.99
5351,鈺創,* 2023/03,294.1,-47.26,56.17
5353,台林,* 2023/03,154.88,11.11,11.48
5355,佳總,* 2023/03,46.52,8.87,16.42
5356,協益,* 2023/03,352.39,5.81,38.38
5364,力麗店,* 2023/03,28.3,-5.95,-19.24
5371,中光電,* 2023/03,3660.65,-21.9,16.94
5381,合正,* 2023/03,33.36,13.39,67.64
5383,金利,* 2023/03,114.85,-19.92,3.25
5386,青雲,* 2023/03,259.88,-36.05,94.81
5388,中磊,* 2023/03,4997.06,4.29,-7.38
5392,能率,* 2023/03,830.33,-15.44,26.26
5398,慕康生醫,* 2023/03,22.67,16.02,65.47
5403,中菲,* 2023/03,353.27,-5.18,-17.13
5410,國眾,* 2023/03,599.41,166.22,158.21
5425,台半,* 2023/03,1348.48,-1.12,19.87
5426,振發,* 2023/03,182.7,13.94,52.24
5432,新門,* 2023/03,16.9,-1.23,20.03
5434,崇越,* 2023/03,4362.46,-4.15,14.39
5438,東友,* 2023/03,171.94,46.16,133.27
5439,高技,* 2023/03,273.55,-0.35,-22.52
5443,均豪,* 2023/03,391.18,-21.45,123.19
5450,南良,* 2023/03,252.72,-23.87,34.57
5452,佶優,* 2023/03,495.25,-28.7,8.73
5455,昇益,* 2023/03,12.68,11.72,6944.44
5457,宣德,* 2023/03,1257.33,-24.5,17.07
5460,同協,* 2023/03,31.36,-18.97,27.07
5464,霖宏,* 2023/03,149.18,48.62,67.56
5465,富驊,* 2023/03,387.53,6.51,11.98
5468,凱鈺,* 2023/03,13.09,-35.04,70.22
5469,瀚宇博,* 2023/03,3532.44,-18.5,9.73
5471,松翰,* 2023/03,247.04,-36.01,40.68
5474,聰泰,* 2023/03,83.23,-48.83,-4.45
5475,德宏,* 2023/03,53.3,-13.14,-0.78
5478,智冠,* 2023/03,538.26,17.99,8.59
5481,新華,* 2023/03,7.23,-6.35,-11.07
5483,中美晶,* 2023/03,7533.31,12.65,11.9
5484,慧友,* 2023/03,29.48,67.21,-19.14
5487,通泰,* 2023/03,17.74,-21.57,22.51
5488,松普,* 2023/03,129.97,46.35,45.53
5489,彩富,* 2023/03,132.07,-12.74,9.36
5490,同亨,* 2023/03,108.31,-22.94,77.73
5493,三聯,* 2023/03,296.36,-10.07,10.57
5498,凱崴,* 2023/03,109.66,-16.83,32.57
5508,永信建,* 2023/03,306.06,-49.11,72.65
5511,德昌,* 2023/03,741.2,16.12,-16.7
5512,力麒,* 2023/03,675.74,34.14,78.22
5514,三豐,* 2023/03,0.79,58.0,43.64
5515,建國,* 2023/03,399.1,3.46,19.13
5516,雙喜,* 2023/03,221.66,18.95,39.82
5519,隆大,* 2023/03,708.63,1155.1,565.01
5520,力泰,* 2023/03,286.86,-11.35,10.12
5521,工信,* 2023/03,272.6,-14.68,-20.56
5522,遠雄,* 2023/03,1791.33,-11.14,5.7
5523,豐謙,* 2023/03,65.27,142.46,-32.26
5525,順天,* 2023/03,421.58,-75.8,328.04
5529,鉅陞,* 2023/03,30.17,447.55,313.29
5530,龍巖,* 2023/03,360.65,-9.71,28.52
5531,鄉林,* 2023/03,67.27,-37.3,-41.32
5533,皇鼎,* 2023/03,378.94,-77.09,-47.59
5534,長虹,* 2023/03,787.6,25.69,877.29
5536,聖暉*,* 2023/03,2326.48,-3.63,27.15
5538,東明-KY,* 2023/03,1283.68,-18.74,8.37
5543,桓鼎-KY,* 2023/03,240.29,-14.19,17.4
5546,永固-KY,* 2023/03,350.28,-23.25,42.26
5601,台聯櫃,* 2023/03,7.07,1.87,1.58
5603,陸海,* 2023/03,148.94,-30.16,-6.8
5604,中連,* 2023/03,14.7,10.11,12.04
5607,遠雄港,* 2023/03,248.98,-14.6,9.38
5608,四維航,* 2023/03,413.48,-29.31,65.57
5609,中菲行,* 2023/03,2562.02,-39.42,60.79
5701,劍湖山,* 2023/03,41.22,-17.59,5.5
5703,亞都,* 2023/03,22.37,25.32,-26.73
5704,老爺知,* 2023/03,39.88,1.71,-10.28
5706,鳳凰,* 2023/03,28.51,330.66,-67.46
5864,致和證,* 2023/03,74.64,-30.81,-68.44
5871,中租-KY,* 2023/03,7284.79,-0.42,0.04
5876,上海商銀,* 2023/03,4164.69,5.19,12.36
5878,台名,* 2023/03,65.65,-12.51,21.3
5880,合庫金,* 2023/03,4171.16,5.56,-2.17
5902,德記,* 2023/03,185.74,-14.95,-9.17
5903,全家,* 2023/03,7590.63,3.03,9.44
5904,寶雅,* 2023/03,1522.66,3.92,-4.84
5905,南仁湖,* 2023/03,71.71,-20.63,-11.22
5906,台南-KY,* 2023/03,149.15,15.35,2.14
5907,大洋-KY,* 2023/03,325.29,-14.79,9.31
6005,群益證,* 2023/03,473.87,-40.01,-48.05
6015,宏遠證,* 2023/03,-577.07,-711.5,-554.6
6016,康和證,* 2023/03,191.6,-18.68,-54.51
6020,大展證,* 2023/03,-94.68,471.05,-252.49
6021,美好證,* 2023/03,67.68,-18.86,12.74
6023,元大期,* 2023/03,431.0,10.55,58.35
6024,群益期,* 2023/03,260.72,-0.06,58.55
6026,福邦證,* 2023/03,-8.45,-116.93,-107.22
6101,寬魚國際,* 2023/03,4.06,222.22,-84.69
6103,合邦,* 2023/03,9.7,180.35,94.39
6104,創惟,* 2023/03,205.85,-51.13,14.44
6108,競國,* 2023/03,534.82,-24.89,16.19
6109,亞元,* 2023/03,103.41,-19.81,5.36
6111,大宇資,* 2023/03,211.65,112.84,103.94
6112,邁達特,* 2023/03,1055.18,8.41,-0.97
6113,亞矽,* 2023/03,173.0,-23.81,37.99
6114,久威,* 2023/03,121.34,-33.9,22.95
6115,鎰勝,* 2023/03,591.63,-18.85,18.32
6116,彩晶,* 2023/03,1367.72,-21.38,78.42
6117,迎廣,* 2023/03,197.1,-13.03,25.19
6118,建達,* 2023/03,737.59,-7.09,20.14
6120,達運,* 2023/03,1045.19,-36.42,-7.39
6121,新普,* 2023/03,7076.02,-13.21,11.18
6122,擎邦,* 2023/03,238.24,49.36,-45.63
6123,上奇,* 2023/03,462.51,23.69,16.87
6124,業強,* 2023/03,169.45,-33.83,-4.22
6125,廣運,* 2023/03,427.43,8.18,-5.34
6126,信音,* 2023/03,311.91,-15.69,18.46
6127,九豪,* 2023/03,62.23,-33.56,2.67
6128,上福,* 2023/03,541.89,-8.22,27.53
6129,普誠,* 2023/03,172.02,8.62,7.34
6130,星寶國際,* 2023/03,8.62,52.57,-55.54
6133,金橋,* 2023/03,94.32,-14.39,62.56
6134,萬旭,* 2023/03,127.67,-0.67,34.97
6136,富爾特,* 2023/03,38.08,-9.48,-1.45
6138,茂達,* 2023/03,427.26,-36.93,25.4
6139,亞翔,* 2023/03,2714.1,2.71,-9.18
6140,訊達,* 2023/03,141.1,1.02,-8.76
6141,柏承,* 2023/03,248.76,-28.78,57.44
6142,友勁,* 2023/03,367.79,43.4,8.28
6143,振曜,* 2023/03,517.54,25.49,-8.52
6144,得利影,* 2023/03,20.21,6.82,40.93
6146,耕興,* 2023/03,398.07,-3.0,-2.93
6147,頎邦,* 2023/03,1798.95,-24.71,28.15
6148,驊宏資,* 2023/03,47.42,34.52,11.71
6150,撼訊,* 2023/03,332.81,-47.8,-12.44
6151,晉倫,* 2023/03,156.64,-11.51,15.5
6152,百一,* 2023/03,246.06,41.37,27.83
6153,嘉聯益,* 2023/03,1107.84,-11.47,101.12
6154,順發,* 2023/03,316.39,-16.01,3.05
6155,鈞寶,* 2023/03,63.12,-21.82,31.28
6156,松上,* 2023/03,319.59,-2.6,17.21
6158,禾昌,* 2023/03,148.53,-29.37,28.36
6160,欣技,* 2023/03,107.14,-2.81,-17.45
6161,捷波,* 2023/03,120.93,-30.89,51.47
6163,華電網,* 2023/03,426.35,-21.21,-43.75
6164,華興,* 2023/03,73.05,-12.0,47.07
6165,浪凡,* 2023/03,187.66,-26.94,-6.68
6166,凌華,* 2023/03,1122.08,11.48,43.22
6167,久正,* 2023/03,167.71,-10.47,11.75
6168,宏齊,* 2023/03,195.17,-20.57,12.41
6169,昱泉,* 2023/03,0.88,633.33,-27.87
6170,統振,* 2023/03,188.24,-27.39,9.4
6171,大城地產,* 2023/03,312.53,5392.62,2341.64
6173,信昌電,* 2023/03,317.37,-29.34,11.1
6174,安碁,* 2023/03,57.42,-28.72,64.43
6175,立敦,* 2023/03,297.26,-20.69,17.19
6176,瑞儀,* 2023/03,4331.12,-24.39,51.4
6177,達麗,* 2023/03,2777.64,-32.0,66.64
6179,亞通,* 2023/03,207.58,-4.47,-16.79
6180,橘子,* 2023/03,945.58,-1.26,10.57
6182,合晶,* 2023/03,1031.79,-0.57,15.41
6183,關貿,* 2023/03,167.19,-7.98,-7.54
6184,大豐電,* 2023/03,165.69,-0.16,-2.37
6185,幃翔,* 2023/03,56.24,16.15,0.11
6186,新潤,* 2023/03,271.87,inf,2677.02
6187,萬潤,* 2023/03,163.06,-38.95,125.03
6188,廣明,* 2023/03,1056.54,6.73,31.62
6189,豐藝,* 2023/03,2337.62,-22.44,-5.59
6190,萬泰科,* 2023/03,772.42,-9.18,43.5
6191,精成科,* 2023/03,1880.61,-16.63,11.54
6192,巨路,* 2023/03,562.73,-0.83,15.2
6194,育富,* 2023/03,93.56,1.78,6.39
6195,詩肯,* 2023/03,155.14,-14.6,3.47
6196,帆宣,* 2023/03,4390.54,25.82,-7.16
6197,佳必琪,* 2023/03,326.54,7.37,-5.59
6198,瑞築,* 2023/03,0.47,-18.97,2250.0
6199,天品,* 2023/03,13.23,61.54,-3.43
6201,亞弘電,* 2023/03,239.51,-0.21,12.22
6202,盛群,* 2023/03,410.51,-26.95,56.02
6203,海韻電,* 2023/03,176.78,-7.36,-5.26
6204,艾華,* 2023/03,23.9,-20.28,24.09
6205,詮欣,* 2023/03,149.64,-7.59,-10.75
6206,飛捷,* 2023/03,394.86,-22.37,61.92
6207,雷科,* 2023/03,107.52,-1.03,80.1
6208,日揚,* 2023/03,333.66,-1.73,-9.41
6209,今國光,* 2023/03,296.24,-21.0,27.31
6210,慶生,* 2023/03,44.2,-35.3,66.23
6212,理銘,* 2023/03,18.8,42.97,90.48
6213,聯茂,* 2023/03,2391.01,-13.28,15.88
6214,精誠,* 2023/03,2846.73,1.09,10.94
6215,和椿,* 2023/03,141.4,-20.47,49.0
6216,居易,* 2023/03,78.41,-41.25,17.27
6217,中探針,* 2023/03,248.15,-12.84,-0.97
6218,豪勉,* 2023/03,60.17,-18.81,-31.63
6219,富旺,* 2023/03,51.15,865.09,11266.67
6220,岳豐,* 2023/03,887.94,-18.33,34.02
6221,晉泰,* 2023/03,446.47,22.55,36.4
6222,上揚,* 2023/03,0.74,-57.23,362.5
6223,旺矽,* 2023/03,588.71,-4.28,0.65
6224,聚鼎,* 2023/03,204.69,-28.22,-12.0
6225,天瀚,* 2023/03,2.02,31.17,34.67
6226,光鼎,* 2023/03,84.36,-38.18,89.66
6227,茂綸,* 2023/03,1260.22,16.38,12.28
6228,全譜,* 2023/03,3.67,33.45,25.68
6229,研通,* 2023/03,107.37,-30.57,43.27
6230,尼得科超眾,* 2023/03,992.01,20.92,6.61
6231,系微,* 2023/03,114.24,-13.55,27.93
6233,旺玖,* 2023/03,36.95,3.53,37.82
6234,高僑,* 2023/03,106.11,-83.01,109.83
6235,華孚,* 2023/03,343.63,0.54,-21.66
6236,康呈,* 2023/03,3.09,37.95,-15.11
6237,驊訊,* 2023/03,52.29,-33.64,95.62
6239,力成,* 2023/03,6371.79,-10.33,22.16
6240,松崗,* 2023/03,1.78,67.92,-43.13
6241,易通展,* 2023/03,96.87,-18.2,89.94
6242,立康,* 2023/03,64.53,43.94,30.92
6243,迅杰,* 2023/03,61.01,-20.99,-7.56
6244,茂迪,* 2023/03,481.0,27.18,0.19
6245,立端,* 2023/03,893.2,25.71,26.12
6246,臺龍,* 2023/03,136.79,-16.18,6.11
6248,沛波,* 2023/03,591.7,6.37,-27.46
6257,矽格,* 2023/03,1387.02,-19.89,18.59
6259,百徽,* 2023/03,44.37,-24.57,7.04
6261,久元,* 2023/03,379.51,-23.52,48.26
6263,普萊德,* 2023/03,145.74,11.09,-13.6
6264,富裔,* 2023/03,154.07,774.4,599.05
6265,方土昶,* 2023/03,87.22,-37.27,30.73
6266,泰詠,* 2023/03,313.7,18.1,9.3
6269,台郡,* 2023/03,2501.38,-26.5,-0.28
6270,倍微,* 2023/03,360.97,-29.99,11.56
6271,同欣電,* 2023/03,1075.65,-13.88,11.91
6274,台燿,* 2023/03,1509.26,-13.08,20.23
6275,元山,* 2023/03,318.72,-7.38,18.49
6276,安鈦克,* 2023/03,93.5,-16.58,7.48
6277,宏正,* 2023/03,494.23,8.61,25.4
6278,台表科,* 2023/03,4325.79,-28.12,47.05
6279,胡連,* 2023/03,558.35,23.92,10.74
6281,全國電,* 2023/03,1348.85,-12.97,-1.98
6282,康舒,* 2023/03,2216.02,-5.14,41.06
6283,淳安,* 2023/03,132.58,-25.53,74.68
6284,佳邦,* 2023/03,473.84,-18.0,0.97
6285,啟碁,* 2023/03,8203.47,13.61,-0.7
6287,元隆,* 2023/03,135.46,-14.36,47.03
6288,聯嘉,* 2023/03,356.74,20.38,17.83
6290,良維,* 2023/03,665.7,-1.98,44.45
6291,沛亨,* 2023/03,92.95,-27.74,-21.69
6292,迅德,* 2023/03,136.67,-5.42,46.39
6294,智基,* 2023/03,86.24,1.75,18.32
6404,通訊-KY,* 2023/03,0.77,28.33,54.0
6405,悅城,* 2023/03,25.17,-48.12,14.72
6409,旭隼,* 2023/03,1870.31,11.86,46.2
6411,晶焱,* 2023/03,205.63,-31.26,0.99
6412,群電,* 2023/03,3248.57,-16.01,26.31
6414,樺漢,* 2023/03,9525.29,-0.39,0.04
6415,矽力*-KY,* 2023/03,1626.99,-26.78,48.76
6416,瑞祺電通,* 2023/03,449.98,1.97,27.74
6417,韋僑,* 2023/03,114.94,25.78,19.02
6418,詠昇,* 2023/03,58.09,-24.52,18.58
6419,京晨科,* 2023/03,16.84,-22.43,13.86
6425,易發,* 2023/03,96.92,-61.09,172.78
6426,統新,* 2023/03,54.97,-12.29,132.92
6431,光麗-KY,* 2023/03,27.82,32.79,34.46
6432,今展科,* 2023/03,78.89,-32.57,2.03
6435,大中,* 2023/03,205.83,-38.69,15.29
6438,迅得,* 2023/03,523.17,13.71,0.0
6441,廣錠,* 2023/03,42.3,-12.84,-21.72
6442,光聖,* 2023/03,242.12,-8.01,14.99
6443,元晶,* 2023/03,737.09,6.9,12.73
6446,藥華藥,* 2023/03,226.89,71.8,-26.24
6449,鈺邦,* 2023/03,184.19,-31.22,1.29
6451,訊芯-KY,* 2023/03,474.85,54.81,14.34
6456,GIS-KY,* 2023/03,8736.96,-32.02,100.65
6457,紘康,* 2023/03,66.81,-24.66,38.5
6461,益得,* 2023/03,2.1,-31.15,1515.38
6462,神盾,* 2023/03,342.79,-15.38,7.08
6464,台數科,* 2023/03,367.9,2.73,7.15
6465,威潤,* 2023/03,14.64,1.53,-25.15
6469,大樹,* 2023/03,1154.79,7.33,-1.58
6470,宇智,* 2023/03,209.51,7.1,11.55
6472,保瑞,* 2023/03,1411.76,244.79,-10.38
6477,安集,* 2023/03,201.65,-31.7,27.55
6482,弘煜科,* 2023/03,27.71,8.54,18.67
6485,點序,* 2023/03,136.81,-26.87,0.43
6486,互動,* 2023/03,154.98,40.0,48.04
6488,環球晶,* 2023/03,6583.7,14.82,10.07
6491,晶碩,* 2023/03,445.04,-13.92,0.38
6492,生華科,* 2023/03,,,0.0
6494,九齊,* 2023/03,117.88,-38.13,26.18
6496,科懋,* 2023/03,60.7,-10.34,29.31
6499,益安,* 2023/03,23.84,358.46,62.95
6504,南六,* 2023/03,516.51,6.49,15.86
6505,台塑化,* 2023/03,68841.31,0.09,8.99
6506,雙邦,* 2023/03,243.79,-3.05,47.91
6508,惠光,* 2023/03,279.52,2.39,71.86
6509,聚和,* 2023/03,472.53,-16.38,50.05
6510,精測,* 2023/03,348.54,7.65,56.3
6512,啟發電,* 2023/03,25.14,-2.9,43.58
6514,芮特-KY,* 2023/03,61.1,-20.47,41.17
6515,穎崴,* 2023/03,330.75,29.32,3.29
6516,勤崴國際,* 2023/03,47.47,81.05,22.92
6517,保勝光學,* 2023/03,50.72,8.03,13.72
6523,達爾膚,* 2023/03,73.0,-1.55,10.19
6525,捷敏-KY,* 2023/03,416.98,2.35,16.54
6527,明達醫,* 2023/03,73.89,42.34,0.63
6530,創威,* 2023/03,24.38,-9.7,81.4
6531,愛普*,* 2023/03,372.96,-26.4,55.72
6532,瑞耘,* 2023/03,53.5,0.51,32.1
6533,晶心科,* 2023/03,59.92,-46.8,-42.68
6535,順藥,* 2023/03,9.19,6464.29,202.3
6538,倉和,* 2023/03,133.67,4.3,19.73
6541,泰福-KY,* 2023/03,,,0.0
6542,隆中,* 2023/03,64.57,-5.09,2.3
6546,正基,* 2023/03,235.46,-31.14,56.14
6547,高端疫苗,* 2023/03,,,
6548,長科*,* 2023/03,1056.59,-16.69,18.75
6550,北極星藥業-KY,* 2023/03,,,
6552,易華電,* 2023/03,160.91,-33.36,40.64
6556,勝品,* 2023/03,191.65,-12.4,12.6
6558,興能高,* 2023/03,94.56,-6.86,3.92
6560,欣普羅,* 2023/03,16.28,-62.63,26.01
6561,是方,* 2023/03,256.01,-2.54,-0.73
6568,宏觀,* 2023/03,129.78,25.37,63.82
6569,醫揚,* 2023/03,129.05,-27.28,21.68
6570,維田,* 2023/03,96.95,26.62,26.63
6573,虹揚-KY,* 2023/03,106.02,-13.21,3.74
6574,霈方,* 2023/03,59.71,-16.3,49.16
6576,逸達,* 2023/03,195.14,192.87,92823.81
6577,勁豐,* 2023/03,148.02,-8.39,16.09
6578,達邦蛋白,* 2023/03,34.84,-35.47,4.25
6579,研揚,* 2023/03,711.16,-10.0,15.93
6581,鋼聯,* 2023/03,117.75,-22.8,14.28
6582,申豐,* 2023/03,122.42,-43.93,220.98
6585,鼎基,* 2023/03,243.74,11.41,22.21
6588,東典,* 2023/03,12.0,-49.52,30.43
6589,台康生技,* 2023/03,90.31,20.62,11.49
6590,普鴻,* 2023/03,48.71,14.67,-1.4
6591,動力-KY,* 2023/03,140.12,-50.18,42.78
6592,和潤企業,* 2023/03,1923.79,6.96,-8.6
6593,台灣銘板,* 2023/03,46.26,-9.45,12.17
6594,展匯科,* 2023/03,25.76,-50.97,126.96
6596,寬宏藝術,* 2023/03,87.37,-24.78,-16.54
6598,ABC-KY,* 2023/03,52.62,125.35,158.45
6603,富強鑫,* 2023/03,379.74,-13.66,40.41
6605,帝寶,* 2023/03,1674.26,13.1,9.07
6606,建德工業,* 2023/03,97.36,-8.33,57.57
6609,瀧澤科,* 2023/03,289.52,7.48,22.46
6612,奈米醫材,* 2023/03,41.78,-7.03,-18.25
6613,朋億*,* 2023/03,720.2,-11.48,54.53
6615,慧智,* 2023/03,43.46,-8.25,12.01
6616,特昇-KY,* 2023/03,119.14,-20.72,62.56
6624,萬年清,* 2023/03,32.75,201.84,88.54
6625,必應,* 2023/03,102.11,175.08,58.75
6629,泰金-KY,* 2023/03,119.67,4.28,63.91
6640,均華,* 2023/03,122.73,-35.06,75.1
6641,基士德-KY,* 2023/03,156.35,8.98,21.61
6642,富致,* 2023/03,40.09,-21.05,17.98
6643,M31,* 2023/03,97.23,13.63,-7.58
6649,台生材,* 2023/03,4.84,-31.93,-54.55
6651,全宇昕,* 2023/03,133.58,-16.22,40.79
6654,天正國際,* 2023/03,37.83,-6.8,12.76
6655,科定,* 2023/03,208.72,-4.61,20.85
6661,威健生技,* 2023/03,24.12,-27.13,54.42
6662,樂斯科,* 2023/03,22.57,3.11,10.15
6664,群翊,* 2023/03,219.4,9.57,22.47
6666,羅麗芬-KY,* 2023/03,89.05,12.51,29.64
6667,信紘科,* 2023/03,209.5,7.42,34.21
6668,中揚光,* 2023/03,123.93,11.43,71.96
6669,緯穎,* 2023/03,21949.01,-9.61,-4.55
6670,復盛應用,* 2023/03,2903.11,3.06,43.38
6671,三能-KY,* 2023/03,166.11,2.77,29.7
6672,騰輝電子-KY,* 2023/03,454.23,-26.86,18.38
6674,鋐寶科技,* 2023/03,186.94,-25.53,236.22
6679,鈺太,* 2023/03,138.09,-37.87,18.51
6680,鑫創電子,* 2023/03,39.08,18.82,-16.16
6683,雍智科技,* 2023/03,135.74,-1.32,12.5
6684,安格,* 2023/03,36.93,-37.69,145.55
6689,伊雲谷,* 2023/03,710.93,-4.68,6.33
6690,安碁資訊,* 2023/03,145.36,1.78,22.81
6691,洋基工程,* 2023/03,1282.81,9.21,7.36
6693,廣閎科,* 2023/03,104.35,-17.07,15.66
6695,芯鼎,* 2023/03,86.93,-16.53,13.84
6697,東捷資訊,* 2023/03,86.52,-5.73,0.84
6698,旭暉應材,* 2023/03,103.67,-5.18,10.48
6703,軒郁,* 2023/03,147.01,16.54,1.24
6706,惠特,* 2023/03,300.6,-50.4,128.35
6708,天擎,* 2023/03,25.67,-27.53,137.91
6712,長聖,* 2023/03,,,0.0
6715,嘉基,* 2023/03,216.69,-25.68,-9.8
6716,應廣,* 2023/03,77.93,-29.55,49.41
6719,力智,* 2023/03,442.59,-22.61,86.24
6721,信實,* 2023/03,225.17,2.8,-4.7
6727,亞泰金屬,* 2023/03,83.81,-18.31,-38.36
6728,上洋,* 2023/03,222.96,0.8,14.29
6732,昇佳電子,* 2023/03,276.33,-44.17,5.26
6733,博晟生醫,* 2023/03,,,0.0
6735,美達科技,* 2023/03,39.66,-34.59,157.7
6741,91APP*-KY,* 2023/03,98.19,1.67,-3.57
6743,安普新,* 2023/03,292.8,-24.39,21.76
6747,亨泰光,* 2023/03,75.63,-6.33,6.37
6751,智聯服務,* 2023/03,127.68,-2.37,-3.9
6752,叡揚,* 2023/03,103.03,-4.32,-11.57
6753,龍德造船,* 2023/03,502.75,-5.7,70.81
6754,匯僑設計,* 2023/03,,,0.0
6756,威鋒電子,* 2023/03,189.82,-45.83,65.42
6761,穩得,* 2023/03,159.08,-3.53,20.81
6762,達亞,* 2023/03,36.98,31.32,-22.77
6763,綠界科技,* 2023/03,122.36,-4.64,10.51
6767,台微醫,* 2023/03,17.68,3.27,-19.01
6768,志強-KY,* 2023/03,1650.63,13.62,105.64
6770,力積電,* 2023/03,5570.75,-22.67,50.93
6776,展碁國際,* 2023/03,1743.03,-16.8,14.26
6781,AES-KY,* 2023/03,1129.68,-13.93,10.46
6782,視陽,* 2023/03,212.01,-3.58,49.18
6788,華景電,* 2023/03,109.76,10.26,-11.24
6789,采鈺,* 2023/03,743.78,-16.78,52.26
6790,永豐實,* 2023/03,913.07,16.33,17.33
6791,虎門科技,* 2023/03,36.75,-2.36,-18.19
6792,詠業,* 2023/03,131.77,-16.9,42.58
6796,晉弘,* 2023/03,41.12,-11.57,-6.82
6799,來頡,* 2023/03,89.15,-19.49,24.86
6803,崑鼎,* 2023/03,552.04,6.32,-4.57
6804,明係,* 2023/03,269.08,10.45,-8.13
6806,森崴能源,* 2023/03,513.86,33.92,16.94
6807,峰源-KY,* 2023/03,374.73,0.84,61.01
6811,宏碁資訊,* 2023/03,567.54,-0.04,8.93
6823,濾能,* 2023/03,82.62,-5.34,91.83
6829,千附精密,* 2023/03,152.05,-11.12,46.4
6830,汎銓,* 2023/03,132.32,-2.59,14.89
6834,天二科技,* 2023/03,96.99,-22.89,37.61
6835,圓裕,* 2023/03,235.38,-11.65,69.63
6840,東研信超,* 2023/03,68.44,-4.05,1.83
6841,長佳智能,* 2023/03,28.27,528.22,664.05
6843,進典,* 2023/03,86.03,4.52,36.99
6855,數泓科,* 2023/03,45.97,18.17,23.98
6859,伯特光,* 2023/03,84.51,-4.1,3.66
6861,睿生光電,* 2023/03,182.49,8.83,9.37
6863,永道-KY,* 2023/03,158.09,,-7.47
6865,偉康科技,* 2023/03,42.38,-8.7,12.29
6874,倍力,* 2023/03,285.95,-16.45,172.88
7402,邑錡,* 2023/03,49.88,-8.8,46.15
7556,意德士科技,* 2023/03,42.87,-4.97,-7.93
8011,台通,* 2023/03,133.38,-11.61,6.38
8016,矽創,* 2023/03,1236.71,-34.01,16.94
8021,尖點,* 2023/03,238.59,-21.45,22.79
8024,佑華,* 2023/03,31.7,-7.12,55.16
8027,鈦昇,* 2023/03,271.86,-38.62,162.57
8028,昇陽半導體,* 2023/03,269.01,8.29,-3.74
8032,光菱,* 2023/03,368.64,-2.15,40.57
8033,雷虎,* 2023/03,103.1,1.21,20.5
8034,榮群,* 2023/03,42.12,203.46,387.5
8038,長園科,* 2023/03,20.25,93.23,-35.69
8039,台虹,* 2023/03,622.95,-23.68,44.45
8040,九暘,* 2023/03,96.62,21.28,42.89
8042,金山電,* 2023/03,226.46,-29.89,-0.18
8043,蜜望實,* 2023/03,389.82,-31.17,4.39
8044,網家,* 2023/03,3514.82,-5.97,6.28
8046,南電,* 2023/03,4829.88,-7.13,17.53
8047,星雲,* 2023/03,48.58,-10.4,-1.82
8048,德勝,* 2023/03,89.93,11.78,-13.79
8049,晶采,* 2023/03,213.8,9.97,-0.24
8050,廣積,* 2023/03,555.45,-18.69,-9.47
8054,安國,* 2023/03,162.51,23.22,24.01
8059,凱碩,* 2023/03,83.75,-15.59,-6.55
8064,東捷,* 2023/03,311.44,-1.87,10.63
8066,來思達,* 2023/03,464.9,-8.18,55.3
8067,志旭,* 2023/03,11.22,-58.57,54.55
8068,全達,* 2023/03,83.85,-41.86,204.36
8069,元太,* 2023/03,2607.95,11.89,11.16
8070,長華*,* 2023/03,1684.59,-16.96,26.64
8071,能率網通,* 2023/03,162.0,-26.2,-0.41
8072,陞泰,* 2023/03,103.75,-13.23,20.11
8074,鉅橡,* 2023/03,116.56,-14.89,43.9
8076,伍豐,* 2023/03,196.21,9.02,40.54
8077,洛碁,* 2023/03,43.05,9.15,-31.38
8080,永利聯合,* 2023/03,34.12,14.11,578.33
8081,致新,* 2023/03,632.83,-32.5,19.2
8083,瑞穎,* 2023/03,131.28,-32.53,74.95
8084,巨虹,* 2023/03,90.79,1.62,6.24
8085,福華,* 2023/03,78.72,-5.51,34.77
8086,宏捷科,* 2023/03,151.71,-16.77,44.55
8087,華鎂鑫,* 2023/03,16.66,166.13,12.11
8088,品安,* 2023/03,172.32,11.53,66.46
8089,康全電訊,* 2023/03,122.2,-19.62,82.06
8091,翔名,* 2023/03,178.05,11.48,20.74
8092,建暐,* 2023/03,35.24,37.33,16.34
8093,保銳,* 2023/03,26.52,0.87,29.24
8096,擎亞,* 2023/03,1889.65,-41.22,69.5
8097,常珵,* 2023/03,176.47,92.02,210.41
8099,大世科,* 2023/03,350.3,-25.91,-10.97
8101,華冠,* 2023/03,30.71,-33.66,46.52
8103,瀚荃,* 2023/03,283.95,-16.0,62.15
8104,錸寶,* 2023/03,238.4,90.51,8.97
8105,凌巨,* 2023/03,845.1,-7.14,14.56
8107,大億金茂,* 2023/03,75.82,4.25,13.69
8109,博大,* 2023/03,152.01,4.99,-3.91
8110,華東,* 2023/03,679.8,-11.49,6.46
8111,立碁,* 2023/03,72.04,-1.1,11.97
8112,至上,* 2023/03,13412.42,-31.3,56.73
8114,振樺電,* 2023/03,938.91,-16.76,32.12
8121,越峰,* 2023/03,259.11,-13.5,21.64
8131,福懋科,* 2023/03,890.48,0.86,21.27
8147,正淩,* 2023/03,102.78,-2.09,27.31
8150,南茂,* 2023/03,1831.85,-22.23,27.45
8155,博智,* 2023/03,262.18,-13.87,14.81
8163,達方,* 2023/03,2162.4,-21.44,17.8
8171,天宇,* 2023/03,102.22,-47.77,43.57
8176,智捷,* 2023/03,15.59,-17.21,-32.22
8182,加高,* 2023/03,216.92,-14.93,35.61
8183,精星,* 2023/03,603.2,-3.5,23.52
8201,無敵,* 2023/03,62.54,26.7,105.59
8210,勤誠,* 2023/03,837.26,2.87,56.46
8213,志超,* 2023/03,1634.31,-34.01,24.8
8215,明基材,* 2023/03,1310.34,-6.41,-1.88
8222,寶一,* 2023/03,49.3,65.71,-9.16
8227,巨有科,* 2023/03,91.18,39.85,7.68
8234,新漢,* 2023/03,627.27,-15.45,16.81
8240,華宏,* 2023/03,693.41,-28.28,45.97
8249,菱光,* 2023/03,322.45,5.23,-9.03
8255,朋程,* 2023/03,409.48,14.27,21.22
8261,富鼎,* 2023/03,281.21,-30.46,42.48
8271,宇瞻,* 2023/03,794.61,4.6,44.26
8277,商丞,* 2023/03,44.64,78.49,386.27
8279,生展,* 2023/03,155.77,14.74,13.47
8284,三竹,* 2023/03,193.86,-8.78,2.8
8289,泰藝,* 2023/03,196.95,-14.2,23.04
8291,尚茂,* 2023/03,8.95,-27.35,106.22
8299,群聯,* 2023/03,4986.53,-21.84,52.27
8341,日友,* 2023/03,302.41,-11.83,16.55
8342,益張,* 2023/03,142.49,-28.27,52.12
8349,恒耀,* 2023/03,938.74,-2.82,7.87
8354,冠好,* 2023/03,64.08,-6.71,31.99
8358,金居,* 2023/03,563.6,-14.66,-3.26
8367,建新國際,* 2023/03,181.36,-8.31,10.83
8374,羅昇,* 2023/03,364.91,-6.98,45.32
8383,千附,* 2023/03,357.28,3.21,46.97
8390,金益鼎,* 2023/03,340.52,-1.67,37.52
8401,白紗科,* 2023/03,128.4,5.06,16.33
8403,盛弘,* 2023/03,334.3,-17.13,37.96
8404,百和興業-KY,* 2023/03,1163.04,35.14,155.8
8409,商之器,* 2023/03,29.63,-84.55,125.32
8410,森田,* 2023/03,94.04,-20.25,15.06
8411,福貞-KY,* 2023/03,652.69,-7.25,15.25
8415,大國鋼,* 2023/03,2448.14,-0.29,15.69
8416,實威,* 2023/03,113.79,-19.66,33.76
8418,捷必勝-KY,* 2023/03,126.91,17.01,19.68
8420,明揚,* 2023/03,319.07,17.66,-5.11
8421,旭源,* 2023/03,116.03,1.0,20.95
8422,可寧衛,* 2023/03,530.63,38.31,14.46
8423,保綠-KY,* 2023/03,31.37,13.91,21.12
8424,惠普,* 2023/03,96.03,-10.1,23.12
8426,紅木-KY,* 2023/03,145.15,34.44,-8.64
8429,金麗-KY,* 2023/03,15.97,6.11,216.87
8431,匯鑽科,* 2023/03,91.0,-0.05,17.78
8432,東生華,* 2023/03,42.99,1.54,24.11
8433,弘帆,* 2023/03,193.23,-14.65,38.91
8435,鉅邁,* 2023/03,63.49,-8.19,26.8
8436,大江,* 2023/03,653.94,19.02,16.56
8437,大地-KY,* 2023/03,42.81,-31.35,57.39
8438,昶昕,* 2023/03,292.44,-18.03,18.11
8440,綠電,* 2023/03,74.82,-10.64,6.61
8442,威宏-KY,* 2023/03,713.11,22.41,8.94
8443,阿瘦,* 2023/03,93.12,-14.77,5.66
8444,綠河-KY,* 2023/03,271.96,-46.92,-24.53
8446,華研,* 2023/03,73.83,-18.64,-17.04
8450,霹靂,* 2023/03,34.05,16.45,24.86
8454,富邦媒,* 2023/03,7659.27,1.72,-3.04
8455,大拓-KY,* 2023/03,151.58,-9.49,19.0
8462,柏文,* 2023/03,392.94,18.68,25.74
8463,潤泰材,* 2023/03,365.31,29.64,-6.25
8464,億豐,* 2023/03,2217.85,-7.47,19.97
8466,美吉吉-KY,* 2023/03,263.78,-32.85,114.28
8467,波力-KY,* 2023/03,188.89,99.38,30.62
8472,夠麻吉,* 2023/03,33.55,17.64,25.28
8473,山林水,* 2023/03,386.69,64.91,33.93
8476,台境,* 2023/03,238.08,37.13,389.17
8477,創業家,* 2023/03,182.17,-17.85,56.75
8478,東哥遊艇,* 2023/03,610.22,-13.58,114.93
8481,政伸,* 2023/03,125.65,-15.03,40.49
8482,商億-KY,* 2023/03,389.99,-5.79,78.67
8488,吉源-KY,* 2023/03,254.95,-33.64,-9.04
8489,三貝德,* 2023/03,101.46,-3.77,-5.76
8499,鼎炫-KY,* 2023/03,145.71,-22.5,33.58
8905,裕國,* 2023/03,247.88,50.19,-36.95
8906,花王,* 2023/03,14.01,-20.53,13.26
8908,欣雄,* 2023/03,656.39,-1.76,18.55
8916,光隆,* 2023/03,887.58,0.99,76.46
8917,欣泰,* 2023/03,250.54,1.21,8.58
8921,沈氏,* 2023/03,55.07,8.71,-19.32
8923,時報,* 2023/03,42.84,8.65,55.05
8924,大田,* 2023/03,660.16,-10.89,29.1
8926,台汽電,* 2023/03,497.98,94.34,47.63
8927,北基,* 2023/03,556.4,-4.86,3.23
8928,鉅明,* 2023/03,346.19,17.4,26.81
8929,富堡,* 2023/03,56.23,-8.35,31.29
8930,青鋼,* 2023/03,126.44,-16.57,1.4
8931,大汽電,* 2023/03,257.05,45.5,-11.16
8932,宏大,* 2023/03,88.86,-28.28,26.64
8933,愛地雅,* 2023/03,396.68,-14.2,20.53
8935,邦泰,* 2023/03,86.9,-5.02,50.29
8936,國統,* 2023/03,243.75,-26.63,50.35
8937,合騏,* 2023/03,9.54,-46.73,-40.38
8938,明安,* 2023/03,1748.8,2.64,-0.15
8940,新天地,* 2023/03,89.55,-6.49,-21.87
8941,關中,* 2023/03,212.8,-32.89,49.09
8942,森鉅,* 2023/03,507.23,-5.55,-0.28
8996,高力,* 2023/03,290.8,30.3,14.23
9105,泰金寶-DR,* 2023/03,11763.14,5.21,6.79
912000,晨訊科-DR,* 2023/03,189.86,4.52,14.22
9802,鈺齊-KY,* 2023/03,1759.24,4.34,-3.97
9902,台火,* 2023/03,19.99,43.92,52.95
9904,寶成,* 2023/03,24711.67,11.94,35.54
9905,大華,* 2023/03,715.41,2.32,-1.41
9906,欣巴巴,* 2023/03,182.2,-78.09,21.69
9907,統一實,* 2023/03,3312.66,-5.21,7.48
9908,大台北,* 2023/03,349.32,6.07,17.73
9910,豐泰,* 2023/03,9123.75,8.6,41.27
9911,櫻花,* 2023/03,680.48,-4.45,20.94
9912,偉聯,* 2023/03,46.2,-22.63,24.23
9914,美利達,* 2023/03,3398.19,1.83,25.88
9917,中保科,* 2023/03,1301.11,3.33,-7.15
9918,欣天然,* 2023/03,215.49,-4.94,13.22
9919,康那香,* 2023/03,280.85,-7.54,13.76
9921,巨大,* 2023/03,8065.75,-9.78,41.74
9924,福興,* 2023/03,718.71,4.86,51.9
9925,新保,* 2023/03,660.26,3.16,2.34
9926,新海,* 2023/03,215.31,0.3,2.51
9927,泰銘,* 2023/03,743.86,-22.61,35.02
9928,中視,* 2023/03,62.27,-9.29,21.74
9929,秋雨,* 2023/03,48.02,-1.48,-19.32
9930,中聯資源,* 2023/03,958.37,-5.92,-7.5
9931,欣高,* 2023/03,122.45,12.31,1.11
9933,中鼎,* 2023/03,7812.98,-7.29,16.67
9934,成霖,* 2023/03,1734.84,-9.12,16.33
9935,慶豐富,* 2023/03,379.67,-11.83,54.38
9937,全國,* 2023/03,2020.64,-8.77,10.77
9938,百和,* 2023/03,2055.48,12.05,92.21
9939,宏全,* 2023/03,2309.83,8.95,20.65
9940,信義,* 2023/03,1156.72,-27.72,-2.76
9941,裕融,* 2023/03,3102.4,6.66,-1.95
9942,茂順,* 2023/03,380.65,4.94,0.61
9943,好樂迪,* 2023/03,266.53,38.59,16.46
9944,新麗,* 2023/03,260.2,-5.74,20.08
9945,潤泰新,* 2023/03,2305.19,-0.1,-17.02
9946,三發地產,* 2023/03,181.68,210.35,202.5
9949,琉園,* 2023/03,12.92,-4.51,0.94
9950,萬國通,* 2023/03,225.76,30.36,17.82
9951,皇田,* 2023/03,406.52,8.63,-1.1
9955,佳龍,* 2023/03,69.11,-28.16,-17.92
9958,世紀鋼,* 2023/03,602.6,-3.75,-20.57
9960,邁達康,* 2023/03,80.51,33.56,30.63
9962,有益,* 2023/03,288.92,-21.25,-7.49
