112年03月21日 每日收盤行情(全部(不含權證、牛熊證)),112年03月21日 每日收盤行情(全部(不含權證、牛熊證)),112年03月21日 每日收盤行情(全部(不含權證、牛熊證)),112年03月21日 每日收盤行情(全部(不含權證、牛熊證)),112年03月21日 每日收盤行情(全部(不含權證、牛熊證)),112年03月21日 每日收盤行情(全部(不含權證、牛熊證)),112年03月21日 每日收盤行情(全部(不含權證、牛熊證)),112年03月21日 每日收盤行情(全部(不含權證、牛熊證)),112年03月21日 每日收盤行情(全部(不含權證、牛熊證)),112年03月21日 每日收盤行情(全部(不含權證、牛熊證)),112年03月21日 每日收盤行情(全部(不含權證、牛熊證)),112年03月21日 每日收盤行情(全部(不含權證、牛熊證)),112年03月21日 每日收盤行情(全部(不含權證、牛熊證)),112年03月21日 每日收盤行情(全部(不含權證、牛熊證)),112年03月21日 每日收盤行情(全部(不含權證、牛熊證)),112年03月21日 每日收盤行情(全部(不含權證、牛熊證))
證券代號,證券名稱,成交股數,成交筆數,成交金額,開盤價,最高價,最低價,收盤價,漲跌(+/-),漲跌價差,最後揭示買價,最後揭示買量,最後揭示賣價,最後揭示賣量,本益比
0050,元大台灣50,3732049,5260,442410377,118.50,118.75,118.20,118.65,+,0.55,118.6,59,118.65,53,0.0
0051,元大中型100,32859,158,1844752,56.00,56.30,56.00,56.15,+,0.55,56.1,16,56.15,1,0.0
0052,富邦科技,159881,211,16946680,106.20,106.25,105.85,106.20,+,0.55,106.2,23,106.25,5,0.0
0053,元大電子,3980,912,234403,59.25,59.25,59.00,59.20,+,0.25,59.05,14,59.35,2,0.0
0055,元大MSCI金融,251918,275,5415931,21.44,21.60,21.38,21.46,+,0.2,21.45,10,21.47,4,0.0
0056,元大高股息,10477157,6221,291794980,27.80,27.90,27.80,27.84,+,0.08,27.84,180,27.85,89,0.0
0057,富邦摩台,3879,882,332565,86.00,86.00,85.90,85.95,+,0.25,86.0,2,86.20,10,0.0
0061,元大寶滬深,54650,266,1034854,18.87,18.97,18.87,18.96,+,0.11,18.9,1,18.96,16,0.0
006203,元大MSCI台灣,6641,611,378347,56.95,57.25,56.90,57.05,+,0.15,56.9,11,57.80,20,0.0
006204,永豐臺灣加權,25930,967,2016148,77.80,77.85,77.70,77.70,+,0.25,77.7,49,77.85,50,0.0
006205,富邦上証,775813,165,24509625,31.58,31.76,31.55,31.76,+,0.21,31.73,66,31.78,202,0.0
006206,元大上證50,118104,521,3555908,30.44,30.44,30.02,30.29,+,0.28,30.29,1,30.32,20,0.0
006207,FH滬深,186495,1009,4613485,24.61,24.84,24.61,24.84,+,0.18,24.84,50,24.90,105,0.0
006208,富邦台50,1756700,2220,120390057,68.55,68.75,68.40,68.50,+,0.3,68.5,89,68.55,2,0.0
00625K,富邦上証+R,0,0,0,--,--,--,--,,0.0,7.1,5,7.15,5,0.0
00631L,元大台灣50正2,2914249,1281,325275497,111.60,112.15,111.00,111.50,+,1.35,111.5,12,111.55,355,0.0
00632R,元大台灣50反1,120372038,5005,643808684,5.35,5.37,5.33,5.35,-,0.03,5.35,19976,5.36,20749,0.0
00633L,富邦上証正2,5396065,1573,203496499,37.57,38.23,37.32,38.20,+,0.91,38.19,6,38.20,33,0.0
00634R,富邦上証反1,415000,31,1866900,4.51,4.53,4.48,4.48,-,0.05,4.48,462,4.49,299,0.0
00635U,期元大S&P黃金,1227555,463,30905362,25.17,25.22,25.14,25.17,+,0.05,25.17,13,25.18,51,0.0
00636,國泰中國A50,1732924,1247,36943126,21.24,21.46,21.22,21.46,+,0.31,21.45,79,21.46,14,0.0
00636K,國泰中國A50+U,200,2,1394,6.97,6.97,6.97,6.97,+,0.04,6.98,1,7.04,1,0.0
00637L,元大滬深300正2,61629760,7272,914907670,14.80,15.05,14.71,15.05,+,0.37,15.04,46,15.05,978,0.0
00638R,元大滬深300反1,1017058,83,9736816,9.59,9.59,9.52,9.52,-,0.07,9.5,5,9.52,8,0.0
00639,富邦深100,881041,257,11191427,12.64,12.80,12.64,12.80,+,0.16,12.76,31,12.80,168,0.0
00640L,富邦日本正2,131113,61,3686375,28.21,28.21,28.02,28.04,+,0.23,28.04,175,28.09,55,0.0
00641R,富邦日本反1,189000,28,1809600,9.57,9.59,9.57,9.59,-,0.06,9.58,86,9.59,1,0.0
00642U,期元大S&P石油,7184880,1596,102381044,14.28,14.31,14.18,14.26,+,0.19,14.25,33,14.26,814,0.0
00643,群益深証中小,902673,1122,13311034,14.61,14.78,14.61,14.78,+,0.12,14.76,85,14.78,18,0.0
00643K,群益深証中小+R,0,0,0,--,--,--,--,,0.0,3.27,2,3.33,1,0.0
00645,富邦日本,26788,762,693356,25.95,25.95,25.87,25.87,+,0.12,25.87,70,25.88,1,0.0
00646,元大S&P500,549389,334,20591149,37.47,37.54,37.40,37.47,+,0.32,37.46,5,37.47,41,0.0
00647L,元大S&P500正2,240421,97,12395792,51.60,51.70,51.50,51.55,+,1.0,51.55,1,51.60,51,0.0
00648R,元大S&P500反1,2905200,165,21329886,7.34,7.36,7.33,7.35,-,0.07,7.34,2720,7.35,226,0.0
00650L,FH香港正2,5781581,889,71369454,12.40,12.45,12.21,12.37,+,0.21,12.37,172,12.38,61,0.0
00651R,FH香港反1,1013000,72,8840660,8.75,8.77,8.68,8.72,-,0.08,8.7,253,8.72,93,0.0
00652,富邦印度,129154,302,3614304,28.00,28.01,27.91,27.99,+,0.19,27.99,21,28.00,32,0.0
00653L,富邦印度正2,255467,143,10010454,39.10,39.33,39.01,39.22,+,0.59,39.17,2,39.22,39,0.0
00654R,富邦印度反1,165037,20,1385101,8.39,8.40,8.38,8.40,-,0.07,8.38,150,8.40,18,0.0
00655L,國泰中國A50正2,2357201,598,62657331,26.51,27.01,26.35,27.00,+,0.65,26.99,100,27.00,7,0.0
00656R,國泰中國A50反1,161000,9,1366620,8.52,8.53,8.46,8.46,-,0.1,8.45,110,8.46,249,0.0
00657,國泰日經225,102970,974,3335750,32.40,32.44,32.34,32.34,+,0.16,32.34,29,32.43,30,0.0
00657K,國泰日經225+U,200,2,2118,10.59,10.59,10.59,10.59,+,0.07,10.55,1,10.61,1,0.0
00660,元大歐洲50,4422,791,133049,30.27,30.27,30.23,30.23,+,0.62,30.09,20,30.24,20,0.0
00661,元大日經225,3766,768,129844,34.56,34.68,34.56,34.68,+,0.14,34.54,10,34.64,1,0.0
00662,富邦NASDAQ,1212847,471,60095050,49.50,49.61,49.43,49.57,+,0.11,49.51,1,49.57,73,0.0
00663L,國泰臺灣加權正2,8000,6,824750,103.10,103.20,102.60,102.60,+,0.35,102.7,100,102.85,151,0.0
00664R,國泰臺灣加權反1,4309162,406,26037636,6.05,6.07,6.03,6.04,-,0.05,6.04,2688,6.05,188,0.0
00665L,富邦恒生國企正2,23169124,2200,177201787,7.73,7.75,7.56,7.66,+,0.08,7.66,713,7.67,14,0.0
00666R,富邦恒生國企反1,198000,20,3021050,15.21,15.31,15.18,15.18,-,0.09,15.18,27,15.21,67,0.0
00668,國泰美國道瓊,61346,512,2198674,35.80,35.87,35.79,35.85,+,0.51,35.85,8,35.87,50,0.0
00668K,國泰美國道瓊+U,200,2,2342,11.71,11.71,11.71,11.71,+,0.14,11.7,1,11.74,1,0.0
00669R,國泰美國道瓊反1,6906050,529,57049472,8.26,8.27,8.25,8.26,-,0.11,8.26,1430,8.27,3072,0.0
00670L,富邦NASDAQ正2,1123598,450,69481153,61.90,61.95,61.65,61.90,+,0.4,61.85,21,61.90,164,0.0
00671R,富邦NASDAQ反1,5111300,355,29455827,5.76,5.78,5.75,5.76,-,0.03,5.76,2833,5.77,7833,0.0
00673R,期元大S&P原油反1,10144525,885,102381372,10.04,10.15,10.04,10.11,-,0.13,10.1,81,10.11,1959,0.0
00674R,期元大S&P黃金反1,1870379,288,22393745,11.98,12.00,11.95,12.00,,0.0,11.99,1,12.00,102,0.0
00675L,富邦臺灣加權正2,475517,323,21377820,44.97,45.16,44.71,44.90,+,0.48,44.88,20,44.90,21,0.0
00676R,富邦臺灣加權反1,6672034,349,22137492,3.32,3.33,3.31,3.33,,0.0,3.32,1305,3.33,2362,0.0
00678,群益NBI生技,341715,671,8469837,24.75,24.80,24.65,24.75,+,0.01,24.75,1,24.82,17,0.0
00680L,元大美債20正2,14214877,2069,173997911,12.22,12.27,12.20,12.26,-,0.11,12.25,262,12.26,603,0.0
00681R,元大美債20反1,420000,46,7458410,17.77,17.77,17.72,17.74,+,0.1,17.73,8,17.76,288,0.0
00682U,期元大美元指數,70162,34,1440127,20.55,20.55,20.51,20.53,-,0.11,20.53,21,20.55,4,0.0
00683L,期元大美元指正2,1432403,315,30871540,21.59,21.62,21.53,21.58,-,0.19,21.57,113,21.58,9,0.0
00684R,期元大美元指反1,3000,3,48140,16.04,16.05,16.04,16.05,X,0.0,16.04,40,16.10,20,0.0
00685L,群益臺灣加權正2,90360,49,3598467,39.85,40.00,39.64,39.73,+,0.34,39.73,50,39.81,1,0.0
00686R,群益臺灣加權反1,672000,28,2420950,3.60,3.62,3.59,3.61,-,0.02,3.6,1685,3.61,698,0.0
00688L,國泰20年美債正2,2756000,386,33521530,12.19,12.19,12.13,12.17,-,0.13,12.17,65,12.18,301,0.0
00689R,國泰20年美債反1,70000,24,1288990,18.41,18.43,18.40,18.41,+,0.13,18.38,107,18.41,192,0.0
00690,兆豐藍籌30,110139,266,3008662,27.26,27.35,27.26,27.32,+,0.17,27.32,1,27.33,1,0.0
00692,富邦公司治理,1183142,1001,34816176,29.37,29.50,29.35,29.43,+,0.16,29.43,23,29.44,2,0.0
00693U,期街口S&P黃豆,29063,16,769154,26.46,26.50,26.45,26.47,+,0.2,26.46,1,26.48,100,0.0
00700,富邦恒生國企,161253,1024,1978719,12.30,12.40,12.25,12.28,+,0.03,12.33,61,12.36,70,0.0
00701,國泰股利精選30,1239001,867,27711317,22.18,22.43,22.18,22.38,+,0.2,22.37,3,22.38,12,0.0
00702,國泰標普低波高息,106553,334,2150061,20.11,20.19,20.11,20.19,+,0.24,20.16,11,20.20,10,0.0
00703,台新MSCI中國,28988,997,447300,15.51,15.51,15.40,15.49,+,0.08,15.48,43,15.52,30,0.0
00706L,期元大S&P日圓正2,2076000,304,21070800,10.14,10.17,10.12,10.14,+,0.1,10.13,763,10.14,21,0.0
00707R,期元大S&P日圓反1,1000,1,23670,23.67,23.67,23.67,23.67,X,0.0,23.6,22,23.67,20,0.0
00708L,期元大S&P黃金正2,1944618,339,55201708,28.34,28.50,28.34,28.38,+,0.13,28.37,4,28.38,16,0.0
00709,富邦歐洲,33162,976,773894,23.40,23.40,23.37,23.38,+,0.43,23.34,30,23.40,2,0.0
00710B,FH彭博非投等債,684165,350,11970991,17.53,17.55,17.47,17.51,X,0.0,17.51,8,17.52,2,0.0
00711B,FH彭博新興債,115921,712,1842759,15.90,15.91,15.90,15.90,X,0.0,15.89,1,15.91,39,0.0
00712,FH富時不動產,18882706,7139,184154835,9.68,9.80,9.67,9.76,X,0.0,9.75,1047,9.76,763,0.0
00713,元大台灣高息低波,5893924,4236,230616069,39.00,39.24,38.99,39.13,+,0.26,39.13,47,39.14,101,0.0
00714,群益道瓊美國地產,625183,253,11205249,17.92,17.95,17.90,17.93,+,0.11,17.93,6,17.94,92,0.0
00715L,期街口布蘭特正2,57142727,5511,652969888,11.52,11.52,11.27,11.41,+,0.29,11.4,209,11.41,756,0.0
00717,富邦美國特別股,846057,777,11976914,14.20,14.20,14.13,14.15,-,0.07,14.14,42,14.15,33,0.0
00728,第一金工業30,391152,527,9126368,23.27,23.38,23.27,23.33,+,0.12,23.32,101,23.35,9,0.0
00730,富邦臺灣優質高息,67354,151,1275861,19.00,19.00,18.91,18.93,+,0.01,18.92,12,18.93,18,0.0
00731,FH富時高息低波,1026915,150,56925013,55.15,55.50,55.15,55.40,+,0.25,55.35,11,55.40,15,0.0
00732,國泰RMB短期報酬,0,0,0,--,--,--,--,,0.0,40.71,16,40.78,16,0.0
00733,富邦臺灣中小,113904,158,4052351,35.53,35.70,35.50,35.61,+,0.29,35.6,10,35.61,3,0.0
00735,國泰臺韓科技,227833,843,5979508,26.16,26.29,26.15,26.22,+,0.07,26.12,35,26.22,34,0.0
00736,國泰新興市場,102796,800,1934958,18.79,18.84,18.79,18.84,+,0.01,18.77,1,18.91,10,0.0
00737,國泰AI+Robo,32663,497,876263,26.95,26.95,26.80,26.82,-,0.02,26.84,1,26.85,50,0.0
00738U,期元大道瓊白銀,542949,241,12083628,22.25,22.38,22.21,22.22,+,0.19,22.22,145,22.25,2,0.0
00739,元大MSCI A股,21129,566,489043,23.14,23.22,23.11,23.14,+,0.08,23.14,7,23.23,1,0.0
00752,中信中國50,4781896,1316,84872966,17.86,17.90,17.67,17.82,+,0.06,17.82,2,17.83,31,0.0
00753L,中信中國50正2,15874466,2118,161633069,10.28,10.29,10.09,10.19,+,0.11,10.18,246,10.19,65,0.0
00757,統一FANG+,437641,462,18701127,42.75,42.77,42.64,42.75,+,0.01,42.74,3,42.75,6,0.0
00762,元大全球AI,146900,137,5274974,35.90,35.95,35.86,35.92,+,0.1,35.9,14,35.93,2,0.0
00763U,期街口道瓊銅,19000,14,474190,24.98,24.98,24.92,24.94,+,0.23,24.94,50,25.00,1,0.0
00770,國泰北美科技,259282,763,7247988,27.91,28.00,27.89,27.97,+,0.06,27.96,7,27.97,5,0.0
00771,元大US高息特別股,70275,759,1101266,15.72,15.75,15.65,15.67,+,0.02,15.67,3,15.68,36,0.0
00775B,新光投等債15+,53014,887,1778437,33.57,33.57,33.56,33.56,+,0.16,33.41,5,33.49,2,0.0
00783,富邦中証500,100001,6,2105620,21.05,21.07,21.05,21.07,+,0.15,21.08,30,21.12,4,0.0
00830,國泰費城半導體,4857272,1769,133838166,27.46,27.59,27.46,27.58,+,0.24,27.57,117,27.58,76,0.0
00850,元大臺灣ESG永續,671354,349,20599562,30.64,30.78,30.63,30.69,+,0.14,30.69,16,30.70,61,0.0
00851,台新全球AI,8027,706,210475,26.30,26.30,26.21,26.25,-,0.01,26.21,4,26.25,1,0.0
00852L,國泰美國道瓊正2,1105885,275,19664393,17.78,17.82,17.75,17.77,+,0.46,17.77,16,17.78,114,0.0
00861,元大全球未來通訊,983199,432,27775774,27.98,28.34,27.98,28.33,+,0.4,28.26,35,28.33,39,0.0
00865B,國泰US短期公債,104990,996,4251460,40.42,40.51,40.42,40.51,+,0.04,40.49,17,40.50,1,0.0
00875,國泰網路資安,396381,99,9878264,24.91,24.97,24.90,24.90,+,0.08,24.9,32,24.91,2,0.0
00876,元大全球5G,1118956,535,30467402,27.06,27.32,26.79,27.30,+,0.25,27.25,12,27.30,42,0.0
00878,國泰永續高股息,35189962,18401,596379033,16.90,16.99,16.90,16.93,+,0.07,16.93,501,16.94,445,0.0
00881,國泰台灣5G+,6401754,1818,96016557,15.00,15.03,14.95,15.01,+,0.1,15.01,35,15.02,558,0.0
00882,中信中國高股息,11116373,3295,133861344,12.11,12.13,12.01,12.04,,0.0,12.04,59,12.05,501,0.0
00885,富邦越南,34348440,10242,377153923,10.99,11.03,10.94,10.96,-,0.08,10.96,464,10.97,188,0.0
00891,中信關鍵半導體,12038177,2240,159506753,13.40,13.41,13.21,13.24,-,0.03,13.24,930,13.25,180,0.0
00892,富邦台灣半導體,2442424,602,29711366,12.25,12.28,12.13,12.13,-,0.02,12.13,136,12.14,89,0.0
00893,國泰智能電動車,8851065,2173,120377302,13.58,13.62,13.57,13.61,+,0.11,13.6,467,13.61,171,0.0
00894,中信小資高價30,955265,278,12921958,13.51,13.60,13.49,13.50,+,0.04,13.5,5,13.51,3,0.0
00895,富邦未來車,938551,383,13616226,14.50,14.54,14.49,14.51,+,0.11,14.5,253,14.51,13,0.0
00896,中信綠能及電動車,1148604,465,16433963,14.29,14.35,14.27,14.28,+,0.03,14.28,19,14.29,166,0.0
00897,富邦基因免疫生技,1841320,278,13764969,7.47,7.49,7.46,7.48,+,0.01,7.47,65,7.48,120,0.0
00898,國泰基因免疫革命,399042,182,2827923,7.07,7.10,7.07,7.10,+,0.01,7.09,51,7.10,21,0.0
00899,FT潔淨能源,69141,119,1441721,20.88,20.88,20.78,20.87,+,0.09,20.86,3,20.87,6,0.0
00900,富邦特選高股息30,5296480,1944,61608160,11.64,11.69,11.60,11.60,+,0.01,11.6,674,11.61,130,0.0
00901,永豐智能車供應鏈,414407,185,5347182,12.92,12.97,12.88,12.89,+,0.04,12.88,18,12.91,24,0.0
00902,中信電池及儲能,6903019,1659,83614809,12.10,12.15,12.09,12.13,+,0.09,12.13,57,12.14,275,0.0
00903,富邦元宇宙,1470280,379,14166804,9.65,9.65,9.62,9.64,+,0.02,9.63,120,9.64,168,0.0
00904,新光臺灣半導體30,910155,200,11339912,12.55,12.55,12.43,12.46,-,0.01,12.46,42,12.47,1,0.0
00905,FT臺灣Smart,1678655,528,15069424,8.95,9.00,8.95,8.98,+,0.04,8.98,166,8.99,140,0.0
00906,大華元宇宙科技50,3000,3,31080,10.37,10.37,10.35,10.35,-,0.01,10.35,16,10.36,11,0.0
00907,永豐優息存股,1106507,532,15715385,14.14,14.26,14.14,14.19,+,0.07,14.19,16,14.20,28,0.0
00908,富邦入息REITs+,2001286,436,23936991,11.95,12.01,11.92,11.92,+,0.04,11.91,79,11.92,81,0.0
00909,國泰數位支付服務,450590,113,7576543,16.82,16.84,16.77,16.82,+,0.19,16.79,40,16.80,1,0.0
00910,第一金太空衛星,54580,170,823354,15.07,15.10,15.07,15.09,-,0.03,15.08,60,15.09,50,0.0
00911,兆豐洲際半導體,166623,35,2908220,17.30,17.47,17.30,17.46,+,0.13,17.45,10,17.46,4,0.0
00912,中信臺灣智慧50,495214,246,7317997,14.80,14.82,14.74,14.78,+,0.05,14.77,4,14.78,249,0.0
00913,兆豐台灣晶圓製造,115005,9,1912972,16.70,16.70,16.63,16.63,-,0.02,16.67,1,16.70,60,0.0
00915,凱基優選高股息30,521966,257,8424502,16.05,16.20,16.05,16.13,+,0.1,16.12,9,16.13,5,0.0
00916,國泰全球品牌50,388669,220,5928316,15.24,15.27,15.23,15.26,+,0.06,15.25,254,15.26,50,0.0
00917,中信特選金融,927414,262,13218418,14.27,14.27,14.24,14.27,+,0.05,14.26,10,14.27,183,0.0
00918,大華優利高填息30,476738,103,7979683,16.75,16.76,16.70,16.73,+,0.07,16.72,23,16.73,49,0.0
00919,群益台灣精選高息,1026806,1115,19335838,18.86,18.88,18.80,18.83,+,0.04,18.82,10,18.83,103,0.0
00920,富邦ESG綠色電力,1010877,145,16311623,16.12,16.16,16.06,16.13,+,0.22,16.12,35,16.13,9,0.0
00921,兆豐龍頭等權重,360732,152,5587792,15.52,15.60,15.40,15.44,-,0.02,15.44,142,15.45,1,0.0
00923,群益台灣ESG低碳,2276888,951,33804750,14.88,14.89,14.80,14.86,+,0.06,14.85,22,14.86,76,0.0
01001T,土銀富邦R1,5000,3,77000,15.30,15.50,15.30,15.50,,0.0,15.41,1,15.58,1,0.0
01002T,土銀國泰R1,0,0,0,--,--,--,--,,0.0,17.52,1,17.92,1,0.0
01003T,兆豐新光R1,13050,9,265676,20.31,20.40,20.31,20.40,+,0.07,20.32,1,20.40,16,0.0
01004T,土銀富邦R2,9000,9,132560,14.51,14.99,14.51,14.99,,0.0,14.54,2,15.00,10,0.0
01007T,兆豐國泰R2,10000,5,175000,17.50,17.50,17.50,17.50,,0.0,17.48,1,17.60,10,0.0
01009T,王道圓滿R1,4000,3,33800,8.49,8.49,8.33,8.33,+,0.02,8.33,2,8.50,5,0.0
01010T,京城樂富R1,9000,5,90160,10.04,10.04,10.00,10.04,,0.0,10.0,17,10.04,21,0.0
020000,富邦特選蘋果N,0,0,0,--,--,--,--,,0.0,7.03,10,7.04,10,0.0
020002,元富新中國N,1000,1,12630,12.63,12.63,12.63,12.63,-,0.05,12.76,499,12.78,355,0.0
020007,凱基臺灣500N,0,0,0,--,--,--,--,,0.0,31.87,206,31.92,208,0.0
020011,統一微波高息20N,0,0,0,--,--,--,--,,0.0,7.16,398,7.17,334,0.0
020012,富邦行動通訊N,0,0,0,--,--,--,--,,0.0,6.91,10,6.92,10,0.0
020015,統一MSCI美低波N,0,0,0,--,--,--,--,,0.0,14.1,370,14.12,269,0.0
020016,統一MSCI美科技N,0,0,0,--,--,--,--,,0.0,17.67,430,17.69,259,0.0
020018,統一價值成長30N,7000,3,113750,16.30,16.30,16.24,16.25,+,0.11,16.25,387,16.26,291,0.0
020019,統一特選台灣5GN,8000,3,102410,12.79,12.82,12.79,12.82,+,0.03,12.81,417,12.83,285,0.0
02001L,富邦蘋果正二N,40000,2,398400,9.90,9.98,9.90,9.98,X,0.0,9.98,10,9.99,10,0.0
02001R,富邦蘋果反一N,0,0,0,--,--,--,--,,0.0,2.8,10,2.81,10,0.0
02001S,策元大加權策略N,3000,2,15300,5.10,5.10,5.10,5.10,X,0.0,5.11,499,5.12,499,0.0
020020,元大台股領航N,51000,15,342450,6.72,6.72,6.70,6.72,+,0.04,6.72,499,6.73,504,0.0
020022,元大電動車N,479000,63,2659280,5.54,5.57,5.54,5.56,+,0.05,5.55,500,5.56,501,0.0
020028,元大特選電動車N,146000,19,782670,5.35,5.37,5.35,5.36,+,0.05,5.36,479,5.37,511,0.0
020029,元大ESG高股息N,142000,23,700800,4.95,4.95,4.92,4.93,+,0.01,4.93,499,4.94,505,0.0
020030,統一智慧電動車N,225000,20,956410,4.25,4.26,4.24,4.25,+,0.04,4.25,362,4.26,118,0.0
020031,統一IC設計臺灣N,212000,26,925510,4.39,4.42,4.35,4.35,-,0.01,4.35,378,4.37,270,0.0
020032,元大綠能N,21000,5,110970,5.28,5.29,5.27,5.27,+,0.03,5.26,499,5.27,504,0.0
020034,元大IC設計N,197000,34,1079730,5.54,5.55,5.43,5.43,-,0.04,5.43,520,5.44,499,0.0
1101,台泥,11610765,6067,430907669,37.00,37.35,37.00,37.05,+,0.15,37.0,301,37.05,140,50.07
1101B,台泥乙特,96000,39,4664500,48.60,48.60,48.55,48.55,-,0.05,48.55,8,48.60,21,0.0
1102,亞泥,2794222,1931,119647926,42.80,42.95,42.70,42.70,,0.0,42.7,267,42.80,46,12.6
1103,嘉泥,196533,193,3680947,18.85,18.85,18.55,18.70,-,0.1,18.7,46,18.75,5,0.0
1104,環泥,1272018,704,32616400,25.50,25.85,25.40,25.70,+,0.35,25.7,2,25.75,56,8.24
1108,幸福,2158844,843,30290186,14.05,14.15,13.90,14.10,+,0.05,14.05,13,14.10,425,14.39
1109,信大,389325,127,6625724,17.00,17.15,16.95,17.10,+,0.1,17.05,7,17.10,1,14.62
1110,東泥,217102,101,3850114,17.75,17.90,17.65,17.75,-,0.05,17.75,16,17.80,15,68.27
1201,味全,242046,288,4858601,20.15,20.15,20.00,20.05,,0.0,20.05,26,20.10,17,42.66
1203,味王,33842,71,1275925,37.65,37.85,37.65,37.65,+,0.05,37.65,8,37.75,1,14.32
1210,大成,1039746,981,52079043,49.65,50.50,49.55,50.10,+,0.45,50.1,18,50.20,19,19.34
1213,大飲,55318,16,394417,7.15,7.15,7.10,7.10,-,0.3,7.11,1,7.15,1,0.0
1215,卜蜂,325372,533,26693886,81.90,82.30,81.80,82.10,+,0.5,82.0,29,82.10,2,15.55
1216,統一,6043458,3112,419469064,69.30,69.80,69.00,69.30,+,0.3,69.3,21,69.40,33,22.95
1217,愛之味,904305,1138,10358116,11.45,11.50,11.40,11.45,+,0.05,11.45,57,11.50,144,20.45
1218,泰山,2076479,997,60217300,28.50,29.20,28.50,29.10,+,0.55,29.05,63,29.10,6,24.45
1219,福壽,1068047,563,22536629,20.85,21.25,20.85,21.05,+,0.2,21.05,6,21.10,47,21.05
1220,台榮,533217,338,9315197,17.15,17.60,17.15,17.50,+,0.4,17.5,1,17.55,14,48.61
1225,福懋油,80059,11,4619096,57.40,57.70,57.40,57.70,+,0.3,57.4,6,58.00,1,34.14
1227,佳格,450316,372,18163902,40.40,40.45,40.25,40.35,-,0.05,40.35,20,40.40,3,25.06
1229,聯華,1063517,1125,59046146,54.70,56.00,54.70,55.60,+,1.0,55.6,6,55.70,26,21.14
1231,聯華食,362405,626,32467469,89.00,90.40,88.80,88.80,+,0.1,88.8,1,89.00,6,22.83
1232,大統益,40120,254,5892293,147.00,147.00,146.50,147.00,,0.0,146.5,1,147.00,4,19.17
1233,天仁,5002,7,168166,33.60,33.65,33.55,33.65,+,0.15,33.55,2,33.60,1,59.04
1234,黑松,148548,180,5284971,35.55,35.65,35.50,35.60,+,0.05,35.55,31,35.60,5,16.11
1235,興泰,3400,16,236904,69.90,69.90,69.60,69.60,+,0.8,69.2,2,69.60,2,51.56
1236,宏亞,204291,63,4832698,23.45,23.80,23.45,23.70,,0.0,23.65,5,23.70,3,6.05
1256,鮮活果汁-KY,37279,107,12955401,344.00,350.00,344.00,345.00,+,1.0,344.0,1,345.00,1,33.72
1301,台塑,4443606,2927,402509485,90.20,91.10,90.10,90.50,+,0.5,90.4,42,90.50,31,15.93
1303,南亞,1829099,1611,138286641,75.60,76.00,75.40,75.50,+,0.1,75.4,161,75.50,29,18.64
1304,台聚,3902551,2707,104543645,26.80,27.10,26.55,26.55,-,0.35,26.55,44,26.60,30,18.31
1305,華夏,2814161,2017,74814358,27.20,27.25,26.30,26.30,-,0.8,26.3,6,26.40,50,0.0
1307,三芳,53858,46,1129274,21.00,21.05,20.90,21.00,+,0.05,21.0,1,21.05,28,17.8
1308,亞聚,1178496,935,34524063,29.35,29.45,29.15,29.15,+,0.1,29.15,28,29.20,27,11.95
1309,台達化,1030805,1049,22154675,21.90,21.90,21.35,21.45,-,0.25,21.4,52,21.45,7,20.62
1310,台苯,761533,495,10504479,13.75,13.85,13.75,13.75,,0.0,13.75,60,13.80,98,0.0
1312,國喬,1646328,976,32022374,19.60,19.60,19.35,19.40,-,0.15,19.4,23,19.45,90,28.53
1312A,國喬特,2000,2,55750,27.90,27.90,27.85,27.85,-,0.05,27.6,1,28.30,1,0.0
1313,聯成,718952,393,10503131,14.70,14.70,14.55,14.55,-,0.1,14.5,147,14.55,11,0.0
1314,中石化,5832140,1785,58421120,10.10,10.10,9.98,9.99,-,0.01,9.99,333,10.00,56,166.5
1315,達新,10679,20,759828,70.60,71.40,70.60,71.30,+,0.4,71.2,2,71.30,1,9.66
1316,上曜,2039828,943,27331218,13.45,13.50,13.30,13.35,,0.0,13.35,116,13.40,63,19.07
1319,東陽,5126939,3267,232448480,45.25,45.70,45.05,45.10,+,0.65,45.1,20,45.20,16,12.39
1321,大洋,318080,161,11848677,36.95,37.40,36.95,37.20,+,0.3,37.2,6,37.25,10,0.0
1323,永裕,15096,74,500169,33.15,33.15,33.10,33.15,,0.0,33.05,5,33.15,6,16.01
1324,地球,45888,71,516666,11.10,11.40,11.10,11.35,+,0.2,11.25,1,11.35,13,283.75
1325,恆大,107104,126,2540344,23.55,23.85,23.55,23.75,+,0.25,23.75,11,23.80,4,55.23
1326,台化,1695970,1436,115582011,68.20,68.60,68.00,68.10,+,0.1,68.0,365,68.20,24,54.05
1337,再生-KY,325296,267,2279287,7.00,7.11,6.93,7.01,+,0.04,7.0,15,7.02,7,0.0
1338,廣華-KY,81297,120,3701566,45.70,45.95,45.30,45.35,,0.0,45.35,7,45.55,2,13.66
1339,昭輝,227754,195,10341401,45.30,45.60,45.30,45.35,+,0.25,45.3,15,45.40,5,6.98
1340,勝悅-KY,51739,116,548275,10.50,10.70,10.50,10.70,+,0.25,10.6,13,10.70,1,0.0
1341,富林-KY,14091,20,985470,70.00,70.00,69.50,69.50,-,0.5,69.1,1,69.80,2,11.54
1342,八貫,560657,599,80844649,146.50,146.50,142.50,142.50,-,2.5,142.5,25,143.00,5,19.66
1402,遠東新,9001992,3354,277297753,31.00,31.00,30.70,30.75,-,0.05,30.75,215,30.80,30,20.23
1409,新纖,1601207,930,28506288,17.80,17.85,17.75,17.80,,0.0,17.8,112,17.85,45,10.17
1410,南染,43227,63,1680807,38.65,38.95,38.60,38.90,,0.0,38.85,5,38.90,6,40.95
1413,宏洲,41615,22,396544,9.61,9.69,9.49,9.64,+,0.01,9.6,1,9.63,9,12.85
1414,東和,98963,266,1754500,17.80,17.85,17.65,17.85,+,0.05,17.7,1,17.85,2,37.98
1416,廣豐,100706,192,1099322,10.85,11.00,10.85,10.90,,0.0,10.9,2,10.95,3,21.37
1417,嘉裕,327522,233,4395830,13.40,13.50,13.35,13.35,+,0.05,13.35,14,13.40,4,0.0
1418,東華,22021,39,310392,14.10,14.10,14.05,14.10,,0.0,14.05,7,14.15,2,0.0
1419,新紡,29264,77,1207761,41.30,41.35,41.20,41.30,+,0.05,41.3,16,41.35,2,5.97
1423,利華,157478,172,3268517,20.75,20.80,20.65,20.70,-,0.1,20.65,9,20.80,23,39.06
1432,大魯閣,933555,1586,15955920,17.10,17.25,16.95,17.15,+,0.2,17.1,32,17.15,15,0.0
1434,福懋,1261279,611,34780108,27.55,27.65,27.50,27.60,+,0.05,27.6,7,27.65,63,13.66
1435,中福,55650,139,2105853,35.90,40.10,35.85,38.00,-,1.8,37.4,1,38.00,16,45.24
1436,華友聯,90280,79,5132126,57.50,57.50,56.60,56.90,-,0.2,56.7,1,57.00,6,8.75
1437,勤益控,384678,221,10776200,27.85,28.25,27.70,28.00,+,0.15,27.95,2,28.00,2,14.0
1438,三地開發,125801,104,4132087,33.30,33.30,32.75,32.85,-,0.15,32.85,2,32.90,1,8.01
1439,雋揚,38528,63,894666,23.00,23.40,23.00,23.10,+,0.5,23.05,1,23.10,4,13.2
1440,南紡,714028,319,11986962,16.75,16.85,16.70,16.80,+,0.1,16.8,32,16.85,117,24.0
1441,大東,23352,95,190663,8.13,8.25,8.13,8.13,,0.0,8.12,4,8.23,2,0.0
1442,名軒,1580876,707,53208397,33.35,33.90,33.30,33.85,+,0.75,33.8,19,33.85,38,19.23
1443,立益物流,36054,69,1056975,29.05,29.40,29.05,29.30,+,0.25,29.2,3,29.30,2,10.24
1444,力麗,1001842,321,10370134,10.35,10.40,10.30,10.35,+,0.05,10.35,86,10.40,235,7.9
1445,大宇,159070,60,2600436,16.40,16.55,16.15,16.20,-,0.15,16.2,10,16.25,2,0.0
1446,宏和,28193,20,895459,31.70,31.90,31.70,31.80,+,0.05,31.75,4,31.85,3,0.0
1447,力鵬,701784,233,5608151,7.98,8.04,7.97,7.97,+,0.02,7.97,37,7.98,12,27.48
1449,佳和,57940,100,880670,15.35,15.35,15.10,15.15,-,0.05,15.2,2,15.25,5,9.71
1451,年興,431082,218,9874333,22.80,23.05,22.75,22.95,+,0.05,22.95,3,23.05,18,11.14
1452,宏益,52221,145,933942,17.90,17.95,17.85,17.90,,0.0,17.9,3,17.95,23,18.45
1453,大將,113731,98,1711168,14.80,15.20,14.80,15.05,+,0.15,15.05,2,15.10,3,16.91
1454,台富,39161,21,494833,12.60,12.65,12.60,12.65,+,0.05,12.6,15,12.65,1,48.65
1455,集盛,387402,215,4137382,10.75,10.75,10.65,10.65,-,0.05,10.65,167,10.70,32,0.0
1456,怡華,41525,36,626112,15.15,15.15,15.05,15.05,-,0.1,15.05,3,15.10,3,0.0
1457,宜進,136088,88,2545089,18.70,18.75,18.65,18.70,,0.0,18.7,28,18.75,11,4.12
1459,聯發,111102,136,979210,8.86,8.86,8.75,8.75,-,0.1,8.77,5,8.83,1,0.0
1460,宏遠,294994,132,2210801,7.45,7.52,7.45,7.49,+,0.04,7.49,1,7.50,13,0.0
1463,強盛,68504,119,978911,14.20,14.40,14.20,14.25,+,0.05,14.2,16,14.30,1,37.5
1464,得力,330300,233,4894002,14.75,14.85,14.70,14.80,+,0.2,14.75,6,14.80,5,15.58
1465,偉全,50669,36,720339,14.25,14.25,14.20,14.20,,0.0,14.2,7,14.30,2,14.34
1466,聚隆,62259,34,734376,11.70,11.90,11.70,11.90,+,0.15,11.8,1,11.90,13,34.0
1467,南緯,9796302,1145,116254300,11.75,12.20,11.65,11.80,+,0.1,11.75,67,11.80,90,39.33
1468,昶和,318692,142,5301083,15.20,16.75,15.20,16.75,+,1.5,16.75,10,--,0,17.63
1470,大統新創,31496,27,599848,19.05,19.25,19.05,19.25,,0.0,19.25,1,19.30,1,33.19
1471,首利,286057,211,2250193,7.82,7.95,7.76,7.92,+,0.12,7.92,1,7.93,8,0.0
1472,三洋實業,3,3,90,--,--,--,--,,0.0,30.3,1,33.00,1,0.0
1473,台南,267903,158,6568706,24.10,24.75,24.10,24.60,+,0.5,24.55,24,24.60,1,15.19
1474,弘裕,57620,40,702802,12.20,12.25,12.15,12.20,,0.0,12.15,23,12.25,4,15.44
1475,業旺,52059,52,3030365,58.90,59.00,57.60,58.00,+,0.4,58.1,1,58.20,2,12.45
1476,儒鴻,621500,760,284343665,462.50,462.50,455.00,457.00,+,1.5,457.0,9,457.50,1,18.46
1477,聚陽,2052231,2966,464403964,223.00,228.00,222.50,227.50,+,5.0,227.0,40,227.50,11,15.66
1503,士電,6531449,4687,546020023,82.50,84.50,82.00,83.00,+,1.5,82.9,84,83.10,26,21.5
1504,東元,23402903,10917,853046148,36.25,37.20,35.95,36.25,+,0.4,36.25,214,36.30,111,22.1
1506,正道,380382,198,8019303,20.90,21.40,20.90,20.90,,0.0,20.85,20,20.95,4,61.47
1512,瑞利,115657,187,1666848,14.50,14.70,14.20,14.70,+,0.2,14.7,1,15.40,6,0.0
1513,中興電,26546331,16876,2648059887,100.50,101.50,98.50,98.50,-,0.3,98.5,251,98.60,1,18.91
1514,亞力,9301758,5711,377781760,40.15,41.40,40.00,40.50,+,0.7,40.45,8,40.50,7,18.84
1515,力山,351085,330,10342628,29.55,29.65,29.25,29.40,+,0.1,29.4,1,29.45,1,0.0
1516,川飛,553342,326,11438115,20.60,20.80,20.55,20.60,+,0.2,20.6,17,20.65,30,15.15
1517,利奇,432275,374,8709184,20.05,20.25,19.95,20.20,+,0.3,20.15,21,20.20,3,7.92
1519,華城,20115384,12850,1452147882,71.90,73.50,71.00,71.20,-,0.8,71.2,122,71.30,8,22.18
1521,大億,30093,20,1116004,37.10,37.50,36.85,36.85,-,0.25,36.8,4,37.15,2,24.4
1522,堤維西,4988320,2482,147594278,29.30,29.75,29.30,29.55,+,0.25,29.55,78,29.60,91,10.82
1522A,堤維西甲特,4017,5,181970,45.30,45.30,45.30,45.30,+,0.3,45.1,3,45.35,2,0.0
1524,耿鼎,22039038,10741,587630921,25.90,27.15,25.80,26.85,+,1.15,26.8,214,26.85,11,13.16
1525,江申,67773,54,4350325,63.50,64.90,63.50,64.90,+,1.1,63.8,3,65.00,15,14.75
1526,日馳,191991,323,8258994,42.85,43.45,42.60,42.90,+,0.15,42.9,11,42.95,1,6.66
1527,鑽全,214790,395,9230157,43.00,43.20,42.90,43.00,+,0.1,42.9,2,43.00,8,8.02
1528,恩德,338362,184,3520252,10.30,10.50,10.30,10.45,+,0.15,10.4,28,10.45,5,12.9
1529,樂事綠能,10817173,4801,316273859,28.40,29.75,28.30,29.75,+,2.7,29.75,13686,--,0,74.38
1530,亞崴,33856,44,1082127,32.00,32.10,31.90,31.90,,0.0,31.9,2,32.00,2,8.53
1531,高林股,225418,81,3183748,14.10,14.20,14.10,14.15,+,0.1,14.1,12,14.20,19,10.97
1532,勤美,843629,695,29826692,35.40,35.75,35.10,35.25,-,0.25,35.2,6,35.25,5,16.47
1533,車王電,166625,161,8536912,51.20,51.60,51.00,51.20,+,0.2,51.1,5,51.20,2,67.37
1535,中宇,602857,455,30228840,49.45,50.50,49.45,50.30,+,0.6,50.2,30,50.40,10,11.95
1536,和大,824703,1914,58979746,71.10,72.00,71.10,71.10,+,0.1,71.1,29,71.20,1,31.88
1537,廣隆,20852,43,2941247,141.00,141.50,141.00,141.00,,0.0,141.0,1,141.50,10,12.65
1538,正峰,19068,27,162058,8.50,8.50,8.50,8.50,-,0.01,8.5,12,9.00,3,0.0
1539,巨庭,371410,231,11332644,30.50,30.65,30.20,30.60,+,0.4,30.55,1,30.60,3,4.68
1540,喬福,539964,288,9586124,17.40,17.90,17.40,17.85,+,0.5,17.85,11,17.90,20,14.63
1541,錩泰,10395,14,355668,34.05,34.50,34.05,34.15,-,0.05,34.3,1,34.40,1,5.74
1558,伸興,92599,137,10381530,112.00,112.50,112.00,112.00,,0.0,112.0,22,112.50,26,14.62
1560,中砂,1920987,1681,220882210,113.50,116.00,113.00,115.00,+,2.5,115.0,63,115.50,51,13.25
1568,倉佑,722210,444,17425642,23.45,24.40,23.45,24.30,+,1.0,24.25,22,24.30,5,15.0
1582,信錦,150844,198,9073268,60.70,60.70,60.00,60.20,+,0.2,60.1,1,60.20,3,20.07
1583,程泰,26029,19,1701019,65.20,66.90,64.60,65.80,+,0.6,65.7,5,66.20,1,10.8
1587,吉茂,57200,44,1339529,23.25,23.50,23.25,23.40,+,0.2,23.35,21,23.45,4,11.7
1589,永冠-KY,16567455,8125,1284074841,73.80,80.10,73.30,76.80,+,3.9,76.8,50,76.90,19,0.0
1590,亞德客-KY,621951,821,693106845,1150.00,1150.00,1100.00,1105.00,-,40.0,1105.0,16,1110.00,22,36.75
1597,直得,70377,78,5400386,77.50,77.50,76.50,77.00,+,0.1,76.9,7,77.00,1,19.4
1598,岱宇,239792,160,11122100,47.35,47.35,46.05,46.25,-,0.55,46.25,16,46.35,2,0.0
1603,華電,11397740,6257,355971805,30.50,32.55,29.95,29.95,+,0.25,29.95,42,30.00,15,14.68
1604,聲寶,192549,274,5179150,26.90,27.00,26.85,26.90,+,0.05,26.85,20,26.90,13,14.78
1605,華新,26550898,13513,1386072002,52.00,52.90,51.60,51.60,-,0.1,51.6,567,51.70,150,9.94
1608,華榮,1818766,889,27222036,14.75,15.25,14.70,14.90,+,0.3,14.9,22,14.95,34,0.0
1609,大亞,12079413,5539,306305020,25.50,25.80,24.95,25.00,-,0.2,24.95,215,25.00,103,20.16
1611,中電,10245481,4922,169237411,16.20,16.85,16.20,16.30,+,0.3,16.3,56,16.35,2,17.16
1612,宏泰,854093,502,16155972,18.65,19.15,18.65,18.75,+,0.2,18.75,11,18.80,21,2.42
1614,三洋電,3253,4,118921,36.75,36.75,36.45,36.45,,0.0,36.45,2,36.55,1,32.26
1615,大山,35027,39,1135244,32.50,32.60,32.25,32.30,+,0.05,32.3,14,32.40,2,11.96
1616,億泰,754521,448,6752344,9.09,9.30,8.78,8.94,+,0.39,8.94,23,8.95,16,0.0
1617,榮星,9440,20,142330,15.10,15.10,15.00,15.00,-,0.05,15.0,3,15.05,1,46.88
1618,合機,403597,252,6130322,15.25,15.30,15.10,15.15,+,0.05,15.1,13,15.15,1,13.06
1626,艾美特-KY,48901,100,908339,18.45,18.75,18.45,18.50,+,0.1,18.5,15,18.55,2,5.69
1701,中化,1913011,1306,49984943,26.10,26.30,26.00,26.25,+,0.3,26.25,18,26.30,144,14.83
1702,南僑,382149,437,17646302,46.60,46.60,45.90,46.25,-,0.45,46.2,8,46.25,4,20.46
1707,葡萄王,600879,2100,106337543,174.00,178.50,174.00,178.00,+,5.0,177.5,24,178.00,2,18.09
1708,東鹼,1548853,985,65134129,42.00,42.25,41.85,42.20,+,0.35,42.2,27,42.25,29,7.0
1709,和益,4135088,1759,104888200,25.20,25.60,25.10,25.15,+,0.1,25.15,22,25.20,62,11.18
1710,東聯,562252,339,10686495,19.00,19.05,18.95,19.05,+,0.15,19.0,8,19.05,37,476.25
1711,永光,430379,302,7964361,18.35,18.60,18.35,18.55,+,0.2,18.5,23,18.55,4,25.41
1712,興農,3126389,2157,116358052,36.20,37.65,36.20,37.45,+,1.25,37.45,14,37.50,15,9.55
1713,國化,102487,195,2919648,28.55,28.70,28.10,28.40,-,0.15,28.4,1,28.45,10,15.03
1714,和桐,1164063,432,10299559,8.78,8.91,8.78,8.90,+,0.14,8.9,3,8.91,12,24.05
1717,長興,690002,479,21994827,31.75,32.05,31.75,31.90,+,0.25,31.9,12,31.95,24,14.37
1718,中纖,3097469,995,25978698,8.41,8.44,8.35,8.35,-,0.03,8.35,106,8.38,9,0.0
1720,生達,749860,712,40876082,54.00,54.90,54.00,54.50,+,0.9,54.5,19,54.60,17,11.95
1721,三晃,321225,284,4583886,14.20,14.35,14.10,14.30,+,0.15,14.25,5,14.30,10,21.34
1722,台肥,1324607,857,74721117,56.00,56.80,55.80,56.40,+,0.6,56.4,5,56.50,12,20.74
1723,中碳,160540,224,18136701,112.50,113.50,112.50,112.50,+,0.5,112.5,16,113.00,10,15.33
1725,元禎,48050,28,1004517,21.45,21.45,20.80,20.90,+,0.1,20.85,7,21.00,4,12.08
1726,永記,8064,16,582537,72.40,72.50,72.10,72.10,,0.0,72.0,8,72.10,1,14.33
1727,中華化,112002,109,2917619,26.35,26.35,25.90,26.00,+,0.05,25.95,3,26.00,16,23.42
1730,花仙子,15673,46,882983,56.10,56.60,56.10,56.40,+,0.3,56.3,2,56.40,1,14.06
1731,美吾華,100556,77,1968769,19.60,19.65,19.55,19.55,,0.0,19.55,11,19.60,3,16.02
1732,毛寶,177506,192,5020322,28.00,28.50,28.00,28.40,+,0.65,28.35,27,28.45,5,91.61
1733,五鼎,172558,171,4461827,25.85,25.95,25.75,25.85,+,0.2,25.8,4,25.85,1,14.2
1734,杏輝,388835,329,11873215,30.50,30.65,30.40,30.45,,0.0,30.45,34,30.55,1,25.81
1735,日勝化,22706,29,344498,15.20,15.30,15.10,15.10,,0.0,15.1,6,15.15,3,43.14
1736,喬山,428918,384,28668610,66.80,67.40,66.30,66.90,+,0.6,66.8,8,66.90,3,47.11
1737,臺鹽,173761,156,5814634,33.50,33.55,33.40,33.50,+,0.1,33.45,16,33.50,2,15.73
1752,南光,902289,648,51166624,56.50,57.10,56.10,57.00,+,1.2,56.9,12,57.00,1,16.38
1760,寶齡富錦,1619931,1271,265661273,164.00,165.00,163.00,164.50,+,1.0,164.0,4,164.50,36,51.57
1762,中化生,1821563,1346,131203146,71.90,72.60,71.20,72.10,+,0.9,72.1,42,72.20,35,11.46
1773,勝一,111669,172,13253788,119.00,119.00,118.00,118.50,+,0.5,118.5,1,119.00,9,16.23
1776,展宇,13001,11,217516,16.70,16.75,16.70,16.75,,0.0,16.7,7,16.75,1,167.5
1783,和康生,1258246,918,68256393,53.60,55.00,53.30,54.70,+,1.3,54.6,10,54.70,1,38.25
1786,科妍,218654,289,14992760,69.00,69.10,68.00,68.20,-,0.3,68.1,9,68.40,1,31.87
1789,神隆,387051,240,9976674,25.65,25.95,25.65,25.70,+,0.1,25.7,31,25.80,6,57.11
1795,美時,5273578,4351,1304593590,249.50,252.00,243.50,243.50,-,5.0,243.5,212,244.00,4,21.12
1802,台玻,2335921,1215,47428467,20.35,20.50,20.20,20.20,-,0.1,20.2,266,20.25,1,0.0
1805,寶徠,50000,20,512600,10.20,10.35,10.20,10.20,-,0.05,10.2,3,10.25,3,0.0
1806,冠軍,120010,118,1082943,9.02,9.04,9.00,9.04,+,0.02,9.03,10,9.04,2,150.67
1808,潤隆,593798,332,40397930,67.80,68.70,67.60,68.20,+,0.1,68.2,4,68.30,5,194.86
1809,中釉,347006,195,4776014,13.75,13.85,13.70,13.70,+,0.05,13.7,18,13.80,9,22.46
1810,和成,1229047,704,21756764,17.85,17.95,17.55,17.60,-,0.15,17.6,4,17.65,13,33.85
1817,凱撒衛,83520,85,3221001,38.85,38.85,38.35,38.65,,0.0,38.65,1,38.70,7,9.59
1903,士紙,527298,417,22580386,42.65,43.15,42.65,42.95,+,0.3,42.9,20,42.95,4,53.02
1904,正隆,601477,1174,16678566,27.55,27.80,27.55,27.80,+,0.35,27.75,7,27.80,85,12.25
1905,華紙,749643,334,12182051,16.20,16.30,16.15,16.25,+,0.15,16.25,5,16.30,28,39.63
1906,寶隆,116029,70,1944235,16.60,16.80,16.60,16.75,+,0.15,16.7,5,16.80,16,5.92
1907,永豐餘,2252108,1276,59307447,26.80,26.80,26.10,26.10,-,0.15,26.1,48,26.20,13,19.92
1909,榮成,1181456,745,19992051,16.90,17.05,16.85,16.85,-,0.05,16.85,186,16.90,10,0.0
2002,中鋼,10115274,5731,315234366,31.20,31.30,31.00,31.20,,0.0,31.15,133,31.20,9,26.67
2002A,中鋼特,2252,9,102889,45.50,45.85,45.50,45.85,+,0.25,45.5,1,45.80,5,0.0
2006,東和鋼鐵,1805859,1508,110567102,61.70,62.00,60.90,61.30,-,0.3,61.1,7,61.40,17,11.21
2007,燁興,470276,231,5391511,11.50,11.55,11.40,11.40,-,0.05,11.4,107,11.45,21,0.0
2008,高興昌,8734,14,171320,19.65,19.70,19.65,19.65,+,0.25,19.4,1,19.50,2,35.09
2009,第一銅,1374223,990,46868883,34.25,34.65,33.75,33.85,-,0.35,33.85,41,33.90,11,61.55
2010,春源,506437,271,8077879,15.90,16.05,15.85,16.00,+,0.15,15.9,35,16.00,30,16.84
2012,春雨,95337,665,2329653,24.40,24.50,24.35,24.50,+,0.15,24.45,1,24.50,1,12.69
2013,中鋼構,89596,657,5272392,58.80,58.90,58.80,58.80,+,0.3,58.7,5,58.80,2,24.5
2014,中鴻,5748319,2447,154448134,26.65,27.10,26.65,26.85,+,0.2,26.85,17,26.90,34,0.0
2015,豐興,189216,230,13721130,72.90,72.90,72.20,72.80,,0.0,72.5,2,72.80,19,13.79
2017,官田鋼,5787476,2918,110688513,18.50,19.70,18.50,19.15,+,0.8,19.1,76,19.15,25,17.57
2020,美亞,100255,126,2348378,23.40,23.50,23.35,23.50,+,0.05,23.45,1,23.50,8,19.58
2022,聚亨,682504,374,5607407,8.19,8.26,8.19,8.25,+,0.06,8.23,3,8.25,21,0.0
2023,燁輝,1289399,660,20352092,15.70,15.90,15.70,15.70,,0.0,15.7,175,15.75,32,38.29
2024,志聯,71249,448,1397472,19.60,19.70,19.50,19.70,+,0.3,19.7,1,19.75,1,41.04
2025,千興,202922,94,1147902,5.70,5.70,5.62,5.68,-,0.01,5.65,12,5.69,3,2.07
2027,大成鋼,7966991,3917,362125154,45.45,45.70,45.30,45.30,+,0.1,45.3,212,45.35,37,6.73
2028,威致,209109,175,5868564,28.05,28.25,27.95,27.95,-,0.05,27.95,4,28.05,1,12.1
2029,盛餘,149087,98,3763801,25.25,25.40,25.15,25.25,+,0.15,25.2,3,25.25,2,16.08
2030,彰源,693213,367,16327786,23.40,23.70,23.40,23.55,+,0.2,23.55,6,23.60,56,8.92
2031,新光鋼,4659844,2622,220296877,46.05,47.80,46.05,47.50,+,1.5,47.45,9,47.50,5,38.62
2032,新鋼,120864,90,2408943,20.20,20.20,19.80,19.85,+,0.1,19.85,5,19.90,2,68.45
2033,佳大,166558,123,2573843,15.75,15.75,15.35,15.35,-,0.05,15.35,1,15.45,7,0.0
2034,允強,612067,393,17907916,29.20,29.40,29.10,29.30,+,0.25,29.25,5,29.30,10,25.26
2038,海光,434983,255,9671283,22.15,22.40,22.10,22.15,-,0.05,22.15,36,22.20,8,12.51
2049,上銀,2292456,7087,582498614,255.00,257.50,252.50,252.50,-,0.5,252.0,31,253.00,8,19.94
2059,川湖,424281,604,159219167,371.00,378.00,371.00,374.50,+,5.5,374.5,7,376.00,7,8.8
2062,橋椿,83671,51,1908957,22.90,22.90,22.75,22.85,+,0.15,22.85,9,22.90,12,6.21
2069,運錩,182536,124,3685715,20.25,20.30,20.10,20.10,,0.0,20.1,10,20.15,1,17.33
2101,南港,1363404,480,51208638,37.20,38.30,36.85,37.90,+,0.85,37.85,1,37.90,3,0.0
2102,泰豐,594248,207,12357925,20.70,20.95,20.65,20.75,+,0.1,20.75,47,20.80,7,0.0
2103,台橡,671076,608,18517829,27.50,27.75,27.50,27.55,+,0.1,27.55,34,27.60,1,12.75
2104,國際中橡,2568477,785,51147685,19.85,20.05,19.80,19.95,+,0.15,19.95,36,20.00,121,28.5
2105,正新,1668263,1148,57124221,34.15,34.35,34.10,34.25,+,0.2,34.25,51,34.30,39,22.39
2106,建大,448380,319,13673878,30.45,30.70,30.30,30.70,+,0.35,30.6,5,30.70,1,82.97
2107,厚生,525913,428,11501209,21.85,22.05,21.75,22.00,+,0.2,22.0,2,22.05,11,10.43
2108,南帝,1355633,1080,57124466,42.80,43.30,41.90,41.90,-,0.75,41.9,19,41.95,3,17.31
2109,華豐,69171,86,1004580,14.50,14.60,14.50,14.50,+,0.05,14.45,21,14.50,1,13.81
2114,鑫永銓,12445,18,1233627,99.00,99.80,99.00,99.40,+,0.4,99.2,1,99.40,1,17.41
2115,六暉-KY,31077,38,981788,31.65,31.90,31.35,31.60,-,0.05,31.6,6,31.70,1,13.86
2201,裕隆,19883176,11098,1549351216,76.80,79.00,76.60,77.30,+,1.5,77.3,95,77.40,174,0.0
2204,中華,8788991,5166,537756170,59.50,62.30,59.40,61.60,+,3.1,61.6,13,61.70,36,0.0
2206,三陽工業,3592020,2322,138945225,38.90,38.95,38.50,38.55,-,0.2,38.55,34,38.60,1,9.81
2207,和泰車,65013,205,38977172,601.00,602.00,597.00,599.00,+,6.0,599.0,2,600.00,8,0.0
2208,台船,2607953,1229,57162877,21.85,22.15,21.75,22.00,+,0.3,21.95,72,22.00,14,0.0
2211,長榮鋼,1029267,686,57685015,56.20,56.40,55.90,55.90,-,0.3,55.9,32,56.00,17,8.99
2227,裕日車,41057,117,7965119,195.00,195.00,193.50,193.50,,0.0,193.0,8,193.50,1,24.07
2228,劍麟,192629,153,16059395,83.10,83.90,82.80,83.70,+,0.7,83.7,19,83.80,6,14.02
2231,為升,971842,3455,162165430,168.00,169.50,164.50,164.50,+,1.0,164.5,9,165.50,6,35.0
2233,宇隆,118058,166,12711470,107.50,108.50,107.00,108.00,+,1.5,108.0,11,108.50,3,10.32
2236,百達-KY,162352,123,6272894,38.75,38.90,38.50,38.55,,0.0,38.55,1,38.60,2,30.35
2239,英利-KY,178612,195,12463665,71.10,71.10,69.10,69.50,-,0.2,69.5,1,69.60,1,40.88
2241,艾姆勒,111977,91,3997195,34.90,36.80,34.90,36.00,+,1.1,36.0,1,36.25,1,0.0
2243,宏旭-KY,2433742,1341,58138572,24.20,24.45,23.25,23.55,-,0.25,23.5,6,23.55,4,0.0
2247,汎德永業,189843,430,45958245,240.00,244.00,239.50,243.00,+,4.0,242.5,4,243.00,16,13.93
2250,IKKA-KY,5002,7,361644,72.20,72.70,72.20,72.70,+,0.3,72.5,1,72.60,2,21.57
2301,光寶科,3818047,2933,265766207,70.20,70.20,69.40,69.60,-,0.2,69.6,309,69.70,21,11.32
2302,麗正,12523957,4656,261877897,20.00,21.75,20.00,21.75,+,1.95,21.75,21585,--,0,21.32
2303,聯電,45442640,22803,2405461098,53.50,53.60,52.60,52.80,-,0.4,52.7,381,52.80,3478,7.58
2305,全友,1723677,1084,44670597,25.05,26.30,25.05,25.95,+,1.15,25.9,19,26.00,68,432.5
2308,台達電,3500799,3845,1024580833,290.00,294.00,289.00,293.00,+,5.5,293.0,4,293.50,46,23.29
2312,金寶,1945286,1092,25454610,13.05,13.15,13.05,13.05,+,0.1,13.05,347,13.10,33,18.91
2313,華通,5749644,3797,257559603,44.55,45.10,44.35,44.90,+,0.6,44.85,121,44.90,116,6.69
2314,台揚,802173,585,34592827,42.45,43.45,42.45,43.30,+,0.95,43.3,15,43.35,8,0.0
2316,楠梓電,161231,180,4598621,28.15,29.00,28.15,28.30,+,0.2,28.3,16,28.35,1,8.4
2317,鴻海,21169729,10812,2193540108,103.00,104.00,103.00,103.50,+,1.0,103.5,1509,104.00,3434,10.14
2321,東訊,7849,27,144660,18.30,18.55,18.30,18.55,+,0.05,18.3,3,18.55,4,154.58
2323,中環,5200140,1053,40678921,7.84,7.88,7.78,7.80,+,0.01,7.8,211,7.82,77,0.0
2324,仁寶,11345079,3842,275772893,24.40,24.40,24.10,24.30,+,0.3,24.3,155,24.35,188,14.55
2327,國巨,2137309,2425,1079309382,505.00,509.00,499.00,505.00,+,5.0,504.0,21,505.00,6,9.27
2328,廣宇,2116388,1191,81015253,38.05,38.50,38.00,38.20,+,0.4,38.2,63,38.25,41,14.98
2329,華泰,986739,588,19563139,19.95,20.00,19.75,19.75,+,0.1,19.75,96,19.80,68,10.03
2330,台積電,18519120,14094,9534730452,515.00,517.00,512.00,517.00,+,5.0,516.0,249,517.00,431,13.19
2331,精英,3460825,1337,81097309,23.20,23.65,23.15,23.30,+,0.15,23.3,29,23.35,53,14.84
2332,友訊,1339854,1088,22342587,16.65,16.75,16.60,16.65,+,0.1,16.65,16,16.70,32,92.5
2337,旺宏,3117650,1969,107158382,34.55,34.65,34.15,34.25,,0.0,34.2,37,34.25,2,7.08
2338,光罩,10094814,7474,971216982,96.50,97.50,94.70,95.40,+,0.8,95.4,69,95.50,1,27.81
2340,台亞,882263,686,32930122,37.40,37.60,37.15,37.20,-,0.05,37.2,37,37.25,18,45.37
2342,茂矽,1750885,1299,72759206,41.95,42.15,40.80,40.80,-,0.55,40.8,37,40.85,1,10.94
2344,華邦電,24673439,8885,608021600,24.60,24.85,24.35,24.60,+,0.2,24.6,423,24.65,58,7.57
2345,智邦,5750770,4522,1747562477,297.00,308.00,297.00,304.50,+,10.0,304.5,33,305.00,15,20.81
2347,聯強,2569682,2020,159067110,61.80,62.20,61.50,61.50,+,0.2,61.5,126,61.60,24,6.51
2348,海悅,12239,52,815776,66.60,66.80,66.50,66.60,,0.0,66.5,4,66.60,2,8.48
2348A,海悅甲特,16024,12,576455,35.75,36.10,35.75,35.75,+,0.15,35.6,3,36.00,4,0.0
2349,錸德,924555,428,7760713,8.49,8.49,8.31,8.39,+,0.17,8.39,6,8.40,52,0.0
2351,順德,832374,801,103720012,126.00,126.50,123.50,123.50,-,1.5,123.5,61,124.00,1,23.93
2352,佳世達,4178480,2331,126405925,30.40,30.40,30.15,30.20,-,0.05,30.2,27,30.25,116,7.19
2353,宏碁,8568262,4016,233165869,27.05,27.35,26.95,27.30,+,0.25,27.25,6,27.30,269,16.35
2354,鴻準,1564515,1417,83370923,53.30,53.60,53.00,53.30,+,0.3,53.2,21,53.30,7,17.65
2355,敬鵬,835753,529,25214552,30.00,30.30,30.00,30.20,+,0.25,30.15,11,30.20,21,24.16
2356,英業達,21105723,9643,615187343,28.55,29.50,28.50,29.40,+,0.85,29.35,15,29.40,214,17.19
2357,華碩,1352762,1682,362023635,267.50,268.50,267.00,268.50,+,2.5,268.0,3,268.50,19,13.57
2358,廷鑫,666567,339,9863677,14.85,14.90,14.70,14.80,+,0.05,14.75,27,14.80,22,20.85
2359,所羅門,10804120,5995,353912295,32.80,33.30,32.25,32.50,-,0.2,32.5,47,32.55,2,12.17
2360,致茂,1577980,1376,263916014,167.00,169.00,164.00,168.00,+,3.0,167.5,6,168.00,3,13.94
2362,藍天,1720187,863,51663620,30.20,30.20,29.95,30.10,+,0.1,30.1,32,30.15,13,21.35
2363,矽統,1940997,1033,36694024,18.90,19.00,18.85,18.90,+,0.15,18.85,47,18.90,32,29.08
2364,倫飛,761435,1313,80080661,107.00,108.50,104.00,104.00,-,3.0,104.0,2,104.50,10,33.44
2365,昆盈,170204,128,1752444,10.30,10.35,10.25,10.30,+,0.05,10.3,3,10.35,21,29.43
2367,燿華,2267020,963,41495712,18.20,18.40,18.20,18.30,+,0.2,18.3,56,18.35,104,29.52
2368,金像電,12476675,7765,1147601849,91.20,92.80,90.80,92.50,+,2.3,92.4,14,92.50,68,9.85
2369,菱生,486605,527,7277382,15.05,15.05,14.90,14.95,+,0.05,14.9,188,14.95,91,27.18
2371,大同,3713583,1793,121143848,32.45,32.80,32.40,32.50,+,0.25,32.5,44,32.55,7,8.04
2373,震旦行,51237,84,4039117,78.90,79.00,78.50,78.90,-,0.1,78.9,4,79.00,2,13.26
2374,佳能,538758,429,10924014,20.25,20.40,20.20,20.30,+,0.2,20.25,7,20.30,22,43.19
2375,凱美,1776255,2107,135422935,77.50,77.60,75.10,75.10,-,1.4,75.1,16,75.30,9,10.39
2376,技嘉,2304354,1863,276195141,120.00,120.50,119.00,120.00,,0.0,120.0,32,120.50,240,11.66
2377,微星,1430133,1273,200714944,141.50,142.00,139.50,140.00,-,0.5,140.0,60,140.50,6,11.87
2379,瑞昱,3080108,3138,1198572038,395.00,396.00,385.00,389.00,-,2.5,389.0,44,390.00,50,12.31
2380,虹光,736051,372,7601748,10.30,10.55,10.20,10.45,+,0.15,10.45,3,10.50,5,0.0
2382,廣達,6018567,4284,505377757,83.60,84.40,83.20,83.80,+,0.6,83.7,145,83.80,1,11.16
2383,台光電,2027098,1633,350246537,172.00,174.50,170.50,173.00,+,2.5,173.0,3,173.50,35,11.35
2385,群光,1726252,1348,158328290,91.80,92.20,91.30,91.30,-,0.1,91.3,50,91.40,13,8.92
2387,精元,3767670,2463,162526293,42.60,43.70,42.25,43.55,+,1.5,43.5,12,43.55,63,5.82
2388,威盛,31761555,19790,2898888709,93.10,93.70,89.10,89.10,-,2.7,89.1,212,89.20,34,0.0
2390,云辰,661563,385,8314283,12.50,12.70,12.50,12.55,+,0.2,12.5,21,12.60,18,0.0
2392,正崴,2012168,1245,79744292,39.15,39.95,39.00,39.40,+,0.4,39.4,80,39.45,1,12.55
2393,億光,548507,501,21573994,39.35,39.50,39.25,39.30,+,0.05,39.3,37,39.35,15,14.14
2395,研華,346498,437,124983958,361.00,362.00,359.00,361.00,+,3.0,361.0,2,361.50,5,26.1
2397,友通,196673,186,13789407,70.00,70.50,69.60,70.00,,0.0,70.0,5,70.10,1,15.18
2399,映泰,10287604,4477,176257509,16.60,17.50,16.45,17.20,+,0.8,17.15,67,17.20,29,21.5
2401,凌陽,1085302,768,27431727,25.40,25.40,25.20,25.25,,0.0,25.25,71,25.30,41,68.24
2402,毅嘉,45783998,16059,1089768892,22.60,24.35,22.55,24.35,+,2.2,24.35,64834,--,0,20.29
2404,漢唐,1647585,6202,393269938,238.00,241.00,236.50,239.00,+,2.5,238.5,26,239.00,4,11.82
2405,輔信,878704,531,10783593,12.30,12.35,12.15,12.30,+,0.15,12.3,15,12.35,170,16.62
2406,國碩,6643469,3058,137087492,20.85,21.00,20.35,20.55,-,0.25,20.5,50,20.55,14,0.0
2408,南亞科,5876502,3963,344540367,59.40,59.60,58.20,58.60,-,0.6,58.6,92,58.70,2,12.42
2409,友達,39993526,10897,735641833,18.40,18.70,18.15,18.25,+,0.25,18.25,183,18.30,24,0.0
2412,中華電,3974614,2614,472941324,119.00,119.50,118.50,118.50,-,0.5,118.5,1447,119.00,312,25.21
2413,環科,11467706,6004,423455683,36.00,37.85,35.45,37.60,+,1.8,37.55,9,37.60,2,20.66
2414,精技,129528,116,4424148,34.20,34.20,34.00,34.20,+,0.15,34.15,8,34.25,1,10.27
2415,錩新,104578,147,2540010,24.30,24.55,24.20,24.20,,0.0,24.15,1,24.35,1,2420.0
2417,圓剛,235133,192,5446802,23.05,23.30,23.00,23.10,+,0.2,23.1,2,23.20,8,82.5
2419,仲琦,1305222,812,35943165,27.40,27.70,27.30,27.55,+,0.3,27.55,17,27.60,6,18.37
2420,新巨,836134,465,36731967,43.30,44.30,43.30,43.85,+,0.6,43.8,16,43.85,7,9.9
2421,建準,4605503,3737,226048661,47.95,49.75,47.95,49.10,+,1.5,49.05,6,49.10,44,11.31
2423,固緯,686400,478,21207611,30.45,31.70,30.30,31.10,+,0.85,31.1,2,31.20,5,11.19
2424,隴華,36069,54,791063,21.90,22.65,21.90,22.10,,0.0,22.1,2,22.45,3,0.0
2425,承啟,1666517,890,54788569,32.50,33.25,32.30,32.90,+,0.55,32.9,23,32.95,46,8.35
2426,鼎元,517592,475,9416191,18.20,18.35,18.05,18.10,+,0.1,18.1,7,18.15,8,0.0
2427,三商電,8416202,2740,120924565,13.75,14.70,13.60,14.70,+,1.3,14.7,3468,--,0,14.13
2428,興勤,429676,690,61542339,141.00,146.50,139.50,143.50,+,3.5,143.0,7,143.50,5,11.76
2429,銘旺科,347936,267,5644302,15.55,16.50,15.55,16.35,+,0.8,16.25,4,16.35,1,0.0
2430,燦坤,550259,511,27053460,49.00,49.40,48.85,49.25,+,0.15,49.2,2,49.30,21,9.69
2431,聯昌,130075,85,1326526,10.20,10.25,10.15,10.20,+,0.1,10.15,32,10.20,1,0.0
2433,互盛電,39037,37,2032933,52.00,52.30,51.90,52.10,+,0.2,52.0,4,52.10,1,13.5
2434,統懋,13552,25,410483,30.15,30.40,30.15,30.25,+,0.2,30.0,3,30.45,2,0.0
2436,偉詮電,1402692,1378,71739125,51.30,51.80,50.50,51.30,+,0.3,51.3,19,51.40,30,61.81
2438,翔耀,749277,397,12632032,17.40,17.40,16.30,16.85,-,0.45,16.8,10,16.85,2,0.0
2439,美律,443347,424,38543730,86.90,87.20,86.60,86.90,+,0.6,86.8,8,86.90,1,13.01
2440,太空梭,141929,76,1599257,11.40,11.40,11.25,11.25,+,0.05,11.25,2,11.30,3,0.0
2441,超豐,895330,855,49083190,55.00,55.00,54.30,54.80,+,0.3,54.8,12,54.90,19,9.87
2442,新美齊,2881132,1178,43486263,14.85,15.30,14.80,15.10,+,0.25,15.05,43,15.10,21,26.96
2443,昶虹,75271,35,221101,2.95,2.95,2.90,2.93,+,0.04,2.92,3,2.93,2,0.0
2444,兆勁,698613,365,11851725,16.80,17.15,16.80,16.90,+,0.15,16.9,63,17.00,46,16.41
2449,京元電子,15116659,11403,748139279,50.20,50.50,48.80,49.55,,0.0,49.5,145,49.55,65,8.86
2450,神腦,166823,200,5747927,34.05,34.60,34.05,34.50,+,0.45,34.45,8,34.50,2,13.53
2451,創見,429265,332,30723609,71.40,71.90,71.20,71.90,+,0.3,71.7,223,71.90,14,12.57
2453,凌群,63492125,33214,4352080524,68.80,71.50,66.30,68.70,+,3.0,68.7,19,68.80,24,28.74
2454,聯發科,5445430,6733,4185541006,776.00,779.00,763.00,771.00,+,1.0,770.0,71,771.00,18,10.39
2455,全新,5115725,5870,460342180,91.80,91.90,88.50,90.20,-,1.7,90.1,1,90.20,2,30.58
2457,飛宏,103229933,51706,6463720629,60.50,64.80,60.20,61.10,+,1.6,61.1,105,61.20,72,321.58
2458,義隆,670971,631,68994256,103.50,103.50,102.00,102.50,,0.0,102.0,108,102.50,9,13.56
2459,敦吉,75700,74,4261590,56.10,56.60,56.10,56.30,+,0.2,56.2,8,56.50,18,10.46
2460,建通,321630,183,6018263,18.65,18.80,18.60,18.70,+,0.05,18.65,6,18.75,13,0.0
2461,光群雷,339391,145,6902470,20.35,20.50,20.20,20.40,+,0.2,20.35,1,20.40,4,14.27
2462,良得電,2171948,1089,72128004,32.45,33.60,32.40,33.30,+,1.3,33.25,24,33.30,35,47.57
2464,盟立,191986,345,7219025,37.40,37.75,37.35,37.70,+,0.35,37.65,9,37.70,3,14.33
2465,麗臺,1095685,1306,44199074,40.25,40.75,39.90,40.50,+,0.8,40.45,11,40.50,6,0.0
2466,冠西電,20281,49,687220,33.95,33.95,33.75,33.90,,0.0,33.9,1,34.00,1,44.61
2467,志聖,291116,428,14430522,49.15,49.90,49.10,49.65,+,0.55,49.65,6,49.70,1,10.82
2468,華經,1113064,711,29022970,25.95,26.50,25.55,25.90,+,0.1,25.85,18,25.90,17,30.83
2471,資通,42013879,25169,2110052841,48.50,52.60,48.45,49.65,+,1.8,49.65,27,49.70,27,14.6
2472,立隆電,1780041,1207,123253407,68.70,70.00,68.10,68.60,+,0.9,68.5,35,68.80,19,8.62
2474,可成,3007828,1312,565736260,187.00,189.00,187.00,188.00,+,1.0,188.0,504,188.50,121,12.32
2476,鉅祥,2472381,2084,132835080,54.30,54.50,53.30,53.30,-,0.6,53.3,5,53.40,21,11.71
2477,美隆電,67650,71,1376311,20.45,20.45,20.15,20.40,,0.0,20.35,8,20.40,1,25.5
2478,大毅,145330,221,6913433,47.25,47.80,47.20,47.70,+,0.9,47.6,32,47.70,9,11.07
2480,敦陽科,594840,694,58083286,96.80,98.50,96.50,97.30,+,1.3,97.2,2,97.40,13,14.08
2481,強茂,5354660,4910,380580984,71.30,71.90,70.70,71.30,+,0.3,71.3,50,71.40,126,15.5
2482,連宇,21663454,10117,1291247166,56.30,61.30,56.30,61.30,+,5.5,61.3,22235,--,0,27.61
2483,百容,181350,123,4776540,26.20,26.50,26.15,26.25,+,0.1,26.25,2,26.30,2,17.05
2484,希華,2446873,1423,92116889,37.40,37.85,37.30,37.75,+,0.45,37.75,54,37.80,65,7.83
2485,兆赫,1437547,631,26949301,18.65,18.90,18.60,18.70,+,0.2,18.65,28,18.70,3,0.0
2486,一詮,5223885,3090,149063049,28.55,29.00,28.05,28.05,-,0.15,28.05,45,28.10,16,59.68
2488,漢平,119212,123,3652722,30.55,30.70,30.50,30.65,+,0.15,30.6,15,30.65,9,7.94
2489,瑞軒,1205316,951,12395549,10.25,10.35,10.20,10.30,+,0.1,10.3,3,10.35,198,0.0
2491,吉祥全,15000,12,177000,11.80,11.90,11.75,11.90,+,0.15,11.8,3,11.90,1,0.0
2492,華新科,700532,1047,66296707,94.80,95.20,94.20,94.20,+,0.1,94.2,20,94.30,10,27.71
2493,揚博,455670,185,24457975,53.60,54.00,53.50,53.80,+,0.2,53.7,4,53.80,7,11.14
2495,普安,4367175,2145,96317592,22.00,22.40,21.80,22.00,-,0.05,22.0,7,22.05,54,28.21
2496,卓越,28133,18,1440117,51.30,51.30,51.00,51.20,+,0.2,51.0,4,51.20,1,14.03
2497,怡利電,1314798,976,101322250,76.30,77.60,76.30,77.00,+,1.1,77.0,2,77.10,5,27.3
2498,宏達電,11109362,7785,702632372,63.70,63.90,62.70,62.70,-,0.5,62.7,76,62.80,58,0.0
2501,國建,598616,330,10251963,17.00,17.25,16.90,17.20,+,0.4,17.15,48,17.20,22,16.54
2504,國產,2405201,1584,67398216,27.95,28.15,27.85,28.00,+,0.15,28.0,16,28.05,92,7.98
2505,國揚,177018,156,3241776,18.25,18.45,18.20,18.30,+,0.1,18.3,12,18.35,7,14.3
2506,太設,161968,108,1497881,9.22,9.29,9.20,9.24,,0.0,9.24,1,9.27,2,5.81
2509,全坤建,40282,118,600751,14.85,14.95,14.85,14.85,,0.0,14.85,15,14.90,2,0.0
2511,太子,291947,132,3368443,11.55,11.60,11.50,11.55,+,0.05,11.5,80,11.55,34,12.69
2514,龍邦,86575,53,1490637,17.30,17.40,17.20,17.20,-,0.05,17.2,6,17.25,7,19.33
2515,中工,3665227,1398,33710107,9.21,9.24,9.17,9.19,+,0.01,9.18,41,9.19,25,17.02
2516,新建,100981,86,494408,4.93,4.94,4.86,4.87,,0.0,4.87,2,4.92,16,0.0
2520,冠德,625237,534,18016056,28.85,28.90,28.70,28.85,+,0.05,28.8,8,28.90,19,6.69
2524,京城,60440,81,1936839,32.20,32.40,31.85,31.90,-,0.5,31.9,3,32.00,2,11.39
2527,宏璟,97103,56,2108002,21.80,21.80,21.65,21.65,-,0.05,21.65,10,21.70,8,9.84
2528,皇普,260865,112,5097254,19.80,19.80,19.00,19.65,,0.0,19.6,9,19.70,4,31.19
2530,華建,264240,153,4670295,17.90,17.90,17.60,17.60,,0.0,17.6,38,17.65,4,32.59
2534,宏盛,641684,334,15264876,23.85,23.90,23.65,23.85,+,0.15,23.8,43,23.85,14,9.73
2535,達欣工,554208,492,18554044,33.40,33.55,33.40,33.50,+,0.1,33.45,41,33.50,68,9.15
2536,宏普,107500,51,2539724,23.60,23.70,23.55,23.55,,0.0,23.55,40,23.60,2,0.0
2537,聯上發,514253,254,3455088,6.72,6.74,6.70,6.72,,0.0,6.71,32,6.72,10,25.85
2538,基泰,150134,91,1883862,12.50,12.65,12.45,12.55,+,0.05,12.55,19,12.60,15,18.19
2539,櫻花建,163413,193,5915040,35.90,36.35,35.90,36.35,+,0.55,36.3,7,36.35,52,17.73
2540,愛山林,354741,63,26821077,75.10,76.00,75.10,75.60,+,0.4,75.3,1,75.70,1,45.27
2542,興富發,1769591,1244,72551821,40.65,41.15,40.65,41.10,+,0.4,41.05,48,41.10,18,18.27
2543,皇昌,80142,56,739429,9.20,9.26,9.15,9.21,+,0.08,9.22,1,9.24,1,9.03
2545,皇翔,588988,437,26266707,45.00,45.00,44.40,44.55,-,0.1,44.55,6,44.65,5,7.71
2546,根基,540892,826,35744691,65.40,67.40,65.00,66.70,+,2.5,66.6,2,66.70,5,7.43
2547,日勝生,695126,340,6403392,9.18,9.25,9.18,9.21,+,0.08,9.2,7,9.21,11,115.12
2548,華固,699213,698,63964052,90.60,92.00,90.60,92.00,+,1.4,91.9,5,92.00,55,8.61
2597,潤弘,105572,137,12846534,121.50,122.50,121.50,122.00,+,1.0,121.5,15,122.00,1,10.95
2601,益航,2024201,894,18786263,9.24,9.34,9.21,9.27,+,0.08,9.27,15,9.28,1,71.31
2603,長榮,18610182,12524,3008418300,163.00,163.50,160.50,160.50,-,1.5,160.5,919,161.00,146,1.02
2605,新興,4987920,2573,123707803,24.60,25.15,24.35,24.75,+,0.3,24.7,101,24.75,3,72.79
2606,裕民,4246627,2794,239201715,56.20,56.80,55.50,56.80,+,1.0,56.7,5,56.80,25,10.9
2607,榮運,1544958,791,42689174,27.70,27.75,27.55,27.70,+,0.05,27.65,14,27.70,23,8.39
2608,嘉里大榮,179454,162,6820914,38.05,38.10,37.95,38.00,+,0.05,37.95,16,38.05,15,14.29
2609,陽明,19336641,13729,1266310779,66.30,66.30,65.10,65.10,-,0.7,65.1,515,65.20,38,1.26
2610,華航,22239905,7554,426859329,19.25,19.40,19.10,19.10,-,0.15,19.1,978,19.15,55,39.79
2611,志信,478127,283,6644600,13.80,14.00,13.80,13.95,+,0.2,13.9,3,13.95,47,0.0
2612,中航,282183,299,11630099,41.15,41.50,40.90,41.35,+,0.4,41.35,1,41.45,5,10.66
2613,中櫃,175524,164,4037542,22.95,23.10,22.90,22.95,+,0.2,22.9,10,22.95,2,21.86
2614,東森,2130136,1554,41997412,19.70,19.85,19.55,19.65,+,0.1,19.65,13,19.70,5,0.0
2615,萬海,8247740,5210,573304225,70.30,70.30,69.00,69.00,-,0.6,69.0,448,69.10,1,2.08
2616,山隆,141777,973,4558416,32.20,32.20,32.05,32.15,+,0.1,32.1,26,32.15,6,15.09
2617,台航,1074824,681,35539951,33.30,33.30,32.90,33.10,,0.0,33.05,18,33.10,4,6.85
2618,長榮航,14116407,5879,370540876,26.35,26.45,26.10,26.15,-,0.05,26.15,142,26.20,126,19.81
2630,亞航,670601,375,13265269,19.95,20.00,19.65,19.70,+,0.05,19.65,35,19.70,3,246.25
2633,台灣高鐵,2346966,1003,69526931,29.50,29.70,29.50,29.60,+,0.1,29.6,7,29.65,95,44.18
2634,漢翔,12991597,6594,535987840,41.30,41.75,40.75,41.00,,0.0,41.0,18,41.05,15,24.7
2636,台驊投控,1898938,2273,148644195,79.80,79.80,77.60,77.60,-,2.1,77.6,30,77.70,2,4.17
2637,慧洋-KY,2167025,1566,146475506,67.90,67.90,67.20,67.60,+,0.1,67.5,58,67.60,2,4.77
2642,宅配通,73981,130,3507981,47.05,47.60,47.05,47.55,+,0.5,47.45,20,47.50,5,25.7
2645,長榮航太,1760202,1437,158898306,90.80,90.90,89.50,90.10,-,0.7,90.1,32,90.40,6,20.11
2701,萬企,201775,112,2558794,12.70,12.75,12.60,12.65,-,0.05,12.65,2,12.70,38,26.91
2702,華園,367965,296,8809936,23.85,24.20,23.70,23.85,+,0.1,23.85,7,23.90,4,1.7
2704,國賓,121205,127,4287461,35.40,35.50,35.25,35.30,+,0.05,35.3,13,35.45,3,11.89
2705,六福,366583,358,6508870,18.00,18.00,17.50,17.55,-,0.1,17.5,21,17.55,5,0.0
2706,第一店,157119,91,2296383,14.70,14.70,14.55,14.55,-,0.05,14.55,9,14.60,19,24.25
2707,晶華,3078565,3248,863095605,284.00,287.50,274.50,274.50,-,6.5,274.5,35,275.00,53,38.72
2712,遠雄來,79211,65,2816959,36.80,36.85,34.80,34.90,-,0.6,34.7,4,35.25,2,151.74
2722,夏都,2392648,2180,128823533,54.10,55.50,52.10,53.90,-,0.1,53.4,1,53.90,3,39.06
2723,美食-KY,926742,871,136932418,148.00,150.00,146.00,146.00,-,0.5,146.0,20,146.50,17,49.32
2727,王品,4699352,4221,1339980835,281.00,289.50,277.00,285.00,+,6.0,285.0,7,285.50,6,82.13
2731,雄獅,2128757,1911,257134713,119.00,123.00,119.00,120.50,+,2.0,120.0,62,120.50,11,0.0
2739,寒舍,2121619,1831,129910179,59.20,63.80,58.20,61.40,+,2.2,61.3,2,61.40,4,0.0
2748,雲品,8786177,6209,789586051,90.00,91.80,87.90,89.10,+,0.3,89.0,8,89.10,3,41.64
2753,八方雲集,1173172,1361,247657926,210.00,215.00,207.50,209.00,+,2.5,209.0,2,209.50,8,21.55
2801,彰銀,4677368,1818,79226361,16.80,17.05,16.80,16.95,+,0.2,16.95,72,17.00,78,16.3
2809,京城銀,461431,388,15639544,33.90,34.05,33.60,33.90,+,0.35,33.9,2,33.95,17,17.04
2812,台中銀,6048403,2618,83190158,13.60,13.90,13.60,13.75,+,0.15,13.75,469,13.80,503,12.85
2816,旺旺保,74859,74,1136656,15.20,15.30,15.10,15.20,,0.0,15.15,2,15.30,14,0.0
2820,華票,583160,352,8638100,14.70,14.90,14.70,14.90,+,0.2,14.85,8,14.90,4,19.35
2832,台產,57433,96,1190839,20.80,20.80,20.65,20.70,,0.0,20.7,8,20.75,2,11.13
2834,臺企銀,43806973,10753,579012074,13.00,13.40,13.00,13.25,+,0.3,13.2,2078,13.25,1286,10.52
2836,高雄銀,341823,219,4208549,12.30,12.40,12.25,12.30,+,0.05,12.3,84,12.40,47,16.4
2836A,高雄銀甲特,20000,8,440900,22.00,22.10,22.00,22.05,,0.0,22.05,5,22.30,1,0.0
2838,聯邦銀,426678,352,6557610,15.25,15.50,15.25,15.35,+,0.1,15.35,86,15.45,13,16.51
2838A,聯邦銀甲特,33092,17,1722875,52.00,52.20,52.00,52.20,,0.0,52.0,43,52.20,24,0.0
2845,遠東銀,5353955,1133,59598019,11.10,11.20,11.00,11.10,+,0.1,11.1,399,11.15,240,12.33
2849,安泰銀,41056,24,596915,14.45,14.55,14.45,14.50,+,0.1,14.5,19,14.55,3,26.85
2850,新產,206338,178,10257699,49.25,50.10,49.25,49.60,+,0.4,49.5,1,49.65,2,7.82
2851,中再保,1296706,520,22498711,17.20,17.45,17.20,17.35,+,0.15,17.3,131,17.35,26,54.22
2852,第一保,327752,118,5077463,15.45,15.55,15.45,15.50,+,0.1,15.45,37,15.50,3,8.33
2855,統一證,979408,367,15887043,16.10,16.40,16.05,16.35,+,0.25,16.3,6,16.35,15,32.7
2867,三商壽,13688402,2290,70783409,5.16,5.21,5.14,5.21,+,0.06,5.21,111,5.22,139,0.0
2880,華南金,7592171,4288,165028513,21.55,21.85,21.55,21.75,+,0.3,21.75,213,21.80,181,17.13
2881,富邦金,12292575,7435,680509594,55.20,55.70,55.10,55.30,+,0.3,55.3,17,55.40,172,16.51
2881A,富邦特,53004,22,3285492,62.00,62.00,61.90,61.90,-,0.1,62.0,10,62.10,21,0.0
2881B,富邦金乙特,38901,22,2346764,60.10,60.50,60.10,60.50,+,0.3,60.3,19,60.50,9,0.0
2881C,富邦金丙特,21502,49,1266869,58.90,59.00,58.90,58.90,,0.0,58.9,21,59.00,4,0.0
2882,國泰金,19966155,9944,814213517,40.50,41.15,40.40,40.75,+,0.55,40.7,695,40.75,127,17.64
2882A,國泰特,139888,69,8254146,58.90,59.30,58.90,59.30,+,0.4,58.9,63,59.30,3,0.0
2882B,國泰金乙特,5744,10,341258,59.50,59.60,59.40,59.50,+,0.2,59.3,10,59.50,22,0.0
2883,開發金,22048435,7297,270771432,12.20,12.35,12.15,12.25,+,0.15,12.25,1535,12.30,321,13.76
2883B,開發金乙特,937693,335,7465118,7.98,8.01,7.92,7.94,-,0.04,7.94,9,7.95,38,0.0
2884,玉山金,18978066,9235,455118966,23.80,24.30,23.80,23.95,+,0.2,23.95,571,24.00,332,21.77
2885,元大金,11501743,5106,252792997,21.85,22.15,21.80,21.95,+,0.15,21.95,56,22.00,203,12.76
2886,兆豐金,8049053,4256,259670664,32.15,32.50,32.10,32.20,+,0.2,32.15,234,32.20,19,24.39
2887,台新金,8101091,3369,130466091,16.05,16.20,16.05,16.05,+,0.1,16.05,199,16.10,169,14.08
2887E,台新戊特,319059,193,16343289,51.20,51.30,51.20,51.30,+,0.1,51.3,27,51.40,33,0.0
2887F,台新戊特二,6000,5,292100,48.60,48.70,48.60,48.70,-,0.1,48.6,7,48.70,10,0.0
2887Z1,台新己特,730,6,12312,--,--,--,--,,0.0,16.8,1,17.00,3,0.0
2888,新光金,37058792,7056,301425570,8.08,8.18,8.04,8.15,+,0.16,8.15,966,8.16,15,62.69
2888A,新光金甲特,49288,25,1760121,35.80,35.95,35.65,35.80,,0.0,35.8,1,35.95,5,0.0
2888B,新光金乙特,133939,62,4770592,35.60,35.65,35.55,35.55,-,0.1,35.55,29,35.70,1,0.0
2889,國票金,22639800,7111,290909942,12.50,13.05,12.50,13.00,+,0.5,13.0,272,13.05,448,35.14
2890,永豐金,18767576,8417,302288759,16.00,16.20,15.95,16.10,+,0.15,16.1,1228,16.15,563,11.5
2891,中信金,39911028,14099,841090092,21.00,21.25,20.85,21.05,+,0.05,21.0,1483,21.05,481,13.49
2891B,中信金乙特,53073,13,3188667,60.00,60.10,60.00,60.10,,0.0,60.0,12,60.20,12,0.0
2891C,中信金丙特,1585,10,94689,59.80,59.80,59.80,59.80,+,0.1,59.1,9,59.60,1,0.0
2892,第一金,7131482,4234,184778714,25.65,26.15,25.65,25.85,+,0.2,25.85,133,25.90,15,16.57
2897,王道銀行,4097238,915,38912099,9.47,9.58,9.42,9.52,+,0.11,9.51,1,9.52,34,5.73
2897A,王道銀甲特,51099,17,523299,10.25,10.25,10.20,10.20,-,0.05,10.2,48,10.30,37,0.0
2901,欣欣,6664,23,165299,24.65,24.85,24.65,24.80,+,0.3,24.6,2,24.80,7,107.83
2903,遠百,1310751,607,30001568,22.85,23.00,22.80,22.85,,0.0,22.8,107,22.85,98,16.68
2904,匯僑,73644,42,1620933,21.95,22.20,21.90,22.20,+,0.3,22.2,1,22.25,3,17.76
2905,三商,356051,215,5466013,15.30,15.50,15.25,15.45,+,0.15,15.45,4,15.50,17,0.0
2906,高林,589627,330,10202688,17.30,17.40,17.15,17.30,+,0.05,17.3,38,17.35,3,23.38
2908,特力,211487,81,4405510,20.80,20.90,20.75,20.90,+,0.2,20.85,4,20.90,27,24.3
2910,統領,7000,5,212000,30.10,30.55,30.10,30.55,+,0.3,30.35,1,30.60,2,55.55
2911,麗嬰房,186680,183,1380315,7.38,7.48,7.34,7.47,+,0.11,7.47,40,7.48,9,0.0
2912,統一超,572440,748,153480592,268.50,268.50,267.50,268.00,+,0.5,268.0,16,268.50,37,30.01
2913,農林,666642,460,14444866,21.85,21.85,21.55,21.65,-,0.1,21.65,157,21.70,6,0.0
2915,潤泰全,4472238,2915,254835381,56.20,57.80,56.10,56.80,+,1.2,56.8,27,57.00,9,4.98
2923,鼎固-KY,19228,130,442970,23.10,23.10,22.90,22.90,-,0.2,22.9,2,22.95,1,67.35
2929,淘帝-KY,678093,409,9477615,13.85,14.05,13.85,14.00,+,0.25,13.95,23,14.00,4,21.54
2939,凱羿-KY,28882,79,945298,32.90,32.90,32.45,32.50,+,0.6,32.5,1,32.60,2,56.03
2945,三商家購,50083,67,2096261,42.20,42.20,41.60,41.60,-,0.6,41.65,5,42.05,1,50.73
3002,歐格,189101,109,2237761,11.90,12.00,11.75,11.95,+,0.1,11.9,11,11.95,3,0.0
3003,健和興,342383,338,24310655,70.10,71.50,70.10,70.70,+,0.8,70.7,11,70.80,4,10.88
3004,豐達科,249554,684,21357969,84.30,86.50,84.10,86.30,+,2.5,86.1,3,86.40,7,30.28
3005,神基,5104367,2743,282244371,55.60,55.70,54.80,55.30,,0.0,55.3,1,55.40,17,13.01
3006,晶豪科,3284963,3005,263008381,79.90,80.50,79.40,80.10,+,1.2,80.1,21,80.20,27,20.91
3008,大立光,624369,2065,1426494025,2255.00,2310.00,2245.00,2280.00,+,50.0,2280.0,12,2290.00,5,13.45
3010,華立,332195,321,29359507,87.90,88.70,87.90,88.70,+,0.8,88.6,1,88.70,4,7.15
3011,今皓,5160217,1895,120567768,22.90,23.95,22.75,23.20,+,0.25,23.15,14,23.20,120,0.0
3013,晟銘電,19873817,8366,454839805,21.75,23.65,21.55,23.65,+,2.15,23.65,8211,--,0,33.31
3014,聯陽,313172,261,27336062,87.00,87.90,87.00,87.50,+,0.6,87.3,8,87.50,8,11.57
3015,全漢,463361,393,21449678,45.90,46.70,45.80,46.25,+,0.8,46.2,7,46.25,3,12.01
3016,嘉晶,600650,498,43065191,72.30,72.30,71.00,71.00,-,0.6,71.0,17,71.20,1,30.08
3017,奇鋐,16901344,10321,2105559818,121.00,128.00,119.50,126.50,+,7.5,126.0,107,126.50,135,10.74
3019,亞光,869373,703,56948301,65.30,65.70,65.10,65.60,+,0.7,65.5,17,65.60,17,19.7
3021,鴻名,614667,388,13649317,21.75,22.45,21.70,22.25,+,0.65,22.2,2,22.25,6,13.4
3022,威強電,2389753,1902,182646961,75.70,77.40,75.50,77.40,+,2.1,77.3,1,77.40,7,9.16
3023,信邦,487910,654,148443554,299.50,306.00,299.50,305.00,+,7.0,304.5,12,305.00,4,25.04
3024,憶聲,1551436,602,22777713,14.60,14.80,14.55,14.70,+,0.2,14.65,33,14.70,46,44.55
3025,星通,499337,296,11607822,23.20,23.55,23.05,23.25,+,0.1,23.25,1,23.30,13,16.03
3026,禾伸堂,296348,320,29449309,99.30,99.80,98.80,99.30,+,0.7,99.3,1,99.40,7,12.75
3027,盛達,21460823,13279,1025741306,48.10,48.80,46.80,47.35,-,0.35,47.35,2,47.40,24,112.74
3028,增你強,1017969,1068,32646592,32.20,32.20,31.90,32.10,+,0.15,32.1,4,32.15,35,9.82
3029,零壹,22335942,16190,1278926614,57.00,59.30,55.90,56.70,+,0.7,56.6,13,56.70,3,14.14
3030,德律,263579,180,16636477,62.60,63.30,62.60,63.10,+,0.4,63.1,7,63.20,3,7.76
3031,佰鴻,234726,139,4052057,17.30,17.35,17.20,17.30,+,0.2,17.25,10,17.35,20,16.32
3032,偉訓,1181601,660,44551436,36.95,38.50,36.95,37.75,+,1.05,37.75,9,37.80,6,12.67
3033,威健,2243874,1098,66366137,29.40,29.70,29.40,29.70,+,0.35,29.65,14,29.70,19,7.41
3034,聯詠,2105708,2641,907058541,433.00,434.00,428.50,429.00,-,1.0,428.5,37,429.50,1,9.33
3035,智原,6717009,9092,1299677433,194.50,196.00,191.50,192.00,+,1.0,192.0,158,192.50,9,19.43
3036,文曄,452191,415,30030273,66.00,66.70,66.00,66.50,+,0.6,66.5,3,66.60,49,8.88
3036A,文曄甲特,19263,15,940922,48.85,48.85,48.80,48.85,+,0.05,48.8,13,48.85,12,0.0
3037,欣興,30443954,18932,4207855696,137.00,139.50,136.00,138.50,+,3.0,138.0,839,138.50,248,6.91
3038,全台,3496228,1723,85598523,24.60,24.70,24.20,24.65,+,0.05,24.6,46,24.65,5,9.13
3040,遠見,18021,21,569211,31.60,31.70,31.50,31.50,-,0.1,31.55,1,31.65,1,19.69
3041,揚智,959648,620,20245687,20.90,21.40,20.70,21.25,+,0.5,21.25,64,21.30,20,78.7
3042,晶技,1554958,1179,137270916,87.90,88.50,87.90,88.50,+,0.7,88.4,4,88.50,82,9.77
3043,科風,219373,259,7595881,33.60,35.45,33.60,34.05,+,1.05,34.05,4,34.40,3,61.91
3044,健鼎,1040942,756,111646446,107.50,108.00,106.00,108.00,+,2.0,107.5,4,108.00,46,9.15
3045,台灣大,2234187,2309,220984487,99.10,99.70,98.50,98.50,-,0.9,98.5,246,98.60,1,25.19
3046,建碁,19358192,13197,1386952242,70.10,73.50,69.60,70.80,+,1.2,70.8,79,70.90,2,28.43
3047,訊舟,3517347,1436,57778986,16.45,16.55,16.25,16.40,+,0.1,16.4,39,16.45,82,13.44
3048,益登,446784,385,12582446,28.00,28.40,27.90,28.35,+,0.55,28.3,5,28.35,3,9.3
3049,和鑫,1791638,763,17935699,9.93,10.10,9.93,9.98,+,0.15,9.98,81,10.00,19,332.67
3050,鈺德,444368,322,7376366,16.45,16.80,16.45,16.55,+,0.2,16.55,2,16.60,16,35.98
3051,力特,1613226,783,30447947,18.25,19.50,18.25,18.80,+,0.65,18.8,31,18.90,19,6.79
3052,夆典,129262,113,1448182,11.20,11.25,11.15,11.15,-,0.05,11.15,54,11.20,2,10.52
3054,立萬利,19900,17,378100,19.10,19.20,18.95,19.00,,0.0,18.95,1,19.00,2,0.0
3055,蔚華科,134668,138,3888827,28.55,29.20,28.55,28.90,+,0.4,28.9,2,29.05,1,0.0
3056,總太,9918113,5235,422891557,43.00,43.20,42.10,42.50,-,0.4,42.5,10,42.55,44,4.67
3057,喬鼎,47023,175,527365,11.40,11.40,11.15,11.20,,0.0,11.2,1,11.25,5,373.33
3058,立德,4355271,1983,68777225,15.50,16.50,15.15,16.15,+,0.7,16.1,21,16.15,55,0.0
3059,華晶科,1178181,776,39904402,33.65,34.05,33.65,33.95,+,0.55,33.95,3,34.00,32,20.58
3060,銘異,101064,225,1765290,17.35,17.55,17.35,17.40,,0.0,17.4,8,17.45,2,13.49
3062,建漢,1671780,906,38692815,23.15,23.30,23.00,23.05,,0.0,23.05,65,23.10,18,0.0
3090,日電貿,746307,888,44238198,59.40,59.70,59.00,59.10,+,0.2,59.0,40,59.10,11,8.44
3092,鴻碩,548210,477,20604074,37.05,38.15,37.00,37.25,+,0.35,37.25,14,37.30,11,52.46
3094,聯傑,14279064,7174,497741662,33.80,36.10,33.30,35.30,+,2.25,35.3,5,35.35,14,42.02
3130,一零四,12801,63,2634323,205.50,206.00,205.50,205.50,+,0.5,205.0,3,205.50,1,15.32
3138,耀登,525102,1186,84508486,163.50,164.50,158.50,158.50,-,3.0,158.5,22,159.00,2,30.54
3149,正達,309592,215,5664769,18.20,18.55,18.15,18.40,+,0.25,18.35,9,18.40,6,0.0
3164,景岳,61141,99,1464288,23.80,24.15,23.70,23.95,+,0.1,23.85,3,24.20,5,36.29
3167,大量,36097,34,1583964,43.20,44.25,43.20,44.00,,0.0,43.8,1,44.00,8,11.25
3189,景碩,6956518,4644,814977942,117.00,118.00,115.50,117.00,+,1.0,117.0,222,117.50,325,7.59
3209,全科,2293770,1688,93741770,40.65,41.15,40.60,40.75,+,0.45,40.75,29,40.80,31,8.18
3229,晟鈦,37322,44,734850,19.75,19.85,19.55,19.85,+,0.1,19.7,1,19.85,2,0.0
3231,緯創,67075620,29866,2500129104,37.00,37.95,36.55,37.55,+,1.65,37.5,9,37.55,880,9.58
3257,虹冠電,51863,119,2522243,49.05,49.05,48.20,48.55,+,0.05,48.45,10,48.55,1,34.43
3266,昇陽,123101,57,1552418,12.70,12.70,12.55,12.60,+,0.1,12.55,80,12.60,1,22.11
3296,勝德,1178002,705,21218636,17.85,18.25,17.80,18.05,+,0.25,17.85,13,18.10,26,0.0
3305,昇貿,268768,297,12409468,46.40,46.40,46.00,46.30,+,0.5,46.3,10,46.35,4,8.28
3308,聯德,112718,108,1905191,16.65,17.20,16.50,16.95,+,0.5,16.9,3,16.95,4,0.0
3311,閎暉,37864,63,1307363,34.60,34.60,34.35,34.40,-,0.2,34.4,21,34.50,2,23.4
3312,弘憶股,980020,481,19123794,19.20,19.70,19.20,19.60,+,0.45,19.6,17,19.65,24,7.54
3321,同泰,319579,262,2039028,6.48,6.65,6.22,6.30,-,0.35,6.3,4,6.44,2,0.0
3338,泰碩,218747,546,8225358,37.75,37.90,37.40,37.65,+,0.2,37.6,1,37.65,3,12.3
3346,麗清,2363863,1556,100672172,42.85,43.00,42.10,42.40,+,0.05,42.4,1,42.45,32,0.0
3356,奇偶,1727085,1425,73020770,41.60,42.85,41.40,42.55,+,1.35,42.55,51,42.60,39,27.99
3376,新日興,320095,387,27465173,85.40,86.20,85.20,85.70,+,0.4,85.6,15,85.70,5,8.92
3380,明泰,1598972,1023,54652833,34.50,34.55,34.05,34.10,-,0.1,34.1,54,34.15,30,20.18
3406,玉晶光,1358332,1444,538691629,395.50,399.00,394.00,395.50,+,3.5,395.5,9,396.00,8,13.3
3413,京鼎,337861,403,66501463,196.00,198.00,195.50,197.50,+,2.0,197.5,18,198.00,40,8.26
3416,融程電,435726,379,43735423,101.50,102.00,99.50,99.80,-,0.2,99.8,1,99.90,3,16.02
3419,譁裕,2660803,1665,51734728,18.70,19.85,18.70,19.30,+,0.8,19.3,5,19.35,6,58.48
3432,台端,8846920,3636,150174059,16.50,18.10,16.20,17.60,-,0.4,17.6,31,17.65,60,7.07
3437,榮創,219392,181,4315524,19.70,19.80,19.55,19.70,+,0.15,19.7,4,19.75,5,0.0
3443,創意,7489661,9549,8528750030,1170.00,1185.00,1105.00,1125.00,-,45.0,1125.0,97,1130.00,27,40.63
3447,展達,253488,178,10924278,43.30,43.40,42.75,42.95,-,0.15,42.95,3,43.10,2,12.67
3450,聯鈞,145969,193,5930729,40.50,40.90,40.30,40.80,+,0.6,40.75,1,40.80,2,20.5
3454,晶睿,5040789,4660,1366455030,269.00,277.00,265.00,265.00,+,0.5,265.0,6,265.50,3,32.68
3481,群創,78033182,14725,1157352693,14.80,15.00,14.70,14.70,+,0.25,14.7,3494,14.75,353,0.0
3494,誠研,441911,273,4868783,11.15,11.15,10.90,11.05,+,0.05,11.0,16,11.05,2,0.0
3501,維熹,230158,344,12109052,52.50,52.80,52.40,52.70,+,0.3,52.6,11,52.70,21,9.2
3504,揚明光,679660,710,58762092,86.00,87.10,85.80,86.90,+,1.4,86.8,15,86.90,3,152.46
3515,華擎,1175031,1230,161853288,140.50,141.00,136.00,138.00,-,1.0,137.5,40,138.00,19,15.79
3518,柏騰,264245,137,5930514,22.50,22.60,22.10,22.50,+,0.25,22.5,7,22.60,2,173.08
3528,安馳,100289,81,5824469,58.00,58.70,57.50,58.40,+,0.9,58.4,1,58.50,2,11.75
3530,晶相光,182483,229,15477741,83.40,86.00,83.40,85.40,+,2.1,85.3,4,85.40,1,54.05
3532,台勝科,2516247,3791,420290509,168.50,169.00,165.50,165.50,-,0.5,165.5,23,166.00,38,13.31
3533,嘉澤,3140024,3570,2899985070,904.00,939.00,904.00,918.00,+,30.0,918.0,15,921.00,40,16.84
3535,晶彩科,583113,332,13119513,22.60,22.60,22.35,22.60,+,0.4,22.55,33,22.60,43,6.31
3536,誠創,20000,8,79960,3.96,4.00,3.96,4.00,+,0.04,3.97,6,4.05,17,0.0
3543,州巧,53098,102,1059407,20.05,20.10,19.85,20.00,-,0.05,19.95,2,20.00,2,0.0
3545,敦泰,16914888,14133,1385845347,82.50,84.50,79.00,80.90,-,0.1,80.5,9,80.90,7,0.0
3550,聯穎,362747,179,5416906,14.75,15.00,14.75,14.95,+,0.2,14.95,2,15.00,49,0.0
3557,嘉威,98006,313,6148206,62.90,63.40,62.00,63.10,+,0.2,62.8,2,63.10,5,8.66
3563,牧德,167153,1207,30745968,187.50,187.50,183.00,183.00,-,2.5,182.5,9,183.00,1,13.71
3576,聯合再生,11819327,5026,252049762,21.50,21.60,21.10,21.25,-,0.1,21.2,265,21.25,131,34.84
3583,辛耘,309474,285,25412204,82.40,82.60,81.80,82.10,+,0.3,82.0,9,82.20,5,12.04
3588,通嘉,288411,403,17825204,61.40,62.30,61.30,62.00,+,0.9,62.0,1,62.10,6,12.65
3591,艾笛森,996889,824,21853273,22.00,22.15,21.70,22.00,+,0.15,21.95,3,22.00,6,110.0
3592,瑞鼎,1390817,1745,579179168,414.50,419.00,411.50,418.00,+,7.5,417.5,3,418.00,6,8.21
3593,力銘,19095,57,246221,13.00,13.00,12.80,12.90,-,0.1,12.8,4,12.90,1,0.0
3596,智易,1098313,986,114151173,104.00,104.50,103.00,104.00,,0.0,104.0,29,104.50,45,11.38
3605,宏致,178908,177,6000244,33.35,33.70,33.35,33.60,+,0.25,33.55,1,33.65,4,10.28
3607,谷崧,173432,95,2130859,12.25,12.40,12.25,12.40,+,0.15,12.3,17,12.40,2,0.0
3617,碩天,450675,630,51697831,114.50,115.50,113.50,115.00,+,1.0,114.5,36,115.00,10,12.62
3622,洋華,47613,61,1396147,29.40,29.50,29.20,29.30,+,0.3,29.3,1,29.35,1,10.65
3645,達邁,141093,192,4752873,33.50,33.90,33.50,33.55,+,0.1,33.5,6,33.55,1,29.69
3652,精聯,6184222,2976,186979737,29.20,30.95,28.85,30.95,+,2.8,30.95,1053,--,0,29.48
3653,健策,1086461,1186,445230835,412.00,415.50,404.00,408.00,+,1.0,407.5,24,408.50,4,21.35
3661,世芯-KY,6907103,7382,8708392275,1250.00,1290.00,1220.00,1290.00,+,45.0,1285.0,11,1290.00,26,55.27
3665,貿聯-KY,511543,2504,140183741,275.50,277.00,272.50,272.50,-,0.5,272.5,19,273.00,5,12.23
3669,圓展,133120,105,6026277,45.25,45.60,45.00,45.25,+,0.4,45.15,3,45.30,2,10.77
3673,TPK-KY,1319733,941,46011395,34.95,35.15,34.50,34.75,,0.0,34.75,19,34.80,12,21.99
3679,新至陞,57538,45,5434416,94.70,94.80,93.80,94.50,+,1.2,94.4,1,94.50,8,8.39
3682,亞太電,942635,506,5787961,6.14,6.16,6.13,6.13,-,0.01,6.13,14,6.14,44,0.0
3686,達能,867647,1151,13672027,15.90,16.05,15.55,15.70,-,0.2,15.7,30,15.75,1,0.0
3694,海華,117005,70,2390202,20.50,20.50,20.35,20.45,+,0.1,20.45,1,20.50,15,10.6
3701,大眾控,731306,673,36624385,50.80,51.00,49.50,49.60,-,0.5,49.6,26,49.70,1,26.96
3702,大聯大,1627508,1138,78760266,48.20,48.55,48.20,48.25,+,0.15,48.25,118,48.30,33,8.63
3702A,大聯大甲特,64776,37,3200606,49.30,49.55,49.30,49.55,+,0.2,49.55,6,49.60,11,0.0
3703,欣陸,4936240,2406,154682367,30.50,31.95,30.50,31.25,+,0.75,31.25,21,31.30,5,8.9
3704,合勤控,3220887,3669,118501219,37.30,37.30,36.55,36.55,-,0.3,36.55,65,36.60,134,8.87
3705,永信,387570,302,16622029,42.35,43.15,42.35,42.90,+,0.5,42.9,15,42.95,1,11.85
3706,神達,1938431,1398,55258868,28.45,28.60,28.35,28.55,+,0.2,28.55,9,28.60,80,3.68
3708,上緯投控,1258682,1164,129873188,104.50,105.00,102.50,102.50,-,1.0,102.5,34,103.00,53,11.06
3711,日月光投控,10377253,5726,1116880008,110.00,110.50,106.50,107.00,-,2.5,107.0,78,107.50,375,7.4
3712,永崴投控,2816054,1788,104709374,37.10,37.45,36.90,37.25,-,0.1,37.25,53,37.30,44,17.33
3714,富采,2112008,1726,104513821,49.25,49.85,49.15,49.25,+,0.45,49.25,6,49.30,25,985.0
3715,定穎投控,2548201,1152,47462891,18.40,18.95,18.30,18.95,+,0.75,18.95,16,19.00,108,9.62
4104,佳醫,470806,546,37907316,80.60,81.10,80.00,80.80,+,0.4,80.6,2,80.90,3,17.57
4106,雃博,237010,158,6767488,28.25,28.75,28.20,28.70,+,0.3,28.65,12,28.70,2,19.39
4108,懷特,211963,407,3941312,18.50,18.70,18.45,18.65,+,0.3,18.6,5,18.65,7,0.0
4119,旭富,399633,394,44943002,112.50,113.50,111.00,113.00,+,1.5,112.5,65,113.00,7,34.88
4133,亞諾法,107261,222,3925345,36.45,36.85,36.45,36.55,+,0.1,36.55,2,36.60,2,29.48
4137,麗豐-KY,127809,191,26659557,208.50,210.50,207.00,208.00,+,0.5,207.5,25,208.00,1,23.83
4142,國光生,919068,585,35882081,39.00,39.30,38.75,39.20,+,0.3,39.15,10,39.25,7,56.81
4148,全宇生技-KY,196365,151,13104615,65.60,67.30,65.60,67.00,+,1.1,66.7,3,67.00,3,10.69
4155,訊映,4687841,2870,180388471,37.85,39.25,37.85,37.90,+,0.05,37.85,69,37.90,92,24.61
4164,承業醫,3939016,2628,274839868,69.00,70.70,68.60,70.00,+,1.0,69.9,1,70.00,26,27.67
4190,佐登-KY,416378,347,34980128,84.30,85.20,83.30,83.30,-,0.8,83.3,8,83.40,6,41.24
4306,炎洲,3315486,1200,52828478,16.05,16.10,15.80,15.90,,0.0,15.9,3,15.95,193,9.3
4426,利勤,626596,306,16993645,26.80,27.45,26.80,27.10,+,0.35,27.05,12,27.10,3,0.0
4438,廣越,87305,93,9991575,115.00,115.00,114.00,114.50,+,1.0,114.0,8,114.50,35,10.06
4439,冠星-KY,57930,102,6387249,112.50,112.50,109.00,110.00,-,1.5,109.5,2,110.50,6,9.87
4440,宜新實業,216299,71,7444308,34.40,34.85,34.35,34.50,+,0.2,34.45,2,34.50,1,11.9
4526,東台,255238,313,4320271,16.90,17.00,16.85,17.00,+,0.1,16.95,5,17.00,14,32.08
4532,瑞智,412849,199,7452664,18.00,18.15,18.00,18.10,+,0.1,18.05,57,18.10,62,13.12
4536,拓凱,920436,951,188931212,208.00,209.00,203.00,203.50,-,2.0,203.5,5,204.00,2,8.75
4540,全球傳動,83632,81,3449897,41.80,41.80,40.90,41.05,+,0.05,41.0,17,41.05,1,12.71
4545,銘鈺,55264,285,1737739,31.30,31.60,31.10,31.60,+,0.3,31.5,2,31.60,1,15.05
4551,智伸科,537199,453,78141334,145.00,146.50,144.00,146.00,+,1.5,146.0,14,146.50,15,12.17
4552,力達-KY,62615,45,1878715,30.10,30.10,29.90,29.95,,0.0,29.95,2,30.00,2,8.18
4555,氣立,18080,13,874507,48.30,48.60,48.25,48.60,,0.0,48.4,1,48.50,1,19.29
4557,永新-KY,76997,133,8607353,111.50,112.50,111.00,112.50,+,1.5,112.0,2,112.50,5,9.28
4560,強信-KY,52000,31,2019750,38.90,39.00,38.70,39.00,+,0.1,39.0,1,39.05,2,9.82
4562,穎漢,75053,48,1193093,16.05,16.05,15.80,15.90,-,0.05,15.85,9,15.90,3,0.0
4564,元翎,805723,941,20115299,24.80,25.15,24.80,24.80,+,0.05,24.8,3,24.85,13,80.0
4566,時碩工業,396316,247,20801426,52.50,53.30,51.00,53.20,+,0.9,53.2,1,53.30,5,9.93
4571,鈞興-KY,15020,16,1101170,73.50,73.50,73.20,73.20,-,0.2,73.1,2,73.30,1,10.86
4572,駐龍,170311,174,23506498,139.50,139.50,137.00,138.00,+,1.0,137.5,2,138.00,5,26.9
4576,大銀微系統,50588,62,3881840,78.50,78.60,76.00,76.20,-,0.5,76.2,12,76.90,1,27.91
4581,光隆精密-KY,26404,27,1098674,41.80,41.95,41.30,41.60,+,0.6,41.55,2,41.65,2,13.55
4583,台灣精銳,42251,78,8970169,211.50,213.50,211.50,211.50,+,0.5,211.0,5,212.00,4,15.09
4720,德淵,159688,97,2278744,14.20,14.40,14.15,14.30,+,0.2,14.3,6,14.35,2,40.86
4722,國精化,25252,50,878110,34.75,34.85,34.70,34.75,+,0.05,34.7,10,34.80,17,11.03
4737,華廣,63040,70,4890551,77.40,78.00,77.40,77.60,,0.0,77.5,12,77.60,1,51.73
4739,康普,1363468,1437,134929911,97.10,101.00,96.70,100.50,+,3.9,100.0,24,100.50,62,21.52
4746,台耀,1476965,1538,103583858,70.70,71.40,69.50,69.70,-,0.6,69.6,29,69.70,17,20.5
4755,三福化,285112,299,35736091,125.00,127.00,123.00,125.50,+,2.5,125.0,5,125.50,4,14.89
4763,材料-KY,7339142,5330,2282301331,310.00,318.50,305.50,308.00,+,3.0,308.0,5,308.50,74,20.71
4764,雙鍵,14129,12,745820,53.50,54.90,52.30,52.30,-,0.6,52.2,2,52.80,1,54.48
4766,南寶,24579,37,3404621,138.00,139.00,138.00,139.00,+,2.0,138.5,1,139.00,7,10.68
4770,上品,4240932,4388,1263738780,314.50,318.00,287.50,293.50,-,25.0,293.5,16,294.00,13,13.06
4807,日成-KY,18011,23,370547,20.55,20.65,20.55,20.65,-,0.85,20.65,2,20.80,3,24.29
4904,遠傳,2132255,1829,152746195,71.80,71.90,71.50,71.50,-,0.3,71.5,28,71.60,18,24.24
4906,正文,3237480,1901,94477347,29.25,29.35,29.00,29.25,+,0.1,29.2,27,29.25,42,17.41
4912,聯德控股-KY,25616,26,1882388,73.50,73.60,73.30,73.50,+,0.2,73.5,3,73.70,4,10.92
4915,致伸,2084098,1548,126486222,60.50,60.90,60.30,60.80,+,0.6,60.7,48,60.80,37,10.17
4916,事欣科,1237877,880,39539472,32.10,32.35,31.65,31.90,+,0.25,31.9,3,31.95,3,26.36
4919,新唐,3149063,2319,466810785,150.00,150.00,147.00,147.00,-,1.0,147.0,90,147.50,16,14.61
4927,泰鼎-KY,300605,355,17488041,58.30,58.40,57.90,58.20,+,0.5,58.2,4,58.30,3,12.65
4930,燦星網,140472,656,4088410,29.00,29.25,29.00,29.20,+,0.2,29.15,10,29.20,3,8.82
4934,太極,11823698,6903,390547164,33.30,33.85,32.50,32.55,-,0.4,32.55,3,32.60,12,0.0
4935,茂林-KY,52022,40,3006882,57.80,58.00,57.50,57.80,,0.0,57.7,4,58.00,9,7.18
4938,和碩,3505605,2365,241971081,68.40,69.40,68.40,69.30,+,0.9,69.3,32,69.40,179,12.24
4942,嘉彰,44448,42,1684277,37.80,38.00,37.80,37.90,+,0.15,37.9,4,37.95,5,8.37
4943,康控-KY,92400,97,1200067,13.20,13.20,12.85,13.00,-,0.2,13.0,22,13.05,2,0.0
4952,凌通,343562,267,19855546,57.80,58.00,57.50,57.80,+,0.4,57.7,1,57.80,39,10.84
4956,光鋐,108132,126,1697927,15.65,15.85,15.55,15.75,+,0.2,15.7,5,15.75,1,0.0
4958,臻鼎-KY,6361147,3369,686149425,107.50,108.50,107.00,108.00,+,0.5,108.0,73,108.50,104,7.19
4960,誠美材,8287103,2155,104070134,12.50,12.75,12.45,12.45,+,0.1,12.45,352,12.50,8,18.31
4961,天鈺,5186454,6972,915495407,178.00,180.00,174.00,175.50,+,1.0,175.5,3,176.00,115,10.64
4967,十銓,16573571,9422,1132274313,69.60,69.80,67.00,68.00,-,0.5,67.9,9,68.00,36,0.0
4968,立積,827149,1531,107087519,131.00,132.00,128.00,128.00,-,1.5,128.0,90,128.50,17,209.84
4976,佳凌,6560422,4277,337062159,50.50,52.90,49.95,50.50,+,0.2,50.5,73,50.70,6,0.0
4977,眾達-KY,3847190,2585,426508054,112.00,112.50,109.50,110.00,-,1.0,110.0,153,110.50,107,26.76
4989,榮科,543490,430,16251163,29.65,30.20,29.65,29.85,+,0.3,29.8,10,29.85,4,11.26
4994,傳奇,166113,140,7840710,47.35,47.50,46.90,47.20,-,0.05,47.15,7,47.30,2,98.33
4999,鑫禾,29073,74,1077862,37.05,37.20,37.00,37.05,+,0.05,37.0,8,37.10,1,13.28
5007,三星,75578,67,3999976,52.90,53.00,52.80,52.80,-,0.1,52.8,3,52.90,2,14.67
5203,訊連,3125942,2728,310323226,97.50,101.00,97.30,99.00,+,2.5,98.9,6,99.00,8,42.49
5215,科嘉-KY,31493,38,1552846,49.60,49.65,48.85,48.85,-,0.15,48.8,8,48.95,1,8.93
5222,全訊,533632,1171,80528645,153.00,153.00,149.50,150.00,-,1.0,150.0,19,150.50,10,40.76
5225,東科-KY,454474,271,18821884,41.45,41.75,41.10,41.15,-,0.1,41.15,3,41.25,1,6.97
5234,達興材料,82925,89,6936627,83.40,84.30,82.90,83.00,,0.0,83.0,8,83.20,2,20.0
5243,乙盛-KY,480127,447,30042029,62.80,63.10,62.30,62.60,+,0.3,62.4,7,62.60,21,13.18
5244,弘凱,99202,66,3101120,30.65,31.70,30.65,31.25,+,0.7,31.2,1,31.25,3,12.16
5258,虹堡,15156148,10323,1436045454,93.20,96.50,92.50,96.20,+,4.0,96.1,1,96.20,3,14.87
5269,祥碩,1391320,2090,1698587055,1275.00,1285.00,1190.00,1190.00,-,70.0,1190.0,14,1195.00,9,31.54
5283,禾聯碩,47678,95,5113113,107.50,107.50,107.00,107.00,+,0.5,107.0,13,107.50,15,10.48
5284,jpp-KY,2099321,1427,202372438,96.10,98.80,94.00,97.20,+,1.4,96.8,8,97.20,2,24.36
5285,界霖,509284,486,43431782,86.40,86.60,84.20,84.70,-,0.9,84.5,1,84.70,4,17.61
5288,豐祥-KY,36036,39,6280771,174.00,175.00,173.50,174.00,+,1.0,173.5,10,174.00,3,12.18
5306,桂盟,196351,442,28158104,145.00,145.00,142.50,142.50,-,2.0,142.5,10,143.00,2,8.37
5388,中磊,1980968,1519,179344553,90.00,91.00,90.00,90.80,+,1.2,90.7,40,90.80,23,12.12
5434,崇越,406322,528,76677471,186.50,189.50,186.50,189.00,+,3.0,189.0,36,189.50,17,11.38
5469,瀚宇博,1762350,1003,61551696,34.60,35.15,34.55,34.95,+,0.55,34.95,11,35.00,18,5.76
5471,松翰,238382,336,12748895,53.90,53.90,53.30,53.30,-,0.2,53.3,5,53.40,4,15.45
5484,慧友,838093,340,12405766,13.60,14.90,13.60,14.90,+,1.35,14.8,4,14.90,3,0.0
5515,建國,235462,156,3015768,12.90,12.90,12.75,12.85,+,0.05,12.8,5,12.85,35,17.6
5519,隆大,246585,137,5924202,24.00,24.10,24.00,24.00,+,0.1,24.0,11,24.05,43,5.81
5521,工信,188606,158,1313281,6.99,6.99,6.94,6.95,+,0.01,6.95,2,6.96,42,347.5
5522,遠雄,195856,174,11400472,58.40,58.50,57.80,58.00,-,0.2,58.0,52,58.30,13,8.24
5525,順天,97356,93,2461879,25.30,25.35,25.25,25.30,+,0.15,25.3,5,25.35,13,10.59
5531,鄉林,196590,119,1792696,9.11,9.15,9.09,9.10,+,0.01,9.1,7,9.11,2,0.0
5533,皇鼎,182011,68,3216195,17.70,17.75,17.60,17.65,-,0.05,17.65,1,17.70,2,4.96
5534,長虹,518703,374,39503175,76.00,76.90,75.70,76.60,+,0.8,76.5,5,76.60,3,7.8
5538,東明-KY,10714,17,442160,41.30,41.40,41.20,41.25,-,0.05,41.1,2,41.40,1,7.2
5546,永固-KY,15037,17,622104,41.25,41.70,41.15,41.40,-,0.3,41.3,2,41.40,5,20.7
5607,遠雄港,1652962,1669,111987871,68.50,69.10,66.80,67.10,-,1.7,67.1,4,67.20,26,16.78
5608,四維航,3981060,1844,108694865,27.45,27.45,27.10,27.35,+,0.25,27.35,268,27.40,88,4.98
5706,鳳凰,1518489,1542,96647408,62.30,65.00,62.30,63.60,+,1.3,63.6,1,63.70,11,0.0
5871,中租-KY,2073793,2220,475421439,231.50,232.00,227.50,229.00,-,2.0,228.5,1,229.00,17,14.58
5871A,中租-KY甲特,26682,28,2657126,99.60,99.60,99.50,99.50,-,0.1,99.5,25,99.60,2,0.0
5876,上海商銀,2520844,1580,114881484,45.40,45.80,45.25,45.50,+,0.35,45.45,57,45.50,2,14.77
5880,合庫金,7181986,4224,182675180,25.30,25.60,25.25,25.40,+,0.2,25.4,259,25.45,11,17.52
5906,台南-KY,4004,5,145846,36.80,36.80,36.20,36.20,-,0.15,36.0,1,36.30,1,11.83
5907,大洋-KY,480079,187,7436778,15.75,15.90,15.30,15.30,-,0.1,15.3,83,15.45,2,0.0
6005,群益證,2009362,702,24273664,12.00,12.20,11.95,12.05,+,0.05,12.05,8,12.10,302,30.9
6024,群益期,93560,188,3890215,41.70,41.70,41.50,41.60,-,0.05,41.55,5,41.60,11,11.18
6108,競國,83285,77,1403665,16.90,16.95,16.75,16.90,,0.0,16.9,3,16.95,2,22.84
6112,邁達特,1426657,1154,58061221,40.95,41.30,40.00,40.25,-,0.1,40.2,5,40.25,1,18.38
6115,鎰勝,88002,97,3936898,44.65,44.85,44.60,44.80,+,0.15,44.75,2,44.80,1,10.42
6116,彩晶,16717723,3943,219595404,13.20,13.35,12.95,13.00,+,0.1,12.95,937,13.00,12,0.0
6117,迎廣,151760,79,2257418,14.65,14.95,14.65,14.85,+,0.25,14.85,2,14.90,2,114.23
6120,達運,4869398,1592,51334137,10.20,10.70,10.20,10.60,+,0.6,10.6,22,10.65,123,55.79
6128,上福,136097,113,4648185,33.80,34.45,33.80,34.25,+,0.55,34.25,1,34.30,4,6.74
6133,金橋,1585375,848,36959294,23.30,23.45,23.15,23.30,,0.0,23.25,26,23.35,46,42.36
6136,富爾特,64480,82,1214435,18.80,18.95,18.75,18.85,+,0.05,18.85,1,18.90,14,13.18
6139,亞翔,1340648,761,61680594,45.70,46.30,45.55,46.00,+,0.6,45.95,3,46.00,11,10.38
6141,柏承,72202,31,1368288,19.30,19.30,18.85,19.00,,0.0,18.95,2,19.05,3,19.39
6142,友勁,983461,666,11931410,12.20,12.25,12.05,12.05,-,0.05,12.05,66,12.15,46,41.55
6152,百一,204627,106,2048912,9.98,10.05,9.98,10.05,+,0.1,10.0,10,10.05,90,12.41
6153,嘉聯益,1365018,848,31899440,23.20,23.50,23.20,23.45,+,0.3,23.4,32,23.45,6,29.31
6155,鈞寶,570268,395,15707084,27.00,27.90,27.00,27.65,+,0.85,27.6,15,27.65,3,12.63
6164,華興,504136,278,5736652,11.40,11.45,11.30,11.40,+,0.2,11.4,1,11.45,102,18.39
6165,浪凡,145034,157,4292946,29.30,29.75,29.30,29.60,+,0.6,29.55,3,29.60,5,2960.0
6166,凌華,71909,126,4398683,61.20,61.90,60.70,61.00,,0.0,61.0,8,61.10,9,16.44
6168,宏齊,1679855,880,39429744,23.40,23.75,23.15,23.60,+,0.55,23.55,10,23.60,10,12.97
6176,瑞儀,846859,726,90170645,107.00,107.00,106.00,106.50,,0.0,106.0,186,106.50,3,7.36
6177,達麗,490209,245,15834931,32.35,32.40,32.25,32.30,,0.0,32.25,94,32.30,5,10.45
6183,關貿,24430,110,1556258,63.90,63.90,63.50,63.50,-,0.4,63.4,1,63.50,1,20.55
6184,大豐電,30535,40,1546927,50.60,50.90,50.50,50.60,+,0.1,50.6,1,50.70,2,14.54
6189,豐藝,510321,414,21323871,41.50,41.95,41.50,41.80,+,0.3,41.8,8,41.85,23,9.61
6191,精成科,11859057,7791,393383649,31.90,33.65,31.90,33.50,+,1.75,33.45,166,33.50,186,6.38
6192,巨路,44493,288,3415153,75.90,77.40,75.90,76.80,+,1.2,76.7,2,76.80,6,8.2
6196,帆宣,336496,332,43127874,129.00,129.00,127.50,128.50,+,0.5,128.0,46,128.50,1,11.33
6197,佳必琪,146515,152,6811617,46.30,46.70,46.30,46.55,+,0.35,46.55,1,46.60,5,11.22
6201,亞弘電,20000,16,858900,43.00,43.00,42.85,42.95,+,0.05,42.9,8,43.00,5,11.55
6202,盛群,676047,746,49056043,72.90,73.00,72.30,72.60,-,0.1,72.5,12,72.60,11,14.85
6205,詮欣,1532087,1111,129219445,85.10,85.50,83.80,83.80,-,1.1,83.8,21,83.90,29,20.74
6206,飛捷,385336,300,27796716,72.00,72.60,71.60,72.00,+,0.2,72.0,25,72.10,4,9.88
6209,今國光,188647,154,4926220,25.80,26.30,25.80,26.25,+,0.5,26.2,1,26.25,12,69.08
6213,聯茂,1192315,1233,90420078,75.60,76.20,75.10,76.00,+,0.9,75.9,4,76.00,10,14.87
6214,精誠,1703420,1525,135869541,77.80,81.10,77.10,79.60,+,3.7,79.5,2,79.60,3,18.3
6215,和椿,450548,376,12196716,26.65,27.45,26.65,27.20,+,0.55,27.15,5,27.25,2,10.34
6216,居易,250173,200,6871968,27.25,27.55,27.25,27.55,+,0.35,27.5,9,27.55,12,10.56
6224,聚鼎,203475,244,13241360,64.10,65.90,64.10,65.30,+,1.3,65.2,3,65.30,2,62.19
6225,天瀚,20738,14,217636,10.55,10.65,10.45,10.65,-,0.05,10.4,1,10.70,1,0.0
6226,光鼎,350597,378,3979375,11.25,11.45,11.25,11.35,+,0.15,11.35,5,11.40,35,1135.0
6230,尼得科超眾,81911,207,10652972,130.00,132.00,128.50,130.00,-,0.5,130.0,2,130.50,3,28.14
6235,華孚,35416823,20095,2633010562,72.20,77.30,71.50,71.90,+,1.1,71.9,216,72.00,8,42.54
6239,力成,839046,1138,75419572,89.80,90.20,89.60,89.70,,0.0,89.6,46,89.70,9,7.72
6243,迅杰,1592938,1289,59765238,36.35,38.20,36.35,37.35,+,1.45,37.35,93,37.55,3,21.97
6257,矽格,1817834,1634,101372901,56.30,56.30,55.50,55.60,-,0.4,55.6,37,55.70,1,8.37
6269,台郡,954802,811,91930156,95.60,96.80,95.60,96.10,+,0.7,96.1,37,96.40,13,8.81
6271,同欣電,3636620,2574,719612382,196.50,201.00,193.50,200.00,+,3.5,200.0,566,200.50,23,10.24
6277,宏正,278444,242,23056974,82.70,83.30,82.20,83.00,+,1.2,82.8,4,83.00,34,13.58
6278,台表科,1354720,1278,126110398,93.20,93.40,92.60,93.30,+,0.8,93.2,14,93.30,24,6.75
6281,全國電,44139,53,3852518,87.30,87.50,87.10,87.10,-,0.2,87.1,2,87.20,2,14.81
6282,康舒,13913030,7716,568612973,40.70,41.20,40.40,40.55,+,0.55,40.55,220,40.60,11,33.51
6283,淳安,766728,562,26491385,33.90,35.20,33.70,34.10,+,0.9,34.05,1,34.10,9,89.74
6285,啟碁,1858196,1716,163326419,87.50,88.20,87.50,88.00,+,0.9,87.9,7,88.00,53,11.41
6288,聯嘉,11361158,4692,330808927,28.60,29.50,28.60,29.50,+,1.0,29.45,42,29.50,76,134.09
6405,悅城,105000,35,2258850,21.60,21.60,21.50,21.50,-,0.1,21.5,7,21.60,1,20.87
6409,旭隼,122249,308,203277750,1685.00,1710.00,1635.00,1635.00,-,45.0,1630.0,6,1650.00,6,32.37
6412,群電,592006,349,48758993,82.20,82.60,81.80,82.60,+,0.8,82.5,194,82.60,31,10.06
6414,樺漢,256438,814,60779119,238.50,239.00,236.00,236.00,-,1.0,236.0,13,236.50,8,13.3
6415,矽力*-KY,1902940,2077,970749610,518.00,520.00,503.00,503.00,-,10.0,503.0,59,505.00,8,31.76
6416,瑞祺電通,445924,758,44762382,101.00,102.00,99.00,101.00,+,1.2,100.0,7,101.00,28,17.26
6426,統新,312019,323,21103799,67.60,68.80,66.50,67.00,+,0.5,67.0,4,67.10,2,28.76
6431,光麗-KY,42000,29,841850,20.25,20.25,20.00,20.00,-,0.05,20.0,2,20.05,2,0.0
6438,迅得,453042,321,44945131,98.20,99.60,98.20,99.50,+,1.3,99.5,1,99.60,14,10.65
6442,光聖,1098578,934,58237769,52.50,54.30,52.00,52.60,+,0.6,52.4,2,52.60,32,10.85
6443,元晶,36008455,21019,1428236991,40.10,40.35,39.10,39.10,-,0.8,39.1,310,39.15,11,97.75
6449,鈺邦,482214,563,26890154,56.10,56.10,55.50,55.70,-,0.5,55.7,27,55.80,10,12.95
6451,訊芯-KY,132029,142,10682884,80.90,81.30,80.60,81.00,+,0.3,80.9,4,81.00,3,41.54
6456,GIS-KY,588367,444,48398363,82.80,82.90,82.00,82.10,,0.0,82.1,56,82.40,1,8.06
6464,台數科,12210,18,1096498,89.70,89.90,89.70,89.90,+,0.2,89.4,4,89.90,3,11.71
6477,安集,4228311,3041,210161951,50.60,50.60,49.05,49.35,-,0.75,49.35,5,49.40,10,26.11
6491,晶碩,809401,1117,346270288,409.50,435.00,409.50,429.50,+,20.0,429.0,4,430.00,5,19.5
6504,南六,48226,47,3772507,78.60,79.00,77.40,77.40,-,0.8,77.3,9,78.10,1,96.75
6505,台塑化,869850,820,71174537,81.50,82.20,81.50,81.70,+,0.2,81.7,40,81.80,7,54.11
6515,穎崴,2626908,3193,1769741163,664.00,688.00,652.00,684.00,+,33.0,683.0,6,685.00,21,21.47
6525,捷敏-KY,145873,140,11085634,75.70,76.40,75.70,76.00,+,0.7,76.0,5,76.20,1,9.63
6531,愛普*,20361064,16595,6680163535,333.00,338.00,318.50,325.00,+,0.5,325.0,2,325.50,25,27.04
6533,晶心科,4168245,4656,2297960377,567.00,569.00,543.00,547.00,-,14.0,547.0,17,548.00,6,77.81
6541,泰福-KY,115146,186,9355556,81.20,82.80,79.90,82.10,-,0.9,82.0,6,82.60,1,0.0
6550,北極星藥業-KY,3286744,2258,303670264,92.80,93.00,92.20,92.20,-,0.1,92.1,35,92.20,69,0.0
6552,易華電,123178,131,4439004,36.15,36.40,35.65,36.20,+,0.05,36.15,4,36.35,2,41.14
6558,興能高,453202,895,12215323,26.40,27.35,26.35,26.95,+,0.65,26.9,23,26.95,4,0.0
6573,虹揚-KY,457781,306,6915510,14.75,15.90,14.75,15.90,+,1.2,15.7,8,15.90,8,0.0
6579,研揚,47021,42,4375374,92.80,93.70,92.70,92.90,+,0.3,92.7,3,92.90,1,12.9
6581,鋼聯,113997,115,11409894,100.50,100.50,99.90,100.50,+,0.6,100.0,5,100.50,2,11.37
6582,申豐,65634,63,4001523,60.70,61.30,60.70,60.90,+,0.1,60.8,1,60.90,1,36.91
6585,鼎基,111100,59,7196849,64.50,65.60,64.00,65.60,+,1.1,64.9,2,65.20,2,17.08
6591,動力-KY,175672,420,8463602,48.20,48.50,47.85,48.50,+,0.35,48.2,3,48.50,5,7.34
6592,和潤企業,850981,749,100538165,118.50,119.00,117.50,117.50,-,0.5,117.5,88,118.00,25,18.33
6592A,和潤企業甲特,20779,29,2038247,98.00,98.20,98.00,98.00,,0.0,98.0,4,98.20,22,0.0
6598,ABC-KY,86055,101,2447700,28.30,28.85,28.30,28.40,+,0.1,28.35,12,28.45,3,0.0
6605,帝寶,687255,620,62771861,90.90,92.20,90.90,91.40,,0.0,91.2,1,91.40,5,8.52
6625,必應,279834,313,12958288,46.20,47.00,45.35,46.20,+,1.05,46.05,1,46.20,2,0.0
6641,基士德-KY,13000,13,743300,57.00,57.60,57.00,57.10,-,0.1,57.1,4,57.20,1,11.42
6655,科定,63546,66,8308150,129.50,131.50,129.50,131.00,+,2.0,131.0,3,131.50,2,17.19
6666,羅麗芬-KY,185779,170,15218032,82.00,83.20,81.20,81.40,-,0.6,81.4,3,82.30,2,70.17
6668,中揚光,270088,212,11318531,41.65,42.30,41.55,42.05,+,0.6,41.85,2,42.05,1,0.0
6669,緯穎,3567780,4630,3567401610,987.00,1030.00,977.00,990.00,+,27.0,990.0,16,991.00,2,12.21
6670,復盛應用,250631,427,58669498,234.00,235.00,233.00,235.00,+,2.5,234.5,3,235.50,6,7.18
6671,三能-KY,0,0,0,--,--,--,--,,0.0,39.1,2,39.80,1,15.98
6672,騰輝電子-KY,207428,194,17264674,83.80,84.10,82.50,82.70,-,0.6,82.7,13,82.80,2,12.02
6674,鋐寶科技,88465,47,2329448,26.60,26.60,26.00,26.55,+,0.15,26.25,1,26.55,2,0.0
6689,伊雲谷,387814,572,51095588,131.00,134.50,130.50,131.00,-,0.5,130.5,14,131.00,7,85.62
6691,洋基工程,618217,2178,186296078,303.00,305.00,296.50,299.00,-,3.5,299.0,9,299.50,1,11.59
6695,芯鼎,834823,486,37348545,43.55,45.85,43.15,45.85,+,4.15,45.85,373,--,0,62.81
6698,旭暉應材,35158,69,1098630,31.30,31.50,31.10,31.10,,0.0,31.1,1,31.15,2,0.0
6706,惠特,696650,586,64388501,92.50,93.10,91.70,92.60,+,0.6,92.5,20,92.60,2,5.41
6715,嘉基,7135918,5232,1137148260,157.50,163.00,156.00,158.00,+,3.0,158.0,6,158.50,159,19.8
6719,力智,3821457,14848,1244631452,326.00,329.50,321.50,322.50,,0.0,322.5,12,323.00,16,21.89
6743,安普新,327580,268,16994849,51.20,53.50,50.60,52.60,+,1.4,52.5,1,52.60,1,228.7
6753,龍德造船,2446457,2013,214822954,90.00,90.40,86.90,87.10,-,3.4,87.1,62,87.30,10,39.23
6754,匯僑設計,95387,93,4770239,49.80,50.60,49.55,50.50,+,0.9,50.4,1,50.50,7,9.98
6756,威鋒電子,3220474,3792,752779750,223.50,242.50,222.00,239.50,+,19.0,239.5,3,240.00,24,22.77
6768,志強-KY,236667,215,16466116,70.00,70.00,69.10,69.60,-,0.1,69.5,7,69.60,2,7.55
6770,力積電,8727438,4752,299667134,34.50,34.65,34.20,34.20,,0.0,34.2,319,34.25,11,6.33
6776,展碁國際,3179103,2205,158240556,46.50,50.70,46.40,49.40,+,3.3,49.35,1,49.40,4,9.71
6781,AES-KY,631726,915,511841441,814.00,823.00,798.00,798.00,-,6.0,798.0,4,800.00,2,21.92
6782,視陽,1180996,1214,315295375,265.00,274.50,258.00,267.00,+,4.5,267.0,2,267.50,3,27.24
6789,采鈺,957735,1406,219227708,229.50,231.50,226.50,227.50,,0.0,227.5,27,228.00,22,40.62
6790,永豐實,220555,194,8292115,37.75,37.90,37.45,37.50,,0.0,37.45,31,37.50,27,14.71
6792,詠業,38450,46,3124452,80.20,81.80,80.20,81.30,+,1.1,81.1,1,81.40,4,14.11
6796,晉弘,319135,308,32071364,102.50,103.00,99.00,99.50,-,1.5,99.5,1,99.60,1,41.63
6799,來頡,1296366,1069,184165237,143.00,144.50,140.00,140.00,-,1.0,140.0,63,141.00,2,18.89
6806,森崴能源,4185722,3840,367918883,86.80,89.00,86.70,88.20,+,2.4,88.1,16,88.20,39,84.81
6807,峰源-KY,24000,12,612600,25.45,25.90,25.40,25.75,,0.0,25.5,1,25.80,4,6.55
6830,汎銓,424074,422,55558897,129.00,133.00,128.00,132.00,+,3.5,132.0,9,132.50,10,22.84
6834,天二科技,35319,33,980471,27.90,27.90,27.70,27.70,-,0.05,27.6,4,27.70,6,23.47
6835,圓裕,60055,45,2522551,42.50,42.50,41.50,42.30,+,0.1,42.0,1,42.40,1,12.16
6854,錼創科技-KY創,35000,30,3467600,98.00,100.50,97.80,98.40,+,1.4,98.5,1,99.50,2,0.0
6863,永道-KY,3978987,2925,778653589,200.00,207.00,185.50,202.00,X,0.0,201.5,2,202.00,10,0.0
6869,雲豹能源-創,298682,193,28271490,91.30,96.40,91.30,95.40,+,4.4,95.3,1,95.40,3,77.56
6873,泓德能源-創,189200,160,28593500,153.50,153.50,149.50,150.00,-,2.5,150.0,1,151.50,3,19.61
8011,台通,184207,223,2674389,14.35,14.70,14.35,14.65,+,0.35,14.65,2,14.70,7,0.0
8016,矽創,3233526,6658,769902428,240.00,241.50,235.00,237.50,+,4.5,237.0,52,237.50,27,5.66
8021,尖點,142062,212,4180396,29.25,29.50,29.25,29.50,+,0.25,29.45,10,29.50,15,12.61
8028,昇陽半導體,1349853,1315,79490371,59.10,59.20,58.60,58.80,+,0.3,58.7,21,58.80,14,27.61
8033,雷虎,7576595,5320,461415431,62.00,62.50,59.60,59.90,-,1.0,59.9,39,60.00,13,5990.0
8039,台虹,158706,111,6654843,41.85,42.10,41.80,42.00,+,0.25,42.0,2,42.05,1,12.54
8046,南電,8435003,10753,2257610166,266.00,270.50,262.50,269.00,+,6.5,268.5,51,269.00,195,8.95
8070,長華*,1175006,611,41650553,35.10,35.75,35.10,35.55,+,0.55,35.5,67,35.55,18,11.14
8072,陞泰,150503,119,3949700,26.15,26.45,25.90,26.30,+,0.2,26.25,4,26.30,1,21.04
8081,致新,470584,694,84223105,178.50,180.00,177.00,179.50,+,0.5,179.0,4,179.50,16,7.99
8101,華冠,21740,51,126257,5.81,5.81,5.81,5.81,,0.0,5.81,3,5.91,21,1.45
8103,瀚荃,835738,517,30963879,36.90,37.65,36.50,36.80,+,0.65,36.8,6,36.90,12,7.48
8104,錸寶,173936,173,6931904,39.85,40.10,39.55,39.85,+,0.25,39.85,2,39.90,1,81.33
8105,凌巨,3111278,1019,45150718,14.50,14.70,14.30,14.55,+,0.35,14.5,148,14.55,45,10.47
8110,華東,483375,270,6307388,13.15,13.20,13.00,13.00,,0.0,13.0,4,13.05,7,26.0
8112,至上,5484754,3448,237725086,43.05,43.65,42.90,43.60,+,0.75,43.55,34,43.60,42,8.99
8112A,至上甲特,31711,42,1332010,41.95,42.10,41.95,42.00,+,0.1,42.0,13,42.10,4,0.0
8114,振樺電,660168,595,72403350,110.00,110.00,109.00,110.00,+,1.0,110.0,2,110.50,20,9.81
8131,福懋科,407395,293,17976633,44.00,44.40,43.90,44.40,+,0.6,44.4,77,44.45,11,9.55
8150,南茂,1682312,1323,62240453,36.80,37.20,36.80,37.00,+,0.25,37.0,15,37.05,19,7.97
8163,達方,603200,479,26271789,43.40,43.80,43.35,43.55,+,0.2,43.55,1,43.60,18,10.49
8201,無敵,617043,235,7326007,11.00,11.95,11.00,11.95,+,1.05,11.95,226,--,0,0.0
8210,勤誠,1415943,1100,109145462,77.40,78.00,76.60,77.00,+,0.2,77.0,3,77.10,5,9.3
8213,志超,300915,269,12084274,40.20,40.30,40.05,40.15,+,0.1,40.15,27,40.20,1,5.19
8215,明基材,1942101,1413,73109393,37.20,37.85,37.20,37.85,+,0.8,37.8,19,37.85,39,9.37
8222,寶一,9368896,6369,362640097,39.05,39.50,38.00,38.05,-,0.65,38.0,220,38.05,138,135.89
8249,菱光,124761,129,3574238,28.55,28.85,28.40,28.70,+,0.35,28.7,5,28.75,3,11.57
8261,富鼎,687520,690,73184017,107.50,107.50,106.00,106.00,,0.0,106.0,139,106.50,77,13.82
8271,宇瞻,831318,917,41754017,49.80,51.00,49.80,50.00,+,0.5,50.0,34,50.10,12,10.96
8341,日友,94670,234,15629662,165.50,165.50,164.50,165.00,+,1.0,165.0,1,165.50,12,21.37
8367,建新國際,204889,185,10226901,50.00,50.30,49.30,50.20,+,0.6,50.1,3,50.20,1,16.96
8374,羅昇,47103,44,1452801,31.40,31.40,30.65,30.65,+,0.05,30.65,4,30.70,2,43.79
8404,百和興業-KY,22023,24,596971,27.35,27.35,27.00,27.05,+,0.3,27.0,2,27.05,8,10.29
8411,福貞-KY,51122,137,758412,14.80,14.85,14.75,14.85,+,0.15,14.75,4,14.85,5,0.0
8422,可寧衛,85009,207,15864189,186.50,187.00,186.00,187.00,+,0.5,186.5,18,187.00,10,15.17
8429,金麗-KY,173038,235,1775205,10.15,10.35,10.15,10.30,+,0.15,10.25,12,10.30,26,0.0
8438,昶昕,5002,7,122902,24.60,24.60,24.55,24.55,+,0.1,24.55,1,24.60,1,17.17
8442,威宏-KY,159169,118,13726903,88.00,88.00,85.80,86.30,-,0.6,85.9,21,86.70,1,9.54
8443,阿瘦,42049,81,473312,11.30,11.35,11.20,11.25,,0.0,11.2,4,11.25,10,0.0
8454,富邦媒,877468,1920,728180964,816.00,838.00,815.00,835.00,+,19.0,834.0,6,835.00,13,53.12
8462,柏文,175858,236,25430172,142.50,145.50,142.50,145.00,+,3.5,145.0,6,145.50,17,162.92
8463,潤泰材,33037,25,761404,22.80,23.30,22.80,23.00,+,0.3,22.95,1,23.00,2,92.0
8464,億豐,748807,1443,243954525,317.00,331.00,317.00,322.50,+,3.5,322.0,17,322.50,1,15.31
8466,美吉吉-KY,16102,18,660382,41.00,41.20,40.90,41.20,+,0.2,40.95,4,41.05,1,14.31
8467,波力-KY,54005,46,3158796,58.10,59.50,58.10,59.00,+,1.2,58.7,10,58.90,2,7.38
8473,山林水,326524,333,10277951,32.00,32.00,31.00,31.20,-,0.25,31.1,1,31.20,1,0.0
8478,東哥遊艇,6388552,6818,2522397054,394.00,401.50,386.00,391.00,+,4.5,390.5,11,391.00,27,19.62
8481,政伸,23000,20,1342100,58.40,58.40,58.30,58.30,-,0.1,58.0,1,58.40,1,11.25
8482,商億-KY,0,0,0,--,--,--,--,,0.0,73.5,3,73.90,2,8.19
8488,吉源-KY,5001,6,76165,15.15,15.35,15.15,15.35,X,0.0,15.35,1,15.40,1,0.0
8499,鼎炫-KY,87045,64,9500946,107.50,110.50,106.50,110.00,+,2.5,109.5,2,110.00,1,7.28
8926,台汽電,15474116,7931,662990675,41.00,43.90,40.70,43.20,+,2.55,43.15,26,43.20,5,28.05
8940,新天地,1275057,995,32056131,25.90,25.90,24.60,24.85,-,1.0,24.8,25,24.85,15,71.0
8996,高力,6685886,5702,1617500088,243.50,246.00,235.50,240.50,+,1.0,240.5,51,241.00,1,93.22
9103,美德醫療-DR,1362184,451,9693518,7.07,7.26,6.99,7.26,+,0.28,7.26,3,7.27,1,0.0
910322,康師傅-DR,17000,12,477100,28.30,30.40,27.35,27.80,-,0.3,26.75,1,27.65,1,0.0
9105,泰金寶-DR,2204916,382,8316653,3.55,3.89,3.55,3.84,-,0.06,3.84,158,3.85,88,0.0
910861,神州-DR,21000,13,154200,7.35,7.40,7.33,7.36,,0.0,7.33,5,7.38,2,0.0
9110,越南控-DR,355175,86,1217583,3.38,3.50,3.35,3.47,+,0.09,3.41,12,3.47,35,0.0
911608,明輝-DR,56200,37,162269,2.85,2.91,2.85,2.91,+,0.06,2.86,6,2.90,4,0.0
911622,泰聚亨-DR,72007,18,364366,5.14,5.14,5.05,5.12,-,0.02,5.05,3,5.13,2,0.0
911868,同方友友-DR,676441,92,814722,1.22,1.22,1.19,1.20,,0.0,1.2,16,1.21,18,0.0
912000,晨訊科-DR,381000,71,860060,2.26,2.28,2.24,2.27,+,0.01,2.26,1,2.27,5,0.0
9136,巨騰-DR,173000,55,1131910,6.50,6.61,6.50,6.51,+,0.06,6.51,1,6.52,3,0.0
9802,鈺齊-KY,624641,671,81030743,129.50,131.00,129.00,129.00,-,0.5,129.0,85,129.50,7,7.22
9902,台火,101482,176,1268158,12.30,12.60,12.30,12.55,+,0.25,12.45,10,12.55,8,0.0
9904,寶成,5116249,2459,159233017,31.15,31.40,30.95,30.95,-,0.2,30.95,33,31.05,11,7.21
9905,大華,115700,80,2902450,25.10,25.15,24.95,25.15,+,0.15,25.05,3,25.15,7,16.23
9906,欣巴巴,36239,47,1933320,53.50,53.50,52.90,53.50,+,0.7,53.3,1,53.50,21,9.37
9907,統一實,4535532,1604,85931514,18.85,19.05,18.75,18.95,+,0.2,18.9,331,18.95,66,13.35
9908,大台北,127643,109,4003260,31.40,31.50,31.25,31.45,+,0.1,31.45,1,31.50,23,20.29
9910,豐泰,420516,435,77935510,185.00,186.50,184.50,184.50,-,1.0,184.5,57,185.00,8,17.91
9911,櫻花,94069,126,6010521,64.00,64.20,63.80,63.90,,0.0,63.9,1,64.00,1,13.71
9912,偉聯,58105,722,588186,10.10,10.25,10.05,10.20,-,0.05,10.15,1,10.20,8,72.86
9914,美利達,774192,913,126097254,163.50,164.00,161.50,163.00,,0.0,162.5,56,163.50,23,10.89
9917,中保科,463342,983,47124971,102.50,102.50,101.50,101.50,-,0.5,101.5,18,102.00,58,17.41
9918,欣天然,76593,70,3175238,41.70,41.85,41.10,41.85,-,0.05,41.4,3,41.85,9,51.67
9919,康那香,267198,182,4554168,16.95,17.15,16.95,17.05,+,0.1,17.05,3,17.10,67,0.0
9921,巨大,2383695,2465,410811557,173.50,174.50,171.00,171.50,-,2.0,171.5,77,172.00,1,9.56
9924,福興,56105,51,2442218,43.35,43.70,43.30,43.60,+,0.3,43.6,1,43.65,2,9.03
9925,新保,100975,103,4105711,40.60,40.75,40.60,40.75,-,0.05,40.6,53,40.80,12,16.24
9926,新海,25237,31,1293856,51.40,51.80,51.00,51.60,+,0.4,51.6,2,51.80,1,20.48
9927,泰銘,1690235,1114,72066557,41.30,43.65,41.25,42.50,+,1.8,42.5,12,42.55,3,10.44
9928,中視,128215,86,2359887,18.50,18.60,18.20,18.50,+,0.2,18.35,3,18.50,1,370.0
9929,秋雨,100985,54,926460,9.15,9.36,9.01,9.06,-,0.04,9.06,20,9.25,4,0.0
9930,中聯資源,64623,77,3107630,48.05,48.15,48.00,48.10,+,0.15,48.1,1,48.20,15,15.82
9931,欣高,11053,17,442211,39.75,39.80,39.75,39.80,+,0.05,39.8,1,40.35,1,25.35
9933,中鼎,1805422,1765,75875289,42.15,42.25,41.85,42.05,+,0.05,42.05,10,42.10,10,13.97
9934,成霖,677055,203,8399114,12.35,12.55,12.30,12.45,+,0.15,12.4,36,12.45,4,0.0
9935,慶豐富,183405,1439,3375942,18.35,18.50,18.30,18.45,+,0.25,18.4,10,18.45,7,15.5
9937,全國,189780,280,11747713,61.60,62.90,61.10,61.50,-,1.2,61.4,12,61.50,1,26.17
9938,百和,910586,827,53678444,59.00,59.40,58.50,58.70,+,0.2,58.6,12,58.70,13,9.38
9939,宏全,2133942,1374,213395824,99.50,101.00,99.40,99.80,+,0.6,99.8,7,99.90,20,12.96
9940,信義,105274,84,2997130,28.50,28.50,28.40,28.45,-,0.05,28.45,4,28.50,7,17.14
9941,裕融,747561,1016,130609025,174.50,176.00,173.50,174.50,+,1.0,174.5,11,175.00,16,17.95
9941A,裕融甲特,5291,6,267765,50.70,50.70,50.60,50.60,X,0.0,50.6,2,50.70,8,0.0
9942,茂順,296896,187,34493121,115.50,117.00,115.50,116.50,+,2.0,116.0,34,117.00,25,16.69
9943,好樂迪,35931,61,2425780,67.70,67.70,67.30,67.60,+,0.6,67.5,3,67.60,1,17.98
9944,新麗,121772,112,2471669,20.30,20.35,20.25,20.35,-,0.05,20.3,2,20.35,10,4.18
9945,潤泰新,21436400,10660,758382285,34.60,36.00,34.50,35.65,+,1.35,35.6,96,35.65,153,12.29
9946,三發地產,107844,87,1280802,11.95,11.95,11.80,11.90,,0.0,11.9,2,11.95,28,27.67
9955,佳龍,8680623,5015,226719392,25.15,26.95,24.80,26.65,+,1.15,26.6,10,26.65,19,0.0
9958,世紀鋼,1888669,1672,187039828,100.50,101.00,98.10,98.50,-,1.0,98.5,1,98.60,27,32.94
