st_code,st_name,rev_period,rev,new_industry_name,minor_industry_name,mom,yoy
1101,台泥,* 2023/03,9497.0,M1100 水泥工業,M11A 水泥製造,0.2998780466105581,-0.0476
1102,亞泥,* 2023/03,6580.0,M1100 水泥工業,M11A 水泥製造,0.054277675590107134,-0.1937
1201,味全,* 2023/03,1489.0,M1200 食品工業,M12C 飲料乳品,-0.0006174828178694646,-0.0635
1210,大成,* 2023/03,8790.0,M1200 食品工業,M12B 油脂飼料,0.06670485283963143,0.027
1216,統一,* 2023/03,42586.0,M1200 食品工業,M12C 飲料乳品,0.04724401897167646,0.0113
1301,台塑,* 2023/03,21404.0,M1300 塑膠工業,M13A1 泛用塑膠,0.2100729356706368,-0.1915
1303,南亞,* 2023/03,28602.0,M1300 塑膠工業,M13A1 泛用塑膠,0.3094451087862201,-0.227
1304,台聚,* 2023/03,5456.0,M1300 塑膠工業,M13A1 泛用塑膠,0.21051837520744773,-0.0482
1308,亞聚,* 2023/03,731.0,M1300 塑膠工業,M13A1 泛用塑膠,0.29124567229562637,0.0237
1312,國喬,* 2023/02,1238.0,M1300 塑膠工業,M13A1 泛用塑膠,-0.06280281007751941,-0.0628
1314,中石化,* 2023/03,2064.0,M1300 塑膠工業,M13A5 化纖,0.2347156086238663,-0.2087
1319,東陽,* 2023/03,1960.0,M2200 汽車工業,M15D 汽車組件,0.014907752134672025,0.0369
1326,台化,* 2023/03,32093.0,M1300 塑膠工業,M13A1 泛用塑膠,0.14546429262324284,-0.1175
1402,遠東新,* 2023/03,21826.0,M1400 紡織纖維,M14A1 聚酯絲棉,0.10781474836119459,-0.0706
1409,新纖,* 2023/02,3251.0,M1400 紡織纖維,M14A1 聚酯絲棉,0.0342205807032446,0.0342
1440,南紡,* 2023/02,1811.0,M1400 紡織纖維,M14A1 聚酯絲棉,-0.09734786747810655,-0.0973
1447,力鵬,* 2023/03,2610.0,M1400 紡織纖維,M14A7 尼龍絲,0.22386394009162558,-0.1247
1476,儒鴻,* 2023/03,2967.0,M1400 紡織纖維,M14C1 成衣製造,0.48286236918125214,-0.2034
1477,聚陽,* 2023/03,2892.0,M1400 紡織纖維,M14C1 成衣製造,0.08978682835103796,0.1313
1504,東元,* 2023/03,4750.0,M1500 電機機械,M15B1 電機,0.03230573635998123,-0.0825
1532,勤美,* 2023/03,1133.0,M1500 電機機械,M15A2 模具零件,0.18363594575959546,-0.3751
1536,和大,* 2023/02,473.0,M2200 汽車工業,M15D 汽車組件,-0.1818449137737187,-0.1818
1565,精華,* 2023/03,438.0,M1722 生技醫療,M17G 醫療耗材,0.10277456065260082,-0.1397
1590,亞德客-KY,* 2023/03,2381.0,M1500 電機機械,M15A2 模具零件,0.005252136319113746,-0.1615
1605,華新,* 2023/03,14600.0,M1600 電器電纜,M16 電線,-0.18308699116391078,-0.0897
1702,南僑,* 2023/03,1631.0,M1200 食品工業,M12B 油脂飼料,-0.00784115725504754,-0.0348
1707,葡萄王,* 2023/02,538.0,M1722 生技醫療,M17C2 機能性食品,-0.11813398462471526,-0.1181
1710,東聯,* 2023/03,1986.0,M1721 化學工業,M13A5 化纖,0.04500465674280571,-0.0887
1711,永光,* 2023/03,846.0,M1721 化學工業,M17B 染料及顏料,0.2784284095202116,-0.079
1714,和桐,* 2023/03,1980.0,M1721 化學工業,M17E1 清潔劑原料,0.24573743881415858,0.0263
1717,長興,* 2023/02,2846.0,M1721 化學工業,M17F 樹脂,-0.13568474055357485,-0.1357
1718,中纖,* 2023/02,2527.0,M1721 化學工業,M13A5 化纖,-0.1931647291338733,-0.1932
1722,台肥,* 2023/03,1325.0,M1721 化學工業,M17C3 農藥肥料,0.2280344034996663,-0.1058
1723,中碳,* 2023/02,707.0,M1721 化學工業,M17Z 其他化學,-0.15812286404934564,-0.1581
1736,喬山,* 2023/02,2231.0,M1722 生技醫療,M15Z 其他電製品,0.06861965570425448,0.0686
1785,光洋科,* 2023/03,2043.0,M2331 其他電子業,M99L1 貴金屬回收,0.37342691190706684,-0.3503
1789,神隆,* 2023/02,212.0,M1722 生技醫療,M17C1 西藥,0.14799371852493645,0.148
1802,台玻,* 2023/02,2951.0,M1800 玻璃陶瓷,M18 玻璃陶瓷,-0.03993180945688308,-0.0399
1904,正隆,* 2023/02,3090.0,M1900 造紙工業,M19A 造紙,-0.12517128523379725,-0.1252
1907,永豐餘,* 2023/03,6788.0,M1900 造紙工業,M19A 造紙,0.15826887604577786,-0.0745
1909,榮成,* 2023/03,3246.0,M1900 造紙工業,M19A 造紙,-0.1275624158404133,-0.4033
2002,中鋼,* 2023/02,31836.0,M2000 鋼鐵工業,M20A3 鋼板,0.01860499492713217,0.0186
2006,東和鋼鐵,* 2023/03,5102.0,M2000 鋼鐵工業,M20A2 鋼筋,0.13168792740516946,-0.1629
2014,中鴻,* 2023/02,3481.0,M2000 鋼鐵工業,M20A3 鋼板,0.08355615597481139,0.0836
2027,大成鋼,* 2023/02,8784.0,M2000 鋼鐵工業,M20A6 不鏽鋼,-0.01580052481675116,-0.0158
2049,上銀,* 2023/03,2125.0,M1500 電機機械,M15A2 模具零件,0.059216429069883336,-0.2164
2059,川湖,* 2023/03,609.0,M2328 電子零組件,M20B 金屬製品,1.0196995323848375,-0.0699
2062,橋椿,* 2023/03,613.0,M9900 其他,M99B 五金及家具,0.13114239846474648,-0.3276
2101,南港,* 2023/03,583.0,M2100 橡膠工業,M21A 輪胎,0.0014429022949018,-0.1224
2105,正新,* 2023/02,6542.0,M2100 橡膠工業,M21A 輪胎,-0.18738168466136354,-0.1874
2106,建大,* 2023/03,3369.0,M2100 橡膠工業,M21A 輪胎,0.2716758642035888,-0.1162
2107,厚生,* 2023/02,178.0,M2100 橡膠工業,M21B2 其他橡膠,0.7315175097276265,0.7315
2201,裕隆,* 2023/03,6395.0,M2200 汽車工業,M22A 汽車製造,0.12688018946389049,-0.0053
2231,為升,* 2023/03,390.0,M2200 汽車工業,M15D 汽車組件,-0.09407665505226481,0.1123
2301,光寶科,* 2023/03,13665.0,M2325 電腦及週邊,M23C3 PC週邊,0.26396115157821715,-0.0978
2303,聯電,* 2023/03,21366.0,M2324 半導體,M23G1A 晶圓代工,0.2619395809363607,-0.035
2308,台達電,* 2023/02,24082.0,M2328 電子零組件,M23D3 電源供應器,-0.17291337674032667,-0.1729
2313,華通,* 2023/03,5249.0,M2328 電子零組件,M23B2D 硬板及其他,0.3116990863837189,-0.1382
2317,鴻海,* 2023/03,461935.0,M2331 其他電子業,M23A1 EMS,0.1489909457468879,-0.0896
2323,中環,* 2023/03,672.0,M2326 光電業,M23C4A 光碟,0.25699107760797585,-0.0016
2324,仁寶,* 2023/02,67667.0,M2325 電腦及週邊,M23A1 EMS,0.010205513604863383,0.0102
2327,國巨,* 2023/02,7999.0,M2328 電子零組件,M23D5 被動元件,-0.06858949354044275,-0.0686
2328,廣宇,* 2023/03,1978.0,M2328 電子零組件,M23D2 連接器,-0.04300664283053277,-0.0529
2330,台積電,* 2023/03,188949.0,M2324 半導體,M23G1A 晶圓代工,0.1579595046027525,0.0988
2331,精英,* 2023/03,2114.0,M2325 電腦及週邊,M23B1 主機板,0.632835913121389,-0.2415
2332,友訊,* 2023/03,1498.0,M2327 通信網路業,M23E2 網路卡,0.1349344647321766,-0.0292
2337,旺宏,* 2023/03,3181.0,M2324 半導體,M23G1B 記憶體製造,0.5377401359360348,-0.2527
2338,光罩,* 2023/03,560.0,M2324 半導體,M23G6 其他半導體,0.027522935779816515,-0.0779
2344,華邦電,* 2023/02,7161.0,M2324 半導體,M23G1B 記憶體製造,0.2462539288063737,0.2463
2345,智邦,* 2023/03,6552.0,M2327 通信網路業,M23E2 網路卡,0.07202636216231252,-0.0293
2347,聯強,* 2023/03,33273.0,M2329 電子通路業,M23T1 3C通路,0.2756022335402916,-0.1769
2352,佳世達,* 2023/03,18869.0,M2325 電腦及週邊,M23C1 顯示器,0.1991059927338079,-0.1595
2353,宏碁,* 2023/03,23053.0,M2325 電腦及週邊,M23A3 PC品牌,0.5705721929760615,-0.2394
2354,鴻準,* 2023/03,5077.0,M2331 其他電子業,M23D4 機殼,-0.20107760892929927,-0.4212
2355,敬鵬,* 2023/03,1570.0,M2328 電子零組件,M23B2D 硬板及其他,0.2951658142220755,0.0368
2356,英業達,* 2023/02,31629.0,M2325 電腦及週邊,M23A1 EMS,-0.11743531932941935,-0.1174
2357,華碩,* 2023/02,35696.0,M2325 電腦及週邊,M23A3 PC品牌,0.024162911220947547,0.0242
2360,致茂,* 2023/03,1757.0,M2331 其他電子業,M23H2 電機設備,0.25996787332912624,-0.0623
2362,藍天,* 2023/02,1715.0,M2325 電腦及週邊,M23A2 泛用電腦,0.008088218005689962,0.0081
2371,大同,* 2023/03,3132.0,M1500 電機機械,M15B1 電機,-0.11924252607542686,0.082
2374,佳能,* 2023/03,410.0,M2326 光電業,M23UZ 消費性電子,0.6682942708333334,-0.0157
2376,技嘉,* 2023/03,9765.0,M2325 電腦及週邊,M23B1 主機板,-0.03211226506544761,0.0278
2377,微星,* 2023/02,13230.0,M2325 電腦及週邊,M23B1 主機板,-0.06245150153033713,-0.0625
2379,瑞昱,* 2023/03,7895.0,M2324 半導體,M23G5 IC設計,0.2740837328797521,-0.2444
2382,廣達,* 2023/02,84153.0,M2325 電腦及週邊,M23A1 EMS,0.009619658699533835,0.0096
2383,台光電,* 2023/03,2833.0,M2328 電子零組件,M23B3A 銅箔基板,0.1977541581052399,-0.1772
2385,群光,* 2023/03,9033.0,M2328 電子零組件,M23C3 PC週邊,0.31612880665451504,-0.1481
2388,威盛,* 2023/03,788.0,M2324 半導體,M23G5 IC設計,0.08398101657610559,-0.1607
2392,正崴,* 2023/03,6516.0,M2328 電子零組件,M23D2 連接器,0.1935508687863368,0.19
2393,億光,* 2023/02,1417.0,M2326 光電業,M23C6C 封裝及應用,0.009417430081636743,0.0094
2401,凌陽,* 2023/03,504.0,M2324 半導體,M23G5 IC設計,0.2714429868819375,-0.3382
2404,漢唐,* 2023/03,3973.0,M2331 其他電子業,M23H1 廠辦機電,-0.16033518962729695,1.0534
2406,國碩,* 2023/03,572.0,M2326 光電業,M23C7B 太陽能晶圓,0.6028245579622832,0.0046
2408,南亞科,* 2023/03,4071.0,M2324 半導體,M23G1B 記憶體製造,1.0089517032416613,-0.3961
2409,友達,* 2023/02,20792.0,M2326 光電業,M23C8A LCD 面板,0.2952572230587183,0.2953
2412,中華電,* 2023/03,16788.0,M2327 通信網路業,M23K3 電信及IDC,-0.06387382705420251,-0.0309
2439,美律,* 2023/03,2412.0,M2327 通信網路業,M23U2 聲學產品,0.2462733224138021,0.1014
2441,超豐,* 2023/03,1229.0,M2324 半導體,M23G2 IC封測,0.2282139430764311,-0.2675
2449,京元電子,* 2023/03,2886.0,M2324 半導體,M23G2 IC封測,0.15541676675474408,-0.1224
2450,神腦,* 2023/02,2420.0,M2327 通信網路業,M23T1 3C通路,-0.10481108554602829,-0.1048
2454,聯發科,* 2023/03,40903.0,M2324 半導體,M23G5 IC設計,0.34950464604660436,-0.3088
2455,全新,* 2023/03,213.0,M2327 通信網路業,M23G3A 化合物SEMI,1.1681596091205213,-0.2559
2458,義隆,* 2023/03,987.0,M2324 半導體,M23G5 IC設計,0.25022167050895544,-0.4002
2474,可成,* 2023/03,2397.0,M2331 其他電子業,M23D4 機殼,1.2244700991128106,-0.1067
2481,強茂,* 2023/03,1079.0,M2324 半導體,M23D1 整流二極體,0.17033276931754085,-0.1673
2485,兆赫,* 2023/02,346.0,M2327 通信網路業,M23K2 衛星微波,-0.31137426609612895,-0.3114
2489,瑞軒,* 2023/02,919.0,M2326 光電業,M23C1 顯示器,-0.17442978161466807,-0.1744
2492,華新科,* 2023/02,2480.0,M2328 電子零組件,M23D5 被動元件,-0.03945217788725962,-0.0395
2498,宏達電,* 2023/03,372.0,M2327 通信網路業,M23KX 其他網通,0.48036133550877474,-0.1255
2515,中工,* 2023/02,1132.0,M2500 建材營造,M25B 營造,-0.2641514339946436,-0.2642
2520,冠德,* 2023/03,1494.0,M2500 建材營造,M25A 建設,-0.32525201430790907,-0.1307
2534,宏盛,* 2023/03,665.0,M2500 建材營造,M25A 建設,1.0711349196461941,0.2489
2542,興富發,* 2023/03,2762.0,M2500 建材營造,M25A 建設,-0.013451633412628625,0.3987
2545,皇翔,* 2023/03,420.0,M2500 建材營造,M25A 建設,1.0153550863723608,-0.5161
2547,日勝生,* 2023/02,363.0,M2500 建材營造,M25A 建設,-0.06416767640310395,-0.0642
2548,華固,* 2023/03,617.0,M2500 建材營造,M25A 建設,-0.21384248818215415,-0.393
2601,益航,* 2023/03,493.0,M2900 貿易百貨,M26A1 散裝輪,0.1275787932848451,-0.1139
2603,長榮,* 2023/03,38476.0,M2600 航運業,M26A2 貨櫃輪,1.0597231932454612,-0.3442
2605,新興,* 2023/03,292.0,M2600 航運業,M26A1 散裝輪,-0.07024135515506592,-0.0589
2606,裕民,* 2023/03,954.0,M2600 航運業,M26A1 散裝輪,0.08539832070448489,-0.2158
2609,陽明,* 2023/02,27048.0,M2600 航運業,M26A2 貨櫃輪,1.3918185797471827,1.3918
2610,華航,* 2023/03,11586.0,M2600 航運業,M26D 空運業,-0.08563726016326897,-0.0583
2615,萬海,* 2023/03,15975.0,M2600 航運業,M26A2 貨櫃輪,1.1848723405419304,-0.3429
2618,長榮航,* 2023/03,10693.0,M2600 航運業,M26D 空運業,-0.16999919274213085,-0.005
2633,台灣高鐵,* 2023/03,3562.0,M2600 航運業,M26B2 鐵路運輸,-0.04491218662019037,0.1055
2634,漢翔,* 2023/03,2567.0,M2600 航運業,M22B3 航空器製造,-0.19571381573794122,0.0809
2801,彰銀,* 2023/03,2948.0,M2800 金融業,M28A 本國銀行,-0.01209744981736534,0.0446
2809,京城銀,* 2023/03,472.0,M2800 金融業,M28A 本國銀行,-0.5544689968944979,-2.3564
2812,台中銀,* 2023/03,1211.0,M2800 金融業,M28A 本國銀行,-0.08720886409889202,-0.0428
2834,臺企銀,* 2023/03,2395.0,M2800 金融業,M28A 本國銀行,-0.03020732102364752,0.1688
2845,遠東銀,* 2023/02,827.0,M2800 金融業,M28A 本國銀行,-0.13296918738139923,-0.133
2880,華南金,* 2023/02,3646.0,M2800 金融業,M28L 金融控股,-0.1975402385369965,-0.1975
2881,富邦金,* 2023/03,21110.0,M2800 金融業,M28L 金融控股,1.8402860468088826,-0.3294
2882,國泰金,* 2023/03,33854.0,M2800 金融業,M28L 金融控股,1.5498806179246347,-0.3316
2883,開發金,* 2023/02,8824.0,M2800 金融業,M28L 金融控股,2.8633129747597468,2.8633
2884,玉山金,* 2023/03,4644.0,M2800 金融業,M28L 金融控股,0.28512722593499645,-0.0082
2885,元大金,* 2023/02,7154.0,M2800 金融業,M28L 金融控股,-0.02877692958293344,-0.0288
2886,兆豐金,* 2023/02,4592.0,M2800 金融業,M28L 金融控股,-0.1983828001438442,-0.1984
2887,台新金,* 2023/02,4790.0,M2800 金融業,M28L 金融控股,-0.2416134160011653,-0.2416
2888,新光金,* 2023/02,8301.0,M2800 金融業,M28L 金融控股,1.5083778793766678,1.5084
2890,永豐金,* 2023/03,3688.0,M2800 金融業,M28L 金融控股,-0.07324807952777863,-0.1755
2891,中信金,* 2023/02,13490.0,M2800 金融業,M28L 金融控股,0.7745423548663766,0.7745
2892,第一金,* 2023/02,4813.0,M2800 金融業,M28L 金融控股,-0.17049706408009285,-0.1705
2903,遠百,* 2023/03,3086.0,M2900 貿易百貨,M29A1 百貨購物中,0.24072771132777163,-0.0091
2913,農林,* 2023/03,28.0,M2900 貿易百貨,M29B 貿易業,-0.07925024662939822,-0.0234
2915,潤泰全,* 2023/03,195.0,M2900 貿易百貨,M29A2 量販,-0.01145696035688934,-0.0616
3006,晶豪科,* 2023/03,1318.0,M2324 半導體,M23G5 IC設計,0.4811485081755352,-0.2762
3008,大立光,* 2023/03,3784.0,M2326 光電業,M23U1 光學鏡頭,0.4750481417667833,0.0074
3017,奇鋐,* 2023/03,4198.0,M2325 電腦及週邊,M23D9B 散熱零組件,-0.01407259882759659,0.0014
3019,亞光,* 2023/03,1462.0,M2326 光電業,M23U1 光學鏡頭,0.2061810591622735,-0.1719
3022,威強電,* 2023/03,669.0,M2325 電腦及週邊,M23B5B 工業電腦,-0.07448397985722986,0.4341
3034,聯詠,* 2023/03,7774.0,M2324 半導體,M23G5 IC設計,0.01734618429748283,-0.3766
3035,智原,* 2023/03,1030.0,M2324 半導體,M23G5 IC設計,-0.04386168484567185,-0.068
3036,文曄,* 2023/02,30622.0,M2329 電子通路業,M23T2 零組件代理,-0.046610301415856294,-0.0466
3037,欣興,* 2023/02,9061.0,M2328 電子零組件,M23B2D 硬板及其他,0.12254315925097711,0.1225
3041,揚智,* 2023/03,191.0,M2324 半導體,M23G5 IC設計,0.15379968587652537,-0.2817
3042,晶技,* 2023/03,943.0,M2328 電子零組件,M23D6 石英元件,0.16114415179835742,-0.1721
3044,健鼎,* 2023/03,4924.0,M2328 電子零組件,M23B2D 硬板及其他,0.060322532715170775,-0.1158
3045,台灣大,* 2023/03,13402.0,M2327 通信網路業,M23K3 電信及IDC,-0.024278729247175897,0.002
3060,銘異,* 2023/03,267.0,M2325 電腦及週邊,M23C4B 硬碟磁碟,0.483250930503861,-0.2912
3062,建漢,* 2023/03,456.0,M2327 通信網路業,M23E2 網路卡,0.38610249863213564,0.8705
3078,僑威,* 2023/03,562.0,M2328 電子零組件,M23D3 電源供應器,-0.23030568642489313,0.0451
3081,聯亞,* 2023/03,207.0,M2327 通信網路業,M23G3A 化合物SEMI,1.1805540924892024,0.2154
3105,穩懋,* 2023/03,1293.0,M2324 半導體,M23G3A 化合物SEMI,0.5076079986008278,-0.3004
3149,正達,* 2023/03,174.0,M2326 光電業,M23C8E 觸控面板,0.5671440151310456,0.0943
3152,璟德,* 2023/03,122.0,M2327 通信網路業,M23D5 被動元件,0.16124119550732913,-0.1291
3189,景碩,* 2023/03,3038.0,M2324 半導體,M23B2A IC載板,0.43994691439946904,-0.1888
3211,順達,* 2023/03,1603.0,M2325 電腦及週邊,M23D7 二次電池,0.4677605435200614,-0.0559
3227,原相,* 2023/03,412.0,M2324 半導體,M23G5 IC設計,0.15289903738526972,-0.1697
3231,緯創,* 2023/03,75280.0,M2325 電腦及週邊,M23A1 EMS,0.21288636988329676,-0.2064
3260,威剛,* 2023/03,2999.0,M2324 半導體,M23G3B 記憶體模組,0.2029490100439624,-0.0785
3264,欣銓,* 2023/03,1079.0,M2324 半導體,M23G2 IC封測,0.022332130032309043,-0.0253
3293,鈊象,* 2023/03,1015.0,M3200 文化創意業,M23X2 遊戲軟體,-0.04137663981261978,0.0023
3324,雙鴻,* 2023/03,1113.0,M2331 其他電子業,M23D9B 散熱零組件,0.12511751564348025,-0.1651
3374,精材,* 2023/03,514.0,M2324 半導體,M23G2 IC封測,0.24784540312204115,-0.227
3376,新日興,* 2023/02,649.0,M2328 電子零組件,M23D9A 沖壓零組件,0.24174878025447247,0.2417
3380,明泰,* 2023/03,2815.0,M2327 通信網路業,M23E2 網路卡,0.1782038564725874,-0.0215
3406,玉晶光,* 2023/03,1020.0,M2326 光電業,M23U1 光學鏡頭,0.09988461994673108,-0.1746
3443,創意,* 2023/03,2064.0,M2324 半導體,M23G5 IC設計,-0.08218532385873487,0.3695
3454,晶睿,* 2023/02,677.0,M2326 光電業,M23C9 安全監控,-0.2192545437771012,-0.2193
3481,群創,* 2023/02,17980.0,M2326 光電業,M23C8A LCD 面板,0.16047916559095365,0.1605
3504,揚明光,* 2023/02,281.0,M2326 光電業,M23CZ1 投影裝置,0.35083165080280737,0.3508
3529,力旺,* 2023/03,79.0,M2324 半導體,M23G5 IC設計,-0.6298725637181409,0.3823
3532,台勝科,* 2023/03,1344.0,M2324 半導體,M23G3C 晶圓材料,0.051116811612338026,0.0304
3533,嘉澤,* 2023/03,2020.0,M2328 電子零組件,M23D2 連接器,0.09709866284311487,-0.1599
3552,同致,* 2023/03,698.0,M2331 其他電子業,M15D 汽車組件,0.024767665497041687,-0.1169
3576,聯合再生,* 2023/03,1795.0,M2326 光電業,M23C7C 太陽能電池,0.12159460134966252,0.0868
3653,健策,* 2023/03,988.0,M2328 電子零組件,M23D9B 散熱零組件,0.0834164903007907,0.0509
3673,TPK-KY,* 2023/03,7715.0,M2326 光電業,M23C8E 觸控面板,0.43790094418745085,-0.2692
3682,亞太電,* 2023/03,1033.0,M2327 通信網路業,M23K3 電信及IDC,0.055190659570773334,-0.0543
3691,碩禾,* 2023/03,452.0,M2326 光電業,M23C7F 其他太陽能,0.9781181619256017,-0.0982
3702,大聯大,* 2023/03,63822.0,M2329 電子通路業,M23T2 零組件代理,0.4090704466781134,-0.2027
3705,永信,* 2023/02,445.0,M1722 生技醫療,M17C1 西藥,-0.05943523841731486,-0.0594
3706,神達,* 2023/03,3816.0,M2325 電腦及週邊,M23A1 EMS,0.6487718464429996,-0.1061
3711,日月光投控,* 2023/02,47560.0,M2324 半導體,M23G2 IC封測,0.18945883374511718,0.1895
3714,富采,* 2023/03,2314.0,M2326 光電業,M23C6B 磊晶及晶粒,0.580126191581765,-0.2171
4105,東洋,* 2023/03,403.0,M1722 生技醫療,M17C1 西藥,0.18574749168799834,0.0974
4123,晟德,* 2023/02,46.0,M1722 生技醫療,M17C1 西藥,-0.6247960848287112,-0.6248
4128,中天,* 2023/03,141.0,M1722 生技醫療,M17C1 西藥,0.33623957543593636,0.0625
4162,智擎,* 2023/03,39.0,M1722 生技醫療,M17C1 西藥,0.9364448857994041,-0.7057
4164,承業醫,* 2023/03,220.0,M1722 生技醫療,M17G 醫療耗材,0.10870332107040262,-0.0249
4401,東隆興,* 2023/03,344.0,M1400 紡織纖維,M14A7 尼龍絲,0.7524197656647986,-0.2501
4532,瑞智,* 2023/03,1685.0,M1500 電機機械,M15C1 家電,0.2798505195357599,-0.1352
4736,泰博,* 2023/03,701.0,M1722 生技醫療,M17G 醫療耗材,0.5932542388290376,0.2373
4904,遠傳,* 2023/03,7080.0,M2327 通信網路業,M23K3 電信及IDC,-0.011443794715413104,-0.004
4919,新唐,* 2023/02,2941.0,M2324 半導體,M23G5 IC設計,-0.011651157554433144,-0.0117
4938,和碩,* 2023/03,86518.0,M2325 電腦及週邊,M23A1 EMS,-0.06218978760470664,-0.2513
4958,臻鼎-KY,* 2023/03,9666.0,M2328 電子零組件,M23B2C 軟板,-0.02794580390571491,-0.2852
4960,誠美材,* 2023/03,798.0,M2326 光電業,M23C8C LCD 原料,0.37247820029926226,-0.1634
5007,三星,* 2023/03,659.0,M2000 鋼鐵工業,M20A1 線材,0.2629117878154885,-0.0786
5009,榮剛,* 2023/02,775.0,M2000 鋼鐵工業,M20A6 不鏽鋼,-0.26874374893849895,-0.2687
5203,訊連,* 2023/02,124.0,M2330 資訊服務業,M23X9 應用軟體,-0.1406195855568646,-0.1406
5269,祥碩,* 2023/03,454.0,M2324 半導體,M23G5 IC設計,0.17763021373728996,-0.06
5274,信驊,* 2023/03,371.0,M2324 半導體,M23G5 IC設計,0.6628568867374837,-0.1431
5306,桂盟,* 2023/03,562.0,M9900 其他,M15E 自行車組件,0.32235294117647056,-0.1792
5347,世界,* 2023/02,3726.0,M2324 半導體,M23G1A 晶圓代工,0.499909425759314,0.4999
5371,中光電,* 2023/02,3292.0,M2326 光電業,M23C8B 背光模組,0.05159928061920421,0.0516
5388,中磊,* 2023/03,4720.0,M2327 通信網路業,M23E2 網路卡,-0.12513530746304066,-0.0149
5425,台半,* 2023/02,1034.0,M2324 半導體,M23D1 整流二極體,-0.08083986701512974,-0.0808
5457,宣德,* 2023/03,1177.0,M2328 電子零組件,M23D2 連接器,0.09592357399579134,-0.2932
5471,松翰,* 2023/03,264.0,M2324 半導體,M23G5 IC設計,0.5033312453732702,-0.3162
5478,智冠,* 2023/03,538.0,M3200 文化創意業,M23X2 遊戲軟體,0.08542145825767658,0.1794
5483,中美晶,* 2023/03,7369.0,M2324 半導體,M23G3C 晶圓材料,0.09462757558337302,0.1019
5512,力麒,* 2023/03,655.0,M2500 建材營造,M25A 建設,0.7275484636687328,0.3003
5534,長虹,* 2023/03,727.0,M2500 建材營造,M25A 建設,8.020970343715101,0.1602
5871,中租-KY,* 2023/03,7092.0,M9900 其他,M28K 租賃業,-0.026051608827608912,-0.0306
5880,合庫金,* 2023/02,3716.0,M2800 金融業,M28L 金融控股,-0.12847898944840422,-0.1285
6005,群益證,* 2023/02,707.0,M2800 金融業,M30A 證券,-0.22496766130977178,-0.225
6116,彩晶,* 2023/02,1293.0,M2326 光電業,M23C8A LCD 面板,0.6867124109681964,0.6867
6121,新普,* 2023/03,6988.0,M2325 電腦及週邊,M23D7 二次電池,0.09797217674398141,-0.1429
6146,耕興,* 2023/03,400.0,M2331 其他電子業,M23Z 其他電子,-0.02458056964494729,-0.0253
6147,頎邦,* 2023/03,1839.0,M2324 半導體,M23G2 IC封測,0.3100156717481123,-0.2303
6153,嘉聯益,* 2023/03,1064.0,M2328 電子零組件,M23B2C 軟板,0.9316304485957554,-0.1497
6173,信昌電,* 2023/02,327.0,M2328 電子零組件,M23D5 被動元件,0.14467742500087508,0.1447
6176,瑞儀,* 2023/02,3706.0,M2326 光電業,M23C8B 背光模組,0.2954463627179905,0.2954
6182,合晶,* 2023/02,950.0,M2324 半導體,M23G3C 晶圓材料,0.06265170751350685,0.0627
6206,飛捷,* 2023/02,374.0,M2325 電腦及週邊,M23B5A POS,0.5336668580332977,0.5337
6213,聯茂,* 2023/03,2501.0,M2328 電子零組件,M23B3A 銅箔基板,0.21213589880288847,-0.0929
6214,精誠,* 2023/03,2779.0,M2330 資訊服務業,M23X1 系統整合,0.08300013250091583,-0.0131
6239,力成,* 2023/03,6388.0,M2324 半導體,M23G2 IC封測,0.22466507672369504,-0.1011
6244,茂迪,* 2023/03,459.0,M2326 光電業,M23C7C 太陽能電池,-0.043909348441926316,0.2136
6257,矽格,* 2023/03,1371.0,M2324 半導體,M23G2 IC封測,0.17220564471310468,-0.2082
6269,台郡,* 2023/03,2453.0,M2328 電子零組件,M23B2C 軟板,-0.02208579173975446,-0.2792
6271,同欣電,* 2023/02,985.0,M2324 半導體,M23G2 IC封測,0.02477137714707804,0.0248
6274,台燿,* 2023/03,1548.0,M2328 電子零組件,M23B3A 銅箔基板,0.23315170633782628,-0.1085
6278,台表科,* 2023/03,4482.0,M2326 光電業,M23B2B PCB 組裝,0.5235725430608104,-0.2553
6279,胡連,* 2023/03,533.0,M2328 電子零組件,M15D 汽車組件,0.05709922452946197,0.183
6282,康舒,* 2023/03,2177.0,M2328 電子零組件,M23D3 電源供應器,0.3857415658816041,-0.0681
6285,啟碁,* 2023/02,5641.0,M2327 通信網路業,M23K2 衛星微波,-0.31721157000185185,-0.3172
6414,樺漢,* 2023/03,8989.0,M2325 電腦及週邊,M23B5B 工業電腦,-0.055923087506445895,-0.06
6462,神盾,* 2023/03,332.0,M2324 半導體,M23G5 IC設計,0.03711108334374608,-0.1805
6488,環球晶,* 2023/03,6463.0,M2324 半導體,M23G3C 晶圓材料,0.08055601068685438,0.1271
6504,南六,* 2023/03,498.0,M9900 其他,M14F 不織布,0.11709286675639297,0.0267
6510,精測,* 2023/03,331.0,M2324 半導體,M23B2D 硬板及其他,0.484304932735426,0.0223
6547,高端疫苗,* 2023/03,44.0,M1722 生技醫療,M17C1 西藥,inf,-0.499
6605,帝寶,* 2023/02,1207.0,M2200 汽車工業,M15D 汽車組件,-0.21370127162810088,-0.2137
6669,緯穎,* 2023/03,22653.0,M2325 電腦及週邊,M23A2 泛用電腦,-0.01485780388046791,-0.0671
8039,台虹,* 2023/03,624.0,M2328 電子零組件,M23B3C FCCL,0.44692296990214725,-0.2355
8044,網家,* 2023/03,3552.0,M3400 電子商務,M23K4 電商及XaaS,0.07408527366192924,-0.0498
8046,南電,* 2023/03,4743.0,M2328 電子零組件,M23B2A IC載板,0.15416062372854972,-0.088
8069,元太,* 2023/03,2428.0,M2326 光電業,M23C8A LCD 面板,0.03491340911900219,0.0417
8081,致新,* 2023/03,657.0,M2324 半導體,M23G5 IC設計,0.23756781193490056,-0.2992
8086,宏捷科,* 2023/03,159.0,M2324 半導體,M23G3A 化合物SEMI,0.5150071462601238,-0.1277
8150,南茂,* 2023/03,1890.0,M2324 半導體,M23G2 IC封測,0.314956411630059,-0.1976
8163,達方,* 2023/03,2165.0,M2325 電腦及週邊,M23C3 PC週邊,0.1794637117423376,-0.2134
8299,群聯,* 2023/03,5135.0,M2324 半導體,M23G5 IC設計,0.5680011725656287,-0.1951
8358,金居,* 2023/02,605.0,M2328 電子零組件,M23B3X PCB材-其他,0.038483985032098524,0.0385
8422,可寧衛,* 2023/03,510.0,M9900 其他,M99L2 廢棄物處理,0.10006255257651903,0.3293
8436,大江,* 2023/03,644.0,M1722 生技醫療,M17C2 機能性食品,0.14790916544864716,0.1721
8936,國統,* 2023/03,244.0,M9900 其他,M20B 金屬製品,0.5050579817419195,-0.2656
8942,森鉅,* 2023/03,495.0,M9900 其他,M13A8 塑膠加工,-0.02683574166912411,-0.0783
9904,寶成,* 2023/03,24523.0,M9900 其他,M99K 鞋及旅行箱,0.3450976584890127,0.1109
9907,統一實,* 2023/03,3318.0,M9900 其他,M20B 金屬製品,0.0765771465838631,-0.0506
9914,美利達,* 2023/03,3239.0,M9900 其他,M99Z1 自行健行車,0.19980293449794595,-0.0294
9938,百和,* 2023/03,1987.0,M9900 其他,M14Z 其他紡織,0.8580512436880492,0.0832
9939,宏全,* 2023/02,1527.0,M9900 其他,M13B 塑膠製品,-0.20239855000548448,-0.2024
9941,裕融,* 2023/03,3039.0,M9900 其他,M28K 租賃業,-0.039573733811176154,0.0448
9945,潤泰新,* 2023/03,2136.0,M9900 其他,M25A 建設,-0.23112918901407434,-0.0743
